yahoo_symbol,fund_name,Years,CAGR_Yield,Trend_Slope,Trend_R_Squared,Consistency_CV,Max_Consecutive_Increases,Avg_YoY_Growth,Recent_Trend_Slope
08AGG.BO,Nippon India Equity Savings Fund (Existing number of Segregated Portfolios - 2),10,,,,,0,,
08GPG.BO,Nippon India Equity Savings Fund (Existing number of Segregated Portfolios - 2),10,,,,,0,,
08MPD.BO,Nippon India Equity Savings Fund (Existing number of Segregated Portfolios - 2),10,,,,,0,,
0P00005UMK.BO,ICICI Prudential Gilt Fund,10,,0.44163636363636366,0.15981564770136722,127.89553580558042,2,,-3.93
0P00005UML.BO,ICICI Prudential Gilt Fund,10,,0.0,,,0,,0.0
0P00005UMR.BO,ICICI Prudential Large & Mid Cap Fund,10,,0.0,,,0,,0.0
0P00005UMS.BO,ICICI Prudential Large & Mid Cap Fund,10,,0.41648484848484846,0.07457819679863785,65.79250934351965,2,,-4.585
0P00005UMW.BO,ICICI Prudential Long Term Fund,10,,0.0,,,0,,0.0
0P00005UMX.BO,ICICI Prudential Long Term Fund,10,,0.09866666666666668,0.009997797483687353,64.38656032141243,3,inf,-2.6450000000000005
0P00005UMY.BO,ICICI Prudential Conservative Hybrid Fund,10,,0.0,,,0,,0.0
0P00005UMZ.BO,ICICI Prudential Conservative Hybrid Fund,10,23.995194849729117,0.3296363636363636,0.051030220126760145,58.17205189234075,1,270.19271580086667,-5.3100000000000005
0P00005UN0.BO,ICICI Prudential Nifty 50 Index Fund,10,,0.0,,,0,,0.0
0P00005UN1.BO,ICICI Prudential Infrastructure Fund,10,,0.40818181818181815,0.09874182575041991,58.28841236633432,4,inf,-4.675
0P00005UN4.BO,ICICI Prudential Infrastructure Fund,10,,0.0,,,0,,0.0
0P00005UN5.BO,ICICI Prudential Dynamic Term Fund,10,19.92582713579123,0.17357575757575758,0.043179429296165,44.00699840538685,3,73.82596198380098,-2.6750000000000003
0P00005UNG.BO,ICICI Prudential Liquid Fund -,10,23.2404870123204,0.3352727272727272,0.24036964633054497,45.38351581100885,4,121.89130709492535,-2.075
0P00005UNH.BO,ICICI Prudential Liquid Fund -,10,,0.0,,,0,,0.0
0P00005UNX.BO,ICICI Prudential Dynamic Asset Allocation Active FOF- Dividend,10,,0.15448484848484836,0.010901187641544876,153.03828076801227,1,,0.0
0P00005UNZ.BO,ICICI Prudential Dynamic Asset Allocation Active FOF,10,,0.0,,,0,,0.0
0P00005UO4.BO,ICICI Prudential Multi Cap Fund,10,,-0.1467272727272727,0.013761836914850284,43.89155145208664,2,2.623669267306574,-4.62
0P00005UO6.BO,ICICI Prudential Multi Cap Fund,10,,0.0,,,0,,0.0
0P00005UO7.BO,ICICI Prudential Exports & Services Fund,10,,0.9590909090909091,0.5468070001855272,51.47675278174356,3,,0.4300000000000006
0P00005UO8.BO,ICICI Prudential Exports & Services Fund,10,,0.0,,,0,,0.0
0P00005UOD.BO,ICICI Prudential Short Term Fund - Div. Option,10,20.807390046225137,0.06375757575757583,0.006159975733779773,44.258212291948546,3,108.75477045420726,-2.4450000000000003
0P00005UOE.BO,ICICI Prudential Short Term Fund,10,,0.0,,,0,,0.0
0P00005UOF.BO,ICICI Prudential Technology Fund,10,,1.012,0.517398254418332,52.5221898543538,4,inf,1.4500000000000002
0P00005UOG.BO,ICICI Prudential Technology Fund,10,,0.0,,,0,,0.0
0P00005UOH.BO,ICICI Prudential Aggressive Hybrid Active FOF - Dividend Option,10,,0.14684848484848495,0.009521140597461163,153.55839203773144,1,,0.0
0P00005UOI.BO,ICICI Prudential Aggressive Hybrid Active FOF,10,,0.0,,,0,,0.0
0P00005UOR.BO,Nippon India Floating Interest Rates Fund,10,24.422291622170356,0.2626666666666667,0.12039948241356828,42.919479020058745,3,115.04228772373978,-2.1799999999999997
0P00005UOT.BO,Nippon India Floating Interest Rates Fund,10,,0.0,,,0,,0.0
0P00005UOU.BO,Nippon India Floating Interest Rates Fund,10,24.227959714008062,0.28278787878787887,0.140618098773531,41.62266328850603,3,108.30498309266116,-2.08
0P00005UP6.BO,Nippon India Growth Mid Cap Fund,10,,0.0,,,0,,0.0
0P00005UP7.BO,Nippon India Growth Mid Cap Fund,10,,-1.0315151515151517,0.41193882620178746,50.1762724560159,2,-6.146777831190284,-4.005
0P00005UP8.BO,Nippon India Growth Mid Cap Fund,10,,0.0,,,0,,0.0
0P00005UPP.BO,Nippon India Liquid Fund,10,,0.0,,,0,,0.0
0P00005UPQ.BO,Nippon India Liquid Fund,10,21.581052887018593,0.28812121212121217,0.18565739041658427,43.75035348885064,3,117.33708247673692,-2.305
0P00005UPT.BO,Nippon India Liquid Fund,10,,0.0,,,0,,0.0
0P00005UPU.BO,Nippon India Liquid Fund,10,30.084458580389573,0.3866060606060607,0.42245130915537177,41.659833776360685,3,122.91772294868503,-1.2800000000000002
0P00005UPW.BO,Nippon India Liquid Fund,10,16.130312485035248,0.33999999999999997,0.3712362552666733,37.8555748977329,2,41.66606279575913,-1.2650000000000001
0P00005UPZ.BO,Nippon India Money Market Fund,10,,0.0,,,0,,0.0
0P00005UQ0.BO,Nippon India Money Market Fund,10,26.82238957472114,0.31254545454545457,0.22685842688072153,39.52167849842934,3,133.76294909785025,-1.8949999999999998
0P00005UQ5.BO,Nippon India Conservative Hybrid Fund (Existing number of Segregated Portfolios - 1),10,,0.0,,,0,,0.0
0P00005UQ6.BO,Nippon India Conservative Hybrid Fund (Existing number of Segregated Portfolios - 1),10,12.65492485367028,0.45648484848484855,0.192487920744263,71.5634238794594,3,inf,-0.9450000000000001
0P00005UQ7.BO,Nippon India Conservative Hybrid Fund (Existing number of Segregated Portfolios - 1),10,22.78128256944223,0.31763636363636366,0.09656209070188801,62.61431400909196,1,inf,-0.9850000000000001
0P00005UQ8.BO,Nippon India Corporate Bond Fund,10,,0.0,,,0,,0.0
0P00005UQ9.BO,Nippon India Corporate Bond Fund,10,,0.0,,,0,,0.0
0P00005UQA.BO,Nippon India Corporate Bond Fund,10,20.685924443785254,0.2819393939393939,0.149555848699551,42.26929778584989,3,85.7373533508586,-2.29
0P00005UQB.BO,Nippon India Corporate Bond Fund,10,14.416542867035954,0.23260606060606065,0.11211577767862843,39.986564062455535,3,46.89801580208591,-1.8649999999999998
0P00005UQC.BO,Nippon India Dynamic Term Fund,10,,0.0,,,0,,0.0
0P00005UQD.BO,Nippon India Dynamic Term Fund,10,,0.0,,,0,,0.0
0P00005UQE.BO,Nippon India Pharma Fund,10,,0.0,,,0,,0.0
0P00005UQF.BO,Nippon India Pharma Fund,10,,-0.2383030303030302,0.013164146445719012,80.53028072915743,1,inf,-4.49
0P00005UQG.BO,Nippon India Pharma Fund,10,,0.0,,,0,,0.0
0P00005UQK.BO,Nippon India ELSS Tax Saver Fund,10,,0.2984848484848484,0.07613345440422124,86.57411064000145,2,,-3.7899999999999996
0P00005UQM.BO,Nippon India ELSS Tax Saver Fund,10,,0.0,,,0,,0.0
0P00005UQN.BO,Nippon India Vision Large & Mid Cap Fund,10,,0.0,,,0,,0.0
0P00005UQO.BO,Nippon India Vision Large & Mid Cap Fund,10,,-0.0023030303030302595,2.9574194354296657e-06,58.42252770002817,2,inf,-4.57
0P00005UQP.BO,Nippon India Vision Large & Mid Cap Fund,10,,0.0,,,0,,0.0
0P00005UQU.BO,SBI ESG Exclusionary Strategy Fund,10,,-0.5994545454545456,0.2727272727272727,300.0,0,,0.0
0P00005UQV.BO,SBI GILT FUND,10,,0.0,,,0,,0.0
0P00005UQW.BO,SBI GILT FUND,10,,-0.2752121212121212,0.44362233599547424,168.82334647510382,1,,0.0
0P00005UQY.BO,SBI GILT FUND,10,,-0.2726666666666667,0.44293189079476614,168.83316811067053,1,,0.0
0P00005UR0.BO,SBI GILT FUND,10,,-0.2793333333333334,0.44484287103946984,168.7162410225954,1,,0.0
0P00005UR1.BO,SBI GILT FUND,10,,0.0,,,0,,0.0
0P00005UR3.BO,SBI GILT FUND,10,,0.0,,,0,,0.0
0P00005UR4.BO,SBI GILT FUND,10,,-0.3016969696969697,0.3028436142210432,141.60674001019112,2,,0.0
0P00005UR5.BO,SBI 10 YEAR CONSTANT MATURITY GILT FUND,10,,0.0,,,0,,0.0
0P00005UR6.BO,SBI 10 YEAR CONSTANT MATURITY GILT FUND,10,,-0.21745454545454548,0.3039744038734202,191.36180113473046,2,,0.0
0P00005UR7.BO,SBI MNC FUND,10,,0.0,,,0,,0.0
0P00005UR8.BO,SBI MNC FUND,10,,0.0,,,0,,0.0
0P00005UR9.BO,SBI CREDIT RISK FUND,10,,-0.23793939393939395,0.4203263352918688,170.02325849341932,2,,0.0
0P00005URA.BO,SBI CREDIT RISK FUND,10,,0.0,,,0,,0.0
0P00005URN.BO,SBI NIFTY INDEX FUND,10,,0.0,,,0,,0.0
0P00005URO.BO,SBI NIFTY INDEX FUND,10,,0.0,,,0,,0.0
0P00005URR.BO,SBI OVERNIGHT FUND,10,,-0.31375757575757574,0.3098078104294007,191.15761507478953,1,,0.0
0P00005URS.BO,SBI OVERNIGHT FUND,10,,0.0,,,0,,0.0
0P00005URU.BO,SBI LIQUID FUND,10,,0.0,,,0,,0.0
0P00005URX.BO,SBI MIDCAP FUND,10,,-0.2918181818181818,0.27272727272727293,299.99999999999994,0,,0.0
0P00005URY.BO,SBI MIDCAP FUND,10,,0.0,,,0,,0.0
0P00005URZ.BO,SBI CONSERVATIVE HYBRID FUND,10,,-0.38496969696969696,0.4848484848484849,200.0,0,,0.0
0P00005US0.BO,SBI MULTI ASSET ALLOCATION FUND,10,,-0.35575757575757583,0.4845137662379446,200.00092806175692,1,,0.0
0P00005US1.BO,SBI MULTI ASSET ALLOCATION FUND,10,,0.0,,,0,,0.0
0P00005US2.BO,SBI MULTI ASSET ALLOCATION FUND,10,,-0.23024242424242428,0.25889077747859907,201.50894028216467,2,,0.0
0P00005US3.BO,SBI MULTI ASSET ALLOCATION FUND,10,,-0.2390303030303031,0.20982354634762676,214.73231302352858,2,,0.0
0P00005US4.BO,SBI CONSERVATIVE HYBRID FUND,10,,0.0,,,0,,0.0
0P00005US5.BO,SBI CONSERVATIVE HYBRID FUND,10,35.705137772906824,0.25793939393939397,0.10237339645944683,134.467690580759,2,,1.795
0P00005US6.BO,SBI CONSERVATIVE HYBRID FUND,10,,-0.3081818181818182,0.35014698611136347,180.88530292107882,2,,0.0
0P00005US7.BO,SBI FLEXICAP FUND,10,,0.0,,,0,,0.0
0P00005US8.BO,SBI FLEXICAP FUND,10,,0.0,,,0,,0.0
0P00005USB.BO,SBI DYNAMIC TERM FUND,10,,-0.29496969696969705,0.36324865102987075,178.6189939241236,2,,0.0
0P00005USC.BO,SBI DYNAMIC TERM FUND,10,,0.0,,,0,,0.0
0P00005USF.BO,SBI FOCUSED FUND,10,,0.0,,,0,,0.0
0P00005USG.BO,SBI FOCUSED FUND,10,,0.0,,,0,,0.0
0P00005USI.BO,SBI TECHNOLOGY OPPORTUNITIES FUND,10,,-0.8803636363636366,0.2727272727272728,299.99999999999994,0,,0.0
0P00005USJ.BO,SBI HEALTHCARE OPPORTUNITIES FUND,10,,0.0,,,0,,0.0
0P00005USK.BO,SBI HEALTHCARE OPPORTUNITIES FUND,10,,-0.9327272727272727,0.2727272727272726,300.0,0,,0.0
0P00005USL.BO,SBI ELSS Tax Saver Fund,10,,-0.5916363636363636,0.12950913553464546,124.46129188865133,2,,0.0
0P00005UTA.BO,Sundaram Corporate Bond Fund,10,,0.0,,,0,,0.0
0P00005UTD.BO,Sundaram Corporate Bond Fund,10,,0.21339393939393944,0.06999786852017728,103.74756781860819,2,69.14359670011498,-0.8049999999999999
0P00005UU5.BO,Sundaram Consumption Fund (Formerly Known as Sundaram Rural and Consumption Fund),10,13.971838723924934,0.4633333333333333,0.20938837365515908,43.24659799817463,2,inf,-0.7250000000000001
0P00005UU6.BO,Sundaram Consumption Fund (Formerly Known as Sundaram Rural and Consumption Fund),10,,0.0,,,0,,0.0
0P00005UUI.BO,Sundaram Mid Cap Fund,10,0.21998069189583802,0.264969696969697,0.105064236304981,34.86764513118341,2,inf,-0.6349999999999998
0P00005UUJ.BO,Sundaram Mid Cap Fund,10,,0.0,,,0,,0.0
0P00005UUK.BO,Sundaram Small Cap Fund,10,1.0903659374283725,0.2713333333333333,0.045954257010522276,50.27694591616167,2,inf,-0.9349999999999996
0P00005UUL.BO,Sundaram Small Cap Fund,10,,0.0,,,0,,0.0
0P00005UUM.BO,Sundaram Value Fund,10,,-0.5230303030303031,0.1372124767708289,60.42338844002001,2,31.98151689920339,-1.585
0P00005UUN.BO,Sundaram Value Fund,10,,0.0,,,0,,0.0
0P00005UVO.BO,Tata Liquid Fund,10,,0.0,,,0,,0.0
0P00005UW7.BO,Tata Gilt Fund,10,,-0.15054545454545454,0.2583075287701622,201.61072823467015,2,,0.0
0P00005UW8.BO,Tata Gilt Fund,10,,0.0,,,0,,0.0
0P00005UWK.BO,Tata Money Market Fund,10,,0.0,,,0,,0.0
0P00005UWW.BO,Tata Large Cap Fund,10,,0.4832727272727273,0.2727272727272727,300.00000000000006,1,,4.43
0P00005UWX.BO,Tata Large Cap Fund,10,,0.0,,,0,,0.0
0P00005UX3.BO,Tata ELSS - Tax Saver Fund,10,,-0.9679393939393941,0.32006227888090877,68.97203255115964,2,inf,-1.9799999999999998
0P00005UX7.BO,Franklin India Retirement Fund,10,,0.19012121212121214,0.027393882561642408,52.613107475338126,5,inf,-4.47
0P00005UX8.BO,Franklin India Retirement Fund,10,,0.0,,,0,,0.0
0P00005UXI.BO,Franklin India Liquid Fund,10,,0.0,,,0,,0.0
0P00005UXL.BO,Franklin India Liquid Fund- Institution,10,37.63352786696406,0.35357575757575754,0.3004589076211165,44.580134454687446,3,283.32520888229215,-1.6599999999999997
0P00005UXN.BO,Franklin India Liquid Fund,10,,0.0,,,0,,0.0
0P00005UXO.BO,Franklin India Liquid Fund,10,35.67637589476777,0.30793939393939396,0.2287238687706006,43.10006908351835,3,281.1388512230601,-1.7650000000000001
0P00005UXP.BO,Franklin India Liquid Fund,10,36.94891400940499,0.3367272727272727,0.2952047762887641,45.111419832509256,3,273.20574860943134,-1.5700000000000003
0P00005UY1.BO,UTI Conservative Hybrid Fund,10,,0.0,,,0,,0.0
0P00005UY2.BO,UTI Conservative Hybrid Fund,10,,-0.12096969696969698,0.031608295328953775,54.408493594086046,4,6.297817731693016,-1.65
0P00005UY3.BO,UTI Conservative Hybrid Fund,10,23.203696432040168,0.20836363636363633,0.11406535927125051,38.15749051941532,1,119.28486151187882,-1.615
0P00005UYB.BO,UTI Children's Hybrid Fund,10,,0.0,,,0,,0.0
0P00005UYC.BO,UTI Children's Equity Fund,10,,0.0,,,0,,0.0
0P00005UYD.BO,UTI Children's Equity Fund,10,,0.0,,,0,,0.0
0P00005UYE.BO,UTI - Dividend Yield Fund,10,,-0.6616969696969698,0.6168144793600376,69.02349218740522,1,,-1.315
0P00005UYF.BO,UTI - Dividend Yield Fund,10,,0.0,,,0,,0.0
0P00005UYI.BO,UTI - Flexi Cap Fund.,10,,-0.2532727272727273,0.2698101045902573,100.10795312035366,2,,0.0
0P00005UYJ.BO,UTI - Flexi Cap Fund.,10,,0.0,,,0,,0.0
0P00005UYK.BO,UTI ELSS Tax Saver Fund,10,,-0.3604848484848485,0.0927934384987463,202.80625319853937,1,,0.0
0P00005UYL.BO,UTI ELSS Tax Saver Fund,10,,0.0,,,0,,0.0
0P00005UYU.BO,UTI - Overnight Fund,10,,-0.29969696969696974,0.7774629945575102,102.01347104184752,1,,0.0
0P00005UYV.BO,UTI - Overnight Fund,10,,0.0,,,0,,0.0
0P00005UYZ.BO,UTI - Healthcare Fund,10,,0.0,,,0,,0.0
0P00005UZ0.BO,UTI - Healthcare Fund,10,,0.0,,,0,,0.0
0P00005UZE.BO,UTI - Large Cap Fund,10,,-0.29424242424242425,0.09685630236132918,97.36879770916416,2,,-1.465
0P00005UZF.BO,UTI - Large Cap Fund,10,,0.0,,,0,,0.0
0P00005UZG.BO,UTI - MNC Fund,10,,-0.10030303030303032,0.08417508417508422,299.99999999999994,1,,0.0
0P00005UZH.BO,UTI - MNC Fund,10,,0.0,,,0,,0.0
0P00005UZJ.BO,UTI - Money Market Fund,10,,0.0,,,0,,0.0
0P00005UZN.BO,UTI Retirement Fund,10,,0.0,,,0,,0.0
0P00005UZT.BO,UTI - Banking and Financial Services Fund,10,,0.0,,,0,,0.0
0P00005UZU.BO,UTI - Banking and Financial Services Fund,10,,0.0,,,0,,0.0
0P00005UZV.BO,UTI - Infrastructure Fund,10,,0.0,,,0,,0.0
0P00005UZX.BO,UTI - Infrastructure Fund,10,,0.0,,,0,,0.0
0P00005UZZ.BO,UTI - Mid Cap Fund,10,,-0.13581818181818184,0.030303030303030307,299.99999999999994,1,,0.0
0P00005V00.BO,UTI - Mid Cap Fund,10,,0.0,,,0,,0.0
0P00005V08.BO,HDFC Liquid Fund,10,18.71761308830937,0.28321212121212114,0.15913628643639424,46.56710680808816,2,135.43263621925956,-2.3249999999999997
0P00005V09.BO,HDFC Liquid Fund,10,,0.0,,,0,,0.0
0P00005V0I.BO,HDFC Liquid Fund,10,37.186210995327215,0.3458181818181818,0.3009820844195462,42.40104884780015,3,280.17075258220757,-1.7199999999999998
0P00005V0N.BO,HDFC Equity Savings Fund,10,,-0.12024242424242426,0.01894388656337646,42.30084211414158,1,17.5207008872125,-3.4649999999999994
0P00005V0O.BO,HDFC Equity Savings Fund,10,,0.0,,,0,,0.0
0P00005V0P.BO,HDFC Multi Asset Allocation Fund,10,,0.49163636363636365,0.12325204519461022,82.96812845216934,2,,-3.8749999999999996
0P00005V0Q.BO,HDFC Multi Asset Allocation Fund,10,,0.0,,,0,,0.0
0P00005V18.BO,HSBC Flexi Cap Fund,10,,0.0,,,0,,0.0
0P00005V1C.BO,HSBC Conservative Hybrid Fund,10,14.773991560401779,0.34818181818181815,0.1855718467890981,46.72055803928432,3,93.34114748975398,-2.875
0P00005V1D.BO,HSBC Conservative Hybrid Fund,10,,0.0,,,0,,0.0
0P00005V1E.BO,HSBC Conservative Hybrid Fund,10,3.9936934165266003,0.7593939393939395,0.4603328906656894,96.77395042669905,5,,-2.8499999999999996
0P00005V1J.BO,Aditya Birla Sun Life Balanced Advantage Fund,10,20.264787648725946,0.15969696969696975,0.048175233937717644,34.28767392031578,1,100.0275151298717,-1.5799999999999998
0P00005V1K.BO,Aditya Birla Sun Life Balanced Advantage Fund,10,,0.0,,,0,,0.0
0P00005V24.BO,JM Liquid Fund,10,,0.0,,,0,,0.0
0P00005V26.BO,JM Liquid Fund,10,,0.0,,,0,,0.0
0P00005V29.BO,JM Liquid Fund,10,,0.0,,,0,,0.0
0P00005V2C.BO,JM Liquid Fund,10,,0.0,,,0,,0.0
0P00005V2U.BO,Sundaram ELSS Tax Saver Fund,10,,0.0,,,0,,0.0
0P00005V31.BO,BARODA BNP PARIBAS LARGE CAP FUND,10,,0.4310909090909091,0.09067603657014317,67.28794896331343,2,,-4.685
0P00005V32.BO,BARODA BNP PARIBAS LARGE CAP FUND,10,,0.0,,,0,,0.0
0P00005V36.BO,Baroda BNP Paribas Dynamic Term Fund,10,,0.2684242424242425,0.0947462379033552,71.34062235400933,2,inf,-3.495
0P00005V38.BO,Baroda BNP Paribas Dynamic Term Fund,10,,0.10303030303030299,0.016019166417122407,57.70355343167366,3,inf,-3.6349999999999993
0P00005V3J.BO,Baroda BNP Paribas Mid Cap Fund,10,,0.7278181818181818,0.22497790201288423,83.6155262465181,2,,-4.8
0P00005V3M.BO,BARODA BNP PARIBAS CONSERVATIVE HYBRID FUND,10,,0.0,,,0,,0.0
0P00005V3N.BO,BARODA BNP PARIBAS CONSERVATIVE HYBRID FUND,10,22.42678714489992,0.5641818181818182,0.43423726210067815,52.89601685999232,2,77.86925502068796,-2.35
0P00005V3V.BO,Aditya Birla Sun Life Large & Mid Cap Fund,10,,0.11393939393939395,0.01423062342225653,51.548264226744735,4,inf,-4.07
0P00005V3W.BO,Aditya Birla Sun Life Short Term Fund,10,,0.7833939393939392,0.3313191653879818,59.46401133287138,2,inf,-3.0049999999999994
0P00005V41.BO,Aditya Birla Sun Life Liquid Fund,10,22.681983246562897,0.23581818181818182,0.2156013065883649,37.4901636205291,2,106.06796758679009,-1.22
0P00005V43.BO,Aditya Birla Sun Life Liquid Fund,10,,0.0,,,0,,0.0
0P00005V46.BO,Aditya Birla Sun Life Dividend Yield Fund,10,-3.35712227159487,0.1453939393939394,0.045475781231029785,36.058145841436406,2,6.991671160904086,-2.955
0P00005V47.BO,Aditya Birla Sun Life Dividend Yield Fund,10,,0.0,,,0,,0.0
0P00005V53.BO,Aditya Birla Sun Life Consumption Fund,10,-3.7844616804191156,0.1306666666666667,0.02067540895698235,41.82925624694102,4,inf,0.1150000000000002
0P00005V54.BO,Aditya Birla Sun Life Consumption Fund,10,,0.0,,,0,,0.0
0P00005V5E.BO,Aditya Birla Sun Life Nifty 50 Index Fund,10,-16.470320569239373,-0.8697575757575757,0.3740972739842286,140.9887394194577,1,,1.065
0P00005V5G.BO,Aditya Birla Sun Life Infrastructure Fund,10,,0.0,,,0,,0.0
0P00005V5H.BO,Aditya Birla Sun Life Midcap Fund,10,,0.09042424242424241,0.008530670896286225,51.44588374511089,3,inf,-4.005
0P00005V5I.BO,Aditya Birla Sun Life Midcap Fund,10,,0.0,,,0,,0.0
0P00005V5N.BO,Aditya Birla Sun Life Conservative Hybrid Fund,10,,0.12381818181818183,0.03182158633266637,44.4913455076388,2,inf,-2.41
0P00005V5O.BO,Aditya Birla Sun Life Conservative Hybrid Fund,10,,0.0,,,0,,0.0
0P00005V5R.BO,Aditya Birla Sun Life MNC Fund,10,,-0.2123030303030303,0.03386643579329079,100.9316884244684,2,,3.795
0P00005V5S.BO,Aditya Birla Sun Life Aggressive Hybrid Fund,10,,-0.13830303030303032,0.029451461410127323,46.22116898290423,2,7.474349898693813,-2.915
0P00005V5T.BO,Aditya Birla Sun Life MNC Fund,10,,0.0,,,0,,0.0
0P00005V5U.BO,Aditya Birla Sun Life Aggressive Hybrid Fund,10,,0.0,,,0,,0.0
0P00005V5W.BO,Aditya Birla Sun Life ELSS Tax Saver Fund,10,,0.06933333333333327,0.005038846757326599,53.90961015851391,2,inf,-3.63
0P00005V62.BO,Aditya Birla Sun Life Flexi Cap Fund,10,,0.0,,,0,,0.0
0P00005V63.BO,Aditya Birla Sun Life Large Cap Fund,10,,0.0,,,0,,0.0
0P00005V68.BO,Aditya Birla Sun Life Corporate Bond Fund,10,,0.0,,,0,,0.0
0P00005V6A.BO,Aditya Birla Sun Life Corporate Bond Fund,10,14.565330684879928,0.14048484848484843,0.041479745783275436,44.00813133165954,2,144.47685558513942,-2.675
0P00005V6D.BO,Aditya Birla Sun Life Digital India Fund,10,,0.28969696969696973,0.08916902959677775,42.92253815356564,2,inf,-0.21999999999999975
0P00005V6E.BO,Aditya Birla Sun Life Digital India Fund,10,,0.0,,,0,,0.0
0P00005V6J.BO,Aditya Birla Sun Life Focused Fund,10,-5.396791873894147,0.02696969696969701,0.0006675889626051187,44.20044584858091,3,inf,0.030000000000000245
0P00005V6K.BO,Aditya Birla Sun Life Focused Fund,10,,0.0,,,0,,0.0
0P00005V6R.BO,BARODA BNP PARIBAS GILT FUND,10,,-0.3017575757575758,0.09273645665285399,120.54908553772208,3,,0.0
0P00005V6S.BO,BARODA BNP PARIBAS GILT FUND,10,,0.0,,,0,,0.0
0P00005V6U.BO,Baroda BNP Paribas Multi Cap Fund,10,-8.367271440786617,-0.23575757575757578,0.08769501899988234,29.01876667957652,3,2.8198258013967785,-2.66
0P00005V6X.BO,BARODA BNP PARIBAS LIQUID FUND,10,,-0.02321212121212121,0.003367003367003367,300.0,1,,0.0
0P00005V76.BO,Canara Robeco Aggressive Hybrid Fund,10,,0.0,,,0,,0.0
0P00005V77.BO,Canara Robeco Large and Mid Cap Fund,10,,0.0,,,0,,0.0
0P00005V7C.BO,Canara Robeco Conservative Hybrid Fund,10,,0.0,,,0,,0.0
0P00005V7D.BO,Canara Robeco Conservative Hybrid Fund,10,28.564750496893776,0.4261818181818182,0.21080550402761994,36.18522704713331,3,122.65098787595245,-2.0300000000000002
0P00005V7E.BO,Canara Robeco Flexi Cap Fund,10,,0.0,,,0,,0.0
0P00005V7F.BO,Canara Robeco ELSS - Tax Saver Fund,10,,-0.28084848484848485,0.07622237203116378,69.13983469773973,2,inf,-1.25
0P00005V7I.BO,Canara Robeco Gilt Fund,10,,0.0,,,0,,0.0
0P00005V7J.BO,Canara Robeco Gilt Fund,10,,0.16327272727272732,0.0779240105516421,40.05682721150836,3,inf,-1.23
0P00005V7N.BO,Canara Robeco Infrastructure Fund,10,,0.0,,,0,,0.0
0P00005V8E.BO,HSBC Midcap Fund,10,,0.7725454545454545,0.5520245050678432,41.4512710525931,4,inf,-0.46499999999999986
0P00005V8Q.BO,HSBC Corporate Bond Fund,10,,0.0,,,0,,0.0
0P00005V8S.BO,HSBC Corporate Bond Fund,10,,0.2573939393939395,0.08895861132269006,51.7806939197638,4,9.364716629193973,-3.915
0P00005V8T.BO,HSBC Corporate Bond Fund,10,,0.0,,,0,,0.0
0P00005V8U.BO,HSBC Corporate Bond Fund,10,,0.11303030303030293,0.016636215704152343,47.734988633900535,3,28.156601494226656,-3.8399999999999994
0P00005V8V.BO,DSP Aggressive Hybrid Fund,10,16.917346402906162,-0.0049090909090908795,1.8881224673355672e-05,40.34548125059024,2,120.64455314883425,-2.5
0P00005V8W.BO,DSP Aggressive Hybrid Fund,10,,0.0,,,0,,0.0
0P00005V93.BO,DSP Flexi Cap Fund,10,,0.21424242424242415,0.006381815605339301,82.25315034202103,1,,-4.105
0P00005V9G.BO,DSP Credit Risk Fund,10,,1.1513333333333333,0.10249835270823134,132.78402788106382,2,inf,-9.575
0P00005V9H.BO,DSP Credit Risk Fund,10,,0.0,,,0,,0.0
0P00005V9M.BO,DSP Gilt Fund,10,,0.19236363636363632,0.025274659835580405,64.4073382991433,2,inf,-1.0650000000000004
0P00005V9N.BO,DSP Gilt Fund,10,,0.0,,,0,,0.0
0P00005V9O.BO,DSP Gilt Fund,10,,0.05969696969696966,0.0027082433557179112,70.9332239276079,3,inf,-3.8749999999999996
0P00005V9Q.BO,DSP Liquid Fund,10,,0.0,,,0,,0.0
0P00005V9R.BO,DSP Liquid Fund,10,33.083345872635775,0.33490909090909093,0.2477583943742111,43.882606086111494,3,252.54977856805584,-2.095
0P00005V9V.BO,DSP Conservative Hybrid Fund,10,,0.0,,,0,,0.0
0P00005V9W.BO,DSP Large & Mid Cap Fund,10,,0.0,,,0,,0.0
0P00005V9X.BO,DSP Large & Mid Cap Fund,10,,-0.22745454545454558,0.022113638491395665,52.9122773197115,3,inf,-4.3
0P00005V9Y.BO,DSP Conservative Hybrid Fund,10,,0.5084242424242424,0.27664625618225896,51.4253786720516,2,inf,-3.019999999999999
0P00005V9Z.BO,DSP Conservative Hybrid Fund,10,4.251139542406457,0.2102424242424242,0.05747480095058872,39.24110391530287,3,29.481208275646296,-3.0549999999999993
0P00005VA6.BO,DSP Short Term Fund,10,,0.0,,,0,,0.0
0P00005VA7.BO,DSP Short Term Fund,10,,0.040181818181818194,0.0011230246386116406,65.21473722637204,3,17.306444839985588,-3.575
0P00005VA8.BO,DSP Short Term Fund,10,,0.26248484848484854,0.10507679745874693,50.63856084220751,3,inf,-2.9000000000000004
0P00005VAA.BO,DSP Short Term Fund,10,25.99210498948732,0.21381818181818185,0.07768775071539884,46.21245982365599,3,145.4817870136366,-2.5700000000000003
0P00005VAD.BO,DSP Large Cap Fund,10,,0.0944242424242425,0.0028479154728216645,60.04423017727477,2,inf,-8.64
0P00005VAE.BO,DSP Large Cap Fund,10,,0.0,,,0,,0.0
0P00005VAF.BO,PGIM India Large Cap Fund,10,-5.5417616139344705,-0.17599999999999996,0.09420994035198954,20.45951796385859,2,-1.4846911094024675,-2.475
0P00005VAG.BO,PGIM India Large Cap Fund,10,,0.0,,,0,,0.0
0P00005VBE.BO,PGIM India Aggressive Hybrid Equity Fund,10,,-0.22618181818181815,0.0585530458201198,36.359527557823114,2,-4.669514834131332,-4.48
0P00005VBF.BO,PGIM India Aggressive Hybrid Equity Fund,10,,0.0,,,0,,0.0
0P00005VBG.BO,PGIM India Equity Savings Fund,10,,-0.46721212121212125,0.33576198081750314,37.04894261828668,2,-13.017726391339338,-3.48
0P00005VBH.BO,PGIM India Equity Savings Fund,10,,0.0,,,0,,0.0
0P00005VBI.BO,PGIM India Equity Savings Fund,10,19.581317450040192,0.29666666666666675,0.12279538101871564,51.225414230511035,3,inf,-1.37
0P00005VBR.BO,PGIM India Corporate Bond Fund,10,,-0.16327272727272732,0.051008242749452114,36.660399699911004,2,-7.176576146708838,-3.4999999999999996
0P00005VBS.BO,PGIM India Corporate Bond Fund,10,,0.0,,,0,,0.0
0P00005VBT.BO,PGIM India Corporate Bond Fund,10,13.954594820375664,0.308969696969697,0.293448799686923,30.39400477016582,3,32.94824203037447,-1.6300000000000003
0P00005VBU.BO,PGIM India Corporate Bond Fund,10,34.481091686406586,0.5656363636363637,0.6242116697482435,36.22258663829286,4,125.50377541254456,-0.7149999999999999
0P00005VBZ.BO,Quant Aggressive Hybrid Fund,10,,0.0,,,0,,0.0
0P00005VC0.BO,Quant Aggressive Hybrid Fund,10,,0.0,,,0,,0.0
0P00005VC4.BO,Quant Multi Asset Allocation Fund,10,,0.0,,,0,,0.0
0P00005VC5.BO,Quant Multi Asset Allocation Fund,10,,0.0,,,0,,0.0
0P00005VC6.BO,Quant Multi Cap Fund,10,,0.0,,,0,,0.0
0P00005VC9.BO,Quant Small Cap Fund,10,,0.0,,,0,,0.0
0P00005VCB.BO,Quant Small Cap Fund,10,,0.0,,,0,,0.0
0P00005VCC.BO,Quant Multi Cap Fund,10,,0.0,,,0,,0.0
0P00005VCE.BO,Quant Liquid Fund,10,,0.0,,,0,,0.0
0P00005VCF.BO,Quant Liquid Fund,10,,0.6695757575757577,0.5713057846473972,82.88081431636701,5,,-2.105
0P00005VCH.BO,Quant Mid Cap Fund,10,,0.0,,,0,,0.0
0P00005VCJ.BO,Quant ELSS Tax Saver Fund,10,,0.0,,,0,,0.0
0P00005VCK.BO,Quant ELSS Tax Saver Fund,10,,0.0,,,0,,0.0
0P00005VCL.BO,Quant Mid Cap Fund,10,,0.0,,,0,,0.0
0P00005VCS.BO,HSBC ELSS Tax saver Fund,10,,0.0,,,0,,0.0
0P00005VCT.BO,HSBC ELSS Tax saver Fund,10,,0.09606060606060611,0.003804582734375351,50.334249798285,2,2.6572516143289246,-6.295
0P00005VCY.BO,Franklin India Large Cap Fund,10,,-0.012787878787878753,7.937984622176199e-05,50.49102295704684,2,inf,-4.78
0P00005VCZ.BO,Franklin India Large Cap Fund,10,,0.0,,,0,,0.0
0P00005VD0.BO,Franklin India Large & Mid Cap Fund,10,,0.0,,,0,,0.0
0P00005VD1.BO,Franklin India Large & Mid Cap Fund,10,,0.17569696969696966,0.005328985548194539,93.83790522766849,1,inf,-4.325
0P00005VD4.BO,Franklin India NSE Nifty 50 Index Fund,10,,0.6465454545454545,0.6339445293891081,152.8431129023591,2,,-0.0349999999999997
0P00005VD6.BO,Franklin India NSE Nifty 50 Index Fund,10,,0.0,,,0,,0.0
0P00005VD9.BO,Franklin India Opportunities Fund,10,,0.07860606060606051,0.0035453622489271925,52.58443386527757,2,inf,-5.045
0P00005VDA.BO,Franklin India Opportunities Fund,10,,0.0,,,0,,0.0
0P00005VDB.BO,Franklin India Mid Cap Fund,10,,0.9325454545454548,0.4943734923339933,51.445137555637096,3,,0.8749999999999999
0P00005VDC.BO,Franklin India Mid Cap Fund,10,,0.0,,,0,,0.0
0P00005VDD.BO,Franklin India Flexi Cap Fund,10,,-7.262969696969697,0.2907478670846273,112.67318974830978,2,inf,-7.219999999999999
0P00005VDE.BO,Franklin India Flexi Cap Fund,10,,0.0,,,0,,0.0
0P00005VDF.BO,Franklin India Small Cap Fund,10,,0.32909090909090905,0.056561424499617007,54.26681771951058,2,inf,-5.095
0P00005VDG.BO,Franklin India Small Cap Fund,10,,0.0,,,0,,0.0
0P00005VDH.BO,Franklin India ELSS Tax Saver Fund,10,,-0.1927878787878788,0.02368174824306545,52.06656493395513,3,inf,-3.615
0P00005VDI.BO,Franklin India ELSS Tax Saver Fund,10,,0.0,,,0,,0.0
0P00005VDM.BO,Franklin India Technology Fund,10,,0.06442424242424243,0.002464327268080253,50.52976981389431,2,inf,-5.11
0P00005VDN.BO,Franklin India Technology Fund,10,,0.0,,,0,,0.0
0P00005VE0.BO,Franklin India Aggressive Hybrid Fund,10,,-8.567393939393941,0.41219162502143925,94.20655760060056,2,inf,-7.544999999999999
0P00005VE1.BO,Franklin India Aggressive Hybrid Fund,10,,0.0,,,0,,0.0
0P00005VE2.BO,Franklin India Dynamic Asset Allocation Active Fund of Funds,10,,0.21993939393939393,0.03321702743775785,60.84198801283638,2,inf,-3.865
0P00005VE3.BO,Franklin India Dynamic Asset Allocation Active Fund of Funds,10,,0.0,,,0,,0.0
0P00005VEK.BO,Franklin India Conservative Hybrid Fund,10,,0.0,,,0,,0.0
0P00005VEL.BO,Franklin India Conservative Hybrid Fund,10,,0.07139393939393927,0.003077848429745103,58.65247015468423,3,105.76480870168747,-3.895
0P00005VEN.BO,Franklin India Conservative Hybrid Fund,10,,-8.481818181818182,0.464095198952177,89.60467464328933,3,4.793389271633537,-8.23
0P00005VEU.BO,BANDHAN LIQUID Fund,10,26.38487386414985,0.493090909090909,0.4068126303921381,45.20624118952307,3,105.73044959705078,-2.485
0P00005VF6.BO,Bandhan Money Market   Fund,10,18.297264659777234,0.15703030303030308,0.08655795942291974,43.66426044914465,2,93.73135904091656,-1.3649999999999998
0P00005VF7.BO,Bandhan Money Market  Fund,10,,0.0,,,0,,0.0
0P00005VF8.BO,Bandhan Money Market Fund,10,21.70986683219194,0.3496363636363636,0.2723737251386992,44.34772171433499,3,92.70078823883735,-2.245
0P00005VF9.BO,Bandhan Money  Market Fund,10,22.205863080093934,0.2750909090909091,0.13996845999693266,62.57694303595896,3,660.1534109051522,-2.4000000000000004
0P00005VGQ.BO,Bandhan 10 year Constant Maturity Gilt Fund,10,,-0.26399999999999996,0.04149618114352652,67.63140512364141,3,96.01658073951418,-4.605
0P00005VGR.BO,Bandhan   10 year Constant Maturity Gilt Fund,10,,0.0,,,0,,0.0
0P00005VGS.BO,Bandhan    10 year Constant Maturity Gilt Fund,10,,-0.09812121212121211,0.0071418141174736825,66.34019173174921,3,135.3201259326086,-3.8149999999999995
0P00005WCT.BO,ICICI Prudential Floating Interest Rates Fund,10,17.679273133181717,0.31072727272727274,0.20052997142816673,40.3205169039343,3,71.85131933681122,-2.0549999999999997
0P00005WCV.BO,ICICI Prudential Floating Interest Rates Fund,10,,0.0,,,0,,0.0
0P00005WD2.BO,ICICI Prudential Money Market Fund - Cash Option,10,23.281437170178478,0.30315151515151506,0.19811991672440007,41.132092436476846,2,125.27129036486991,-1.935
0P00005WD3.BO,ICICI Prudential Money Market Fund - Cash Option,10,,0.0,,,0,,0.0
0P00005WD6.BO,ICICI Prudential ELSS - Tax Saver Fund,10,,0.37533333333333346,0.0681580968194932,37.652822678748,3,inf,-2.4600000000000004
0P00005WD7.BO,ICICI Prudential ELSS - Tax Saver Fund,10,,0.0,,,0,,0.0
0P00005WD8.BO,ICICI Prudential Diversified Debt Strategy Active FOF - Dividend option,10,,0.09036363636363631,0.014838604220005332,152.95829410746978,3,,0.0
0P00005WD9.BO,ICICI Prudential Diversified Debt Strategy Active FOF,10,,0.0,,,0,,0.0
0P00005WDC.BO,Quantum Liquid Fund,10,,0.0,,,0,,0.0
0P00005WDE.BO,Quantum Liquid Fund,10,,0.2109090909090909,0.072213449561782,57.01335043109076,3,117.23061254868448,-3.385
0P00005WDF.BO,Quantum Value Fund,10,,0.0,,,0,,0.0
0P00005WDG.BO,Quantum Value Fund,10,,0.0,,,0,,0.0
0P00005WDH.BO,Nippon India Banking & Financial Services Fund,10,,0.0,,,0,,0.0
0P00005WDI.BO,Nippon India Banking & Financial Services Fund,10,,0.02278787878787875,0.00031828575814957867,54.239874113115214,2,inf,-4.225
0P00005WDJ.BO,Nippon India Banking & Financial Services Fund,10,,0.0,,,0,,0.0
0P00005WDK.BO,Nippon India Power & Infra Fund,10,,0.0,,,0,,0.0
0P00005WDL.BO,Nippon India Power & Infra Fund,10,,0.21187878787878792,0.022567100439669766,69.8953358953296,3,inf,-4.43
0P00005WDM.BO,Nippon India Power & Infra Fund,10,,0.0,,,0,,0.0
0P00005WDQ.BO,Nippon India Multi Cap Fund,10,,0.0,,,0,,0.0
0P00005WDR.BO,Nippon India Multi Cap Fund,10,,-0.3678181818181818,0.046468408740047186,75.55050458221399,3,,-4.37
0P00005WDS.BO,Nippon India Multi Cap Fund,10,,0.0,,,0,,0.0
0P00005WE1.BO,Nippon India Balanced Advantage Fund,10,,0.0,,,0,,0.0
0P00005WE2.BO,Nippon India Balanced Advantage Fund,10,,0.3416969696969696,0.17062501994120452,38.2362678387687,2,inf,-1.525
0P00005WE3.BO,Nippon India Balanced Advantage Fund,10,,0.0,,,0,,0.0
0P00005WE4.BO,Nippon India Credit Risk Fund (Existing Number of Segregated Portfolios - 1),10,,0.0,,,0,,0.0
0P00005WE5.BO,Nippon India Value Fund,10,,0.0,,,0,,0.0
0P00005WE6.BO,Nippon India Aggressive Hybrid Fund (Existing Number of Segregated Portfolios - 2),10,,0.0,,,0,,0.0
0P00005WEX.BO,SBI AGGRESSIVE HYBRID FUND,10,,-0.3898181818181818,0.633985330747779,152.84865935102744,1,,0.0
0P00005WEY.BO,SBI AGGRESSIVE HYBRID FUND,10,,0.0,,,0,,0.0
0P00005WEZ.BO,SBI Large Cap Fund,10,,0.0,,,0,,0.0
0P00005WF0.BO,SBI Large Cap Fund,10,,0.0,,,0,,0.0
0P00005WF1.BO,SBI CHILDREN'S FUND - SAVINGS PLAN,10,,0.0,,,0,,0.0
0P00005WF2.BO,SBI COMMA FUND,10,,-0.9501818181818182,0.2727272727272728,299.99999999999994,0,,0.0
0P00005WF4.BO,SBI COMMA FUND,10,,0.0,,,0,,0.0
0P00005WFC.BO,SBI LARGE & MIDCAP FUND,10,,0.0,,,0,,0.0
0P00005WFD.BO,SBI LARGE & MIDCAP FUND,10,,0.0,,,0,,0.0
0P00005WFE.BO,SBI CONTRA FUND,10,,0.0,,,0,,0.0
0P00005WFF.BO,SBI CONTRA FUND,10,,0.0,,,0,,0.0
0P00005WFG.BO,Bandhan Large & Mid Cap Fund,10,,0.4555757575757576,0.08311840667861581,80.77555365487335,2,inf,-3.7899999999999996
0P00005WFH.BO,Bandhan Large & Mid Cap Fund,10,,0.0,,,0,,0.0
0P00005WFI.BO,Bandhan Focused Fund,10,,0.0,,,0,,0.0
0P00005WFJ.BO,Bandhan Focused Fund,10,,0.23993939393939392,0.027456170068176813,81.31354881168525,1,inf,-3.8249999999999997
0P00005WFK.BO,BANDHAN Flexi Cap Fund,10,,0.05399999999999994,0.001757418916524972,68.83425512202797,1,inf,-3.75
0P00005WFN.BO,BANDHAN Flexi Cap Fund,10,,0.0,,,0,,0.0
0P00005WG2.BO,Sundaram Infrastructure Advantage Fund (Erstwhile Sundaram Capex Opportunities),10,,0.0,,,0,,0.0
0P00005WGF.BO,Sundaram Banking and PSU Debt Fund (Formerly Known as Sundaram Banking and PSU Fund),10,,0.0,,,0,,0.0
0P00005WGG.BO,Sundaram Banking and PSU Debt Fund (Formerly Known as Sundaram Banking and PSU Fund),10,,0.4093333333333335,0.16445845046214635,72.51589301733391,4,inf,-3.75
0P00005WGN.BO,Tata Aggressive Hybrid Fund,10,,0.4872121212121213,0.07959413420259946,75.39536374885525,2,inf,-4.025
0P00005WGO.BO,Tata Aggressive Hybrid Fund,10,,0.0,,,0,,0.0
0P00005WGX.BO,Tata Large & Mid Cap Fund,10,,0.3630909090909092,0.15548481385043747,233.02499058693405,1,,4.355
0P00005WGY.BO,Tata Large & Mid Cap Fund,10,,0.0,,,0,,0.0
0P00005WGZ.BO,Tata Value Fund,10,,0.15066666666666664,0.019624757325978535,124.56336330409303,1,,-2.66
0P00005WH0.BO,Tata Value Fund,10,,0.0,,,0,,0.0
0P00005WHQ.BO,Tata Mid Cap Fund,10,,-0.06927272727272733,0.00709842869861848,207.70535024596356,1,,2.13
0P00005WHR.BO,Tata Mid Cap Fund,10,,0.0,,,0,,0.0
0P00005WHZ.BO,Tata Nifty 50 Index Fund,10,,0.0,,,0,,0.0
0P00005WI1.BO,Tata BSE Sensex Index Fund,10,,0.0,,,0,,0.0
0P00005WI3.BO,Tata Infrastructure Fund,10,,0.4936363636363637,0.2727272727272727,300.00000000000006,1,,4.525
0P00005WI4.BO,Tata Infrastructure Fund,10,,0.0,,,0,,0.0
0P00005WI9.BO,Tata Ethical Fund,10,,0.0,,,0,,0.0
0P00005WIA.BO,Tata Ethical Fund,10,,-0.07121212121212121,0.0072873754449970345,207.80979642631178,1,,2.155
0P00005WIB.BO,Taurus Large Cap Fund,10,,0.0,,,0,,0.0
0P00005WIC.BO,Taurus Mid Cap Fund,10,,0.0,,,0,,0.0
0P00005WID.BO,Taurus ELSS Tax Saver Fund,10,,0.0,,,0,,0.0
0P00005WIE.BO,Taurus Flexi Cap Fund,10,,0.0,,,0,,0.0
0P00005WIF.BO,Franklin India Money Market Fund,10,-20.50650831691626,-8.394060606060606,0.4516844411356226,99.91127076727892,3,13.77711208340069,-3.945
0P00005WIG.BO,Franklin India Money Market Fund,10,,0.0,,,0,,0.0
0P00005WIW.BO,Franklin India Dividend Yield Fund,10,,0.22672727272727283,0.02409543484851906,53.17915080693584,1,inf,-1.7200000000000002
0P00005WIX.BO,Franklin India Dividend Yield Fund,10,,0.0,,,0,,0.0
0P00005WIY.BO,Templeton India Value Fund,10,,-0.07551515151515159,0.0031478549911919023,50.285218171711385,3,inf,-4.615
0P00005WIZ.BO,Templeton India Value Fund,10,,0.0,,,0,,0.0
0P00005WJ1.BO,Franklin India Gilt Fund,10,6.207131137803312,0.03509090909090915,0.004617961588190015,36.996477786381966,4,21.931258947852374,-1.01
0P00005WJ2.BO,Franklin India Gilt Fund,10,,0.0,,,0,,0.0
0P00005WJ4.BO,Franklin India Corporate Bond Fund,10,,-11.13866666666667,0.785695672844779,88.35699562837439,2,-20.982638884510486,-6.4399999999999995
0P00005WJ5.BO,Franklin India Corporate Bond Fund,10,,0.0,,,0,,0.0
0P00005WJ6.BO,Franklin India Corporate Bond Fund,10,,0.0481818181818181,0.002692837764778607,42.827842644952845,6,4.263310414533521,-4.02
0P00005WJ7.BO,Franklin India Corporate Bond Fund,10,23.511102384121173,0.14981818181818185,0.004296714698083297,90.00310218543828,2,134.03287621340135,-1.5700000000000003
0P00005WJ8.BO,Franklin India Corporate Bond Fund,10,-19.09311007332304,-7.870121212121212,0.4659234961472856,100.36369285137405,3,10.342059470911757,-2.285
0P00005WJH.BO,Franklin India Floating Interest Rates Fund,10,16.476688429064644,0.2754545454545454,0.1410755591161434,49.45877863945559,2,132.76959760223664,-2.56
0P00005WJI.BO,Franklin India Floating Interest Rates Fund,10,,0.0,,,0,,0.0
0P00005WK7.BO,UTI Aggressive Hybrid Fund,10,10.416663618643462,0.18539393939393942,0.04226951783195235,43.58159593700423,2,80.07998014658133,-3.19
0P00005WKC.BO,UTI - Gilt Fund,10,,-0.18727272727272726,0.30234948549193646,127.04458746936946,3,,0.0
0P00005WKE.BO,UTI - Gilt Fund,10,,0.0,,,0,,0.0
0P00005WKG.BO,UTI - Gilt Fund,10,,0.0,,,0,,0.0
0P00005WKH.BO,UTI - Gilt Fund,10,,0.0,,,0,,0.0
0P00005WKI.BO,UTI - Gilt Fund,10,,0.0,,,0,,0.0
0P00005WL0.BO,UTI - Liquid Fund,10,,-0.0033333333333333344,0.0017248408442311928,68.81552043022612,2,inf,-0.24500000000000005
0P00005WL2.BO,UTI - Liquid Fund,10,,0.025636363636363645,0.09974229519491754,48.879340721955764,4,inf,-0.28500000000000003
0P00005WL3.BO,UTI Large & Mid Cap Fund,10,,-0.6387272727272726,0.21244887572427387,204.6423952230203,1,,0.0
0P00005WL4.BO,UTI Large & Mid Cap Fund,10,,0.0,,,0,,0.0
0P00005WL5.BO,UTI Nifty 50 Index Fund,10,,0.0,,,0,,0.0
0P00005WL6.BO,UTI Nifty 50 Index Fund,10,,0.0,,,0,,0.0
0P00005WLL.BO,HDFC Value Fund,10,,-0.6799393939393941,0.13082753875911518,69.25004473528546,3,,-4.375
0P00005WLM.BO,HDFC Value Fund,10,,0.0,,,0,,0.0
0P00005WLO.BO,HDFC Overnight Fund,10,,0.0,,,0,,0.0
0P00005WLQ.BO,HDFC Money Market Fund,10,,0.0,,,0,,0.0
0P00005WLR.BO,HDFC Money Market Fund,10,37.82671963377617,0.30363636363636365,0.2031814888834103,40.04163118247268,3,309.12667316761576,-1.8099999999999998
0P00005WLW.BO,HDFC Focused Fund,10,,-0.1584242424242425,0.008934804509579586,52.314714192566825,3,inf,-4.84
0P00005WLX.BO,HDFC Focused Fund,10,,0.0,,,0,,0.0
0P00005WLY.BO,HDFC Flexi Cap Fund,10,,-0.6295757575757576,0.28781616797399256,34.649248184360175,3,-10.62211606623655,-4.865
0P00005WLZ.BO,HDFC Flexi Cap Fund,10,,0.0,,,0,,0.0
0P00005WMJ.BO,HDFC Gilt Fund,10,,0.053878787878787894,0.006576521864956184,54.228474817319224,3,59.700794033009025,-2.755
0P00005WMK.BO,HDFC Gilt Fund,10,,0.0,,,0,,0.0
0P00005WMP.BO,HDFC Dynamic Term Fund,10,,-0.12103030303030303,0.03937722978120814,45.585647772321344,2,-4.682011221079423,-2.265
0P00005WMQ.BO,HDFC Dynamic Term Fund,10,,0.0,,,0,,0.0
0P00005WMR.BO,HDFC Dynamic Term Fund,10,,-0.015151515151515159,0.00045933102236179254,51.90644715359386,3,23.7267219121338,-2.51
0P00005WMS.BO,HDFC Dynamic Term Fund,10,,-0.015090909090909098,0.0005307202595775982,52.86662133390271,3,61.53315080110984,-2.335
0P00005WMV.BO,HDFC Nifty 50 Index Fund,10,,0.0,,,0,,0.0
0P00005WMW.BO,HDFC BSE Sensex Index Fund,10,,0.0,,,0,,0.0
0P00005WMY.BO,HDFC Conservative Hybrid Fund,10,,0.0,,,0,,0.0
0P00005WMZ.BO,HDFC Conservative Hybrid Fund,10,3.0487775778222703,0.06424242424242425,0.004285510635145327,45.27291832939708,3,117.40421214231866,-3.5900000000000003
0P00005WN0.BO,HDFC Conservative Hybrid Fund,10,,0.012545454545454526,0.00016660247558704464,44.87582533219653,3,26.089097039857158,-3.9949999999999997
0P00005WNA.BO,HDFC ELSS - Tax Saver Fund,10,,-0.6846060606060606,0.32475968245656045,34.07600997271787,2,-11.225992987168404,-5.035
0P00005WNB.BO,HDFC ELSS - Tax Saver Fund,10,,0.0,,,0,,0.0
0P00005WNC.BO,HDFC Large Cap Fund,10,,-0.17218181818181807,0.01097833106730704,51.3998104894581,3,inf,-4.9
0P00005WNE.BO,HDFC Large Cap Fund,10,,0.0,,,0,,0.0
0P00005WNL.BO,HSBC Liquid Fund,10,,0.0,,,0,,0.0
0P00005WNM.BO,HSBC Liquid Fund,10,26.71881443485575,0.43606060606060604,0.3841602611231791,47.159238431922205,3,125.09315759874607,-1.83
0P00005WNN.BO,HSBC Liquid Fund,10,,0.1686666666666666,0.04646442569366943,59.44143320444639,3,217.47004366692124,-3.3899999999999997
0P00005WNP.BO,HSBC Liquid Fund,10,,0.0,,,0,,0.0
0P00005WNR.BO,HSBC Large Cap Fund,10,,0.7336363636363636,0.1956630016063468,100.8211519370839,2,,-4.82
0P00005WNT.BO,HSBC Large Cap Fund,10,,0.0,,,0,,0.0
0P00005WR8.BO,JM Aggressive Hybrid Fund,10,,0.0,,,0,,0.0
0P00005WR9.BO,JM Aggressive Hybrid Fund,10,,0.0,,,0,,0.0
0P00005WRG.BO,JM Large Cap Fund,10,,-1.8695757575757577,0.08559213012297916,298.163524711424,2,,0.0
0P00005WRH.BO,JM Large Cap Fund,10,,0.0,,,0,,0.0
0P00005WRW.BO,JM Dynamic Term Fund,10,,0.0,,,0,,0.0
0P00005WRX.BO,JM Dynamic Term Fund,10,,0.0,,,0,,0.0
0P00005WSD.BO,Kotak Large Cap Fund,10,,-0.46006060606060606,0.22101889871326266,175.34516450395896,2,,0.0
0P00005WSE.BO,Kotak Large Cap Fund,10,,0.0,,,0,,0.0
0P00005WSF.BO,Kotak Aggressive Hybrid Fund,10,,-0.5175757575757576,0.3362223200547931,191.615888381657,1,,0.0
0P00005WSP.BO,Kotak Arbitrage Fund,10,14.53593610348911,0.30878787878787883,0.22425491249656734,38.80064426359365,3,45.13555791874771,-1.795
0P00005WSQ.BO,Kotak Arbitrage Fund,10,,0.0,,,0,,0.0
0P00005WSR.BO,Kotak Contra Fund,10,,-0.10400000000000001,0.030303030303030318,300.0,1,,0.0
0P00005WSS.BO,Kotak Contra Fund,10,,0.0,,,0,,0.0
0P00005WSU.BO,Kotak Multi Asset Omni FOF,10,,0.0,,,0,,0.0
0P00005WSV.BO,Kotak Multi Asset Omni FOF,10,,0.0,,,0,,0.0
0P00005WTT.BO,Kotak Gilt Fund,10,,0.0,,,0,,0.0
0P00005WTU.BO,Kotak Gilt Fund,10,,-0.214969696969697,0.08110500533343096,219.66620001187204,2,,0.0
0P00005WTV.BO,Kotak Banking and PSU Debt Fund,10,,0.0,,,0,,0.0
0P00005WTW.BO,Kotak Banking and PSU Debt Fund,10,,-0.5351515151515152,0.2920000577641712,98.15532916902939,1,,0.0
0P00005WTZ.BO,Kotak Gilt Fund,10,,0.0,,,0,,0.0
0P00005WU2.BO,Kotak Conservative Hybrid Fund,10,,0.0,,,0,,0.0
0P00005WU3.BO,Kotak Conservative Hybrid Fund,10,,0.10660606060606068,0.0077876722337123575,54.34306577212274,2,inf,-3.86
0P00005WU8.BO,Kotak Liquid Fund,10,,0.0,,,0,,0.0
0P00005WUG.BO,Kotak Small Cap Fund,10,,-0.5072727272727272,0.2016843153145557,175.1827917859065,2,,0.0
0P00005WUH.BO,Kotak Small Cap Fund,10,,0.0,,,0,,0.0
0P00005WUJ.BO,Kotak Large & Mid Cap Fund,10,,-0.7721212121212122,0.3267818630939997,156.9404954786421,1,,0.0
0P00005WUK.BO,Kotak Large & Mid Cap Fund,10,,0.0,,,0,,0.0
0P00005WUL.BO,Kotak ELSS Tax Saver Fund,10,,0.0,,,0,,0.0
0P00005WUM.BO,Kotak ELSS Tax Saver Fund,10,,-0.7447878787878788,0.48458352251708,138.61478634195035,2,,0.0
0P00005WUT.BO,LIC MF Aggressive Hybrid Fund,10,24.443173048399448,0.5417575757575758,0.2999540645169563,44.7647427861248,2,64.2225584782631,-1.395
0P00005WUU.BO,LIC MF Aggressive Hybrid Fund,10,,0.0,,,0,,0.0
0P00005WUX.BO,LIC MF Children's Fund,10,,0.0,,,0,,0.0
0P00005WUY.BO,LIC MF Flexi Cap Fund,10,,0.021878787878787886,0.00336700336700337,300.0,1,,0.0
0P00005WUZ.BO,LIC MF Gilt Fund,10,,0.0,,,0,,0.0
0P00005WV0.BO,LIC MF Flexi Cap Fund,10,,0.0,,,0,,0.0
0P00005WV1.BO,LIC MF Gilt Fund,10,,0.0,,,0,,0.0
0P00005WV3.BO,LIC MF Gilt Fund,10,,0.0,,,0,,0.0
0P00005WVM.BO,LIC MF Large Cap Fund,10,,0.0,,,0,,0.0
0P00005WVN.BO,LIC MF Nifty 50 Index Fund,10,,0.0,,,0,,0.0
0P00005WVO.BO,LIC MF Nifty 50 Index Fund,10,,0.0,,,0,,0.0
0P00005WVR.BO,LIC MF BSE Sensex Index Fund,10,,0.0,,,0,,0.0
0P00005WVS.BO,LIC MF BSE Sensex Index Fund,10,,0.0,,,0,,0.0
0P00005WVT.BO,LIC MF Liquid Fund,10,21.791262694642178,0.2412727272727273,0.048503282862636506,58.45548400679864,1,122.26416537656792,-1.7650000000000001
0P00005WVU.BO,LIC MF Liquid Fund,10,,0.0,,,0,,0.0
0P00005WVY.BO,LIC MF Conservative Hybrid Fund,10,,0.0,,,0,,0.0
0P00005WVZ.BO,LIC MF Conservative Hybrid Fund,10,,0.3042424242424243,0.2189698189652312,70.73766023017232,4,inf,-0.20999999999999994
0P00005WW0.BO,LIC MF Conservative Hybrid Fund,10,,-0.046969696969696995,0.006378153971254504,110.48154721963502,1,,1.26
0P00005WW1.BO,LIC MF Conservative Hybrid Fund,10,,0.006909090909090934,6.888743735489083e-05,52.227841627193094,2,inf,-3.0299999999999994
0P00005WW4.BO,LIC MF ELSS Tax Saver Fund,10,,-0.48406060606060614,0.42823689479719806,75.15517066934238,2,,-0.175
0P00005WW5.BO,LIC MF ELSS Tax Saver Fund,10,,0.0,,,0,,0.0
0P00005WW8.BO,HDFC Large & Mid Cap Fund,10,,-0.34199999999999997,0.04334453952808028,73.94301229662999,4,inf,-3.64
0P00005WWB.BO,Sundaram Aggressive Hybrid Fund (Formerly Known as Principal Hybrid Equity Fund),10,21.28762214281521,0.3503636363636364,0.09682203884245731,35.40383727399987,2,102.97430283664633,-2.545
0P00005WWG.BO,Sundaram Aggressive Hybrid Fund (Formerly Known as Principal Hybrid Equity Fund),10,,0.0,,,0,,0.0
0P00005WWL.BO,Sundaram Liquid Fund (Formerly Known as Principal Cash Management Fund),10,,0.0,,,0,,0.0
0P00005WWN.BO,Sundaram Liquid Fund (Formerly Known as Principal Cash Management Fund),10,22.92856796279019,0.5096969696969696,0.40334113896104495,66.70049115404122,3,inf,-2.245
0P00005WX3.BO,Sundaram Dividend Yield Fund (Formerly Known as Principal Dividend Yield Fund),10,,0.6047272727272727,0.16281466315464915,92.81304642029646,2,,-2.03
0P00005WX5.BO,Sundaram Dividend Yield Fund (Formerly Known as Principal Dividend Yield Fund),10,,0.0,,,0,,0.0
0P00005WY0.BO,Sundaram Multi Cap Fund (Formerly Known as Principal Multi Cap Growth Fund),10,,0.7023636363636365,0.23231586122084896,93.86681662766966,2,,-2.035
0P00005WY1.BO,Sundaram Multi Cap Fund (Formerly Known as Principal Multi Cap Growth Fund),10,,0.0,,,0,,0.0
0P00005WYD.BO,Sundaram Nifty 100 Equal Weight Fund (Formerly Known as Principal Nifty 100 Equal Weight Fund),10,,0.7689696969696971,0.3332721050529563,123.02017165812657,1,,-4.27
0P00005WYF.BO,Sundaram Nifty 100 Equal Weight Fund (Formerly Known as Principal Nifty 100 Equal Weight Fund),10,,0.0,,,0,,0.0
0P00005WYJ.BO,Sundaram Focused Fund (Formerly Known as Principal Focused Multicap Fund),10,,0.0,,,0,,0.0
0P00005WYK.BO,Sundaram Focused Fund (Formerly Known as Principal Focused Multicap Fund),10,,0.6959999999999998,0.18331722065356248,96.3101303546147,2,,-2.01
0P00005WYL.BO,Sundaram Equity Savings Fund (Formerly Known as Principal Equity Savings Fund),10,,0.0,,,0,,0.0
0P00005WYM.BO,Sundaram Equity Savings Fund (Formerly Known as Principal Equity Savings Fund),10,,0.7996363636363637,0.37453797556054236,71.64833233669552,2,inf,0.08499999999999996
0P00005WZF.BO,ICICI Prudential Multi Sector Passive FOF-Dividend Option,10,,0.13945454545454555,0.008899901796680668,154.00338804430055,1,,0.0
0P00005WZG.BO,ICICI Prudential Multi Sector Passive FOF,10,,0.0,,,0,,0.0
0P00005WZH.BO,ICICI Prudential Aggressive Hybrid Fund,10,,-0.4626060606060607,0.13753355834494077,64.10617180270152,2,inf,-1.5700000000000003
0P00005WZI.BO,ICICI Prudential Aggressive Hybrid Fund,10,,0.0,,,0,,0.0
0P00005WZP.BO,ICICI Prudential Income plus Arbitrage Omni FOF - Dividend Option,10,,0.16769696969696968,0.013099295266209558,152.75893441790106,1,,0.0
0P00005WZQ.BO,ICICI Prudential Income plus Arbitrage Omni FOF,10,,0.0,,,0,,0.0
0P00005WZS.BO,ICICI Prudential Children's Fund,10,,0.0,,,0,,0.0
0P00005WZY.BO,ICICI Prudential Value Fund (erstwhile Value Discovery Fund),10,,-0.9712121212121213,0.39804897297748054,37.22141953581393,2,-11.503194199483136,-5.4
0P00005WZZ.BO,ICICI Prudential Value Fund (erstwhile Value Discovery Fund),10,,0.0,,,0,,0.0
0P00005X00.BO,ICICI Prudential Multi Asset Allocation Fund,10,,-0.34678787878787887,0.07019659808123391,51.78407584061333,2,inf,-1.5399999999999996
0P00005X02.BO,ICICI Prudential Multi Asset Allocation Fund,10,,0.0,,,0,,0.0
0P00005X03.BO,ICICI Prudential Mid Cap Fund,10,,-0.059636363636363716,0.002765185042723157,43.27094884859572,2,6.209336910606532,-4.72
0P00005X04.BO,ICICI Prudential Mid Cap Fund,10,,0.0,,,0,,0.0
0P00005X09.BO,ICICI Prudential FMCG Fund,10,,-0.06606060606060611,0.0017259068015440559,82.02790717336251,1,,-5.0
0P00005X0A.BO,ICICI Prudential FMCG Fund,10,,0.0,,,0,,0.0
0P00005X11.BO,Baroda BNP Paribas Dynamic Term Fund,10,,0.0,,,0,,0.0
0P00005X1D.BO,Baroda BNP Paribas Mid Cap Fund,10,,0.0,,,0,,0.0
0P00005X1E.BO,BARODA BNP PARIBAS CONSERVATIVE HYBRID FUND,10,15.302151041433753,0.5386666666666667,0.46553095715937814,49.29637233247266,4,37.059677043191236,-2.2600000000000002
0P00005X1I.BO,Baroda BNP Paribas ELSS Tax Saver Fund,10,,0.0,,,0,,0.0
0P00005X1J.BO,Baroda BNP Paribas ELSS Tax Saver Fund,10,,0.3008484848484848,0.06130381256222605,55.065403469748695,3,inf,-4.825
0P00005X1R.BO,Aditya Birla Sun Life Large & Mid Cap Fund,10,,0.0,,,0,,0.0
0P00005X1T.BO,Aditya Birla Sun Life Short Term Fund,10,,0.0,,,0,,0.0
0P00005X1Z.BO,Aditya Birla Sun Life Liquid Fund,10,36.72797623515183,0.37939393939393945,0.31850238823961574,43.177671893353484,3,250.25529495477545,-1.8599999999999997
0P00005X21.BO,Aditya Birla Sun Life Dynamic Term Fund,10,,0.33527272727272733,0.2009084260073026,52.63239412336878,4,inf,-2.6500000000000004
0P00005X22.BO,Aditya Birla Sun Life Dynamic Term Fund,10,,0.0,,,0,,0.0
0P00005X2S.BO,Aditya Birla Sun Life Gilt Fund,10,,0.0,,,0,,0.0
0P00005X2T.BO,Aditya Birla Sun Life Gilt Fund,10,,0.27890909090909094,0.14868035190615841,50.06275637772924,3,inf,-2.65
0P00005X2U.BO,Aditya Birla Sun Life Nifty 50 Index Fund,10,,0.0,,,0,,0.0
0P00005X2W.BO,Aditya Birla Sun Life Infrastructure Fund,10,-4.899222321433083,0.07206060606060606,0.004988402938198728,41.47935125461648,3,inf,-0.10000000000000052
0P00005X31.BO,Aditya Birla Sun Life Flexi Cap Fund,10,,0.32369696969696976,0.08271902535109593,66.12152576714568,2,,-3.8499999999999996
0P00005X32.BO,Aditya Birla Sun Life Large Cap Fund,10,,0.09654545454545457,0.010061338046877696,51.33874261588609,2,inf,-4.025
0P00005X3A.BO,Baroda BNP Paribas Multi Cap Fund,10,,0.0,,,0,,0.0
0P00005X3B.BO,BARODA BNP PARIBAS LIQUID FUND,10,,0.0,,,0,,0.0
0P00005X3H.BO,Canara Robeco Large and Mid Cap Fund,10,,-0.06878787878787881,0.004226195794919687,66.89926525431862,4,inf,-2.78
0P00005X3K.BO,Canara Robeco Flexi Cap Fund,10,,-0.10115151515151513,0.006300515761298078,86.838784639464,3,inf,-2.895
0P00005X3P.BO,Canara Robeco Infrastructure Fund,10,,0.28012121212121205,0.14578160354602177,45.730835847056724,2,inf,-0.25
0P00005X3Z.BO,HSBC Gilt Fund,10,,0.0,,,0,,0.0
0P00005X40.BO,HSBC Gilt Fund,10,5.840007284126747,0.1712121212121213,0.04551329463831451,39.943054291130615,3,31.909923808693026,-2.65
0P00005X47.BO,HSBC Midcap Fund,10,,0.0,,,0,,0.0
0P00008T5J.BO,DSP ELSS Tax Saver Fund,10,,0.2874545454545454,0.0561207025555233,39.80874209987936,5,inf,-2.6100000000000003
0P00008TEZ.BO,DSP Midcap Fund,10,,-0.7273939393939396,0.38899340322857184,36.46692074880366,1,-10.45204417822062,-4.29
0P00008TGA.BO,JM Arbitrage Fund,10,,-0.025636363636363634,0.2727272727272728,299.99999999999994,0,,0.0
0P00008TGU.BO,Nippon India Focused Fund,10,,0.2506060606060606,0.035196932883537355,69.1435079052064,3,inf,-4.295
0P00008TGV.BO,SBI Arbitrage Fund,10,,-0.37418181818181817,0.3024608700926401,190.84250126878797,2,,0.0
0P00008TGX.BO,Sundaram Large and Midcap Fund,10,,-0.4267272727272728,0.12763770507670008,52.433755014540615,2,inf,-4.27
0P00008TH7.BO,Kotak Mid Cap Fund,10,,-0.8513333333333334,0.44388728046527104,177.90617984565054,1,,0.0
0P00008THT.BO,BANDHAN LARGE CAP FUND,10,,-0.054727272727272736,0.0016337126872901248,66.60463677550004,1,inf,-3.6949999999999994
0P00008TMN.BO,DSP Midcap Fund,10,,0.0,,,0,,0.0
0P00008TMR.BO,UTI - Arbitrage Fund,10,,-0.44169696969696975,0.35203629966994515,135.16093616739235,2,,0.0
0P00008TMV.BO,DSP ELSS Tax Saver Fund,10,,0.0,,,0,,0.0
0P00008TMW.BO,JM Arbitrage Fund,10,,0.0,,,0,,0.0
0P00008TN1.BO,ICICI Prudential Arbitrage Fund,10,,0.06466666666666666,0.013741158939214763,48.26417480639238,2,inf,-0.88
0P00008TN2.BO,ICICI Prudential Arbitrage Fund,10,,0.0,,,0,,0.0
0P00008TN3.BO,ICICI Prudential Balanced Advantage Fund,10,,0.06927272727272721,0.0036372102081625264,44.966236542263935,3,2.1479240941049462,-4.5
0P00008TN4.BO,ICICI Prudential Balanced Advantage Fund,10,,0.0,,,0,,0.0
0P00008TO5.BO,Nippon India Focused Fund,10,,0.0,,,0,,0.0
0P00008TOM.BO,SBI Arbitrage Fund,10,,0.0,,,0,,0.0
0P00008TON.BO,Sundaram Large and Midcap Fund,10,,0.0,,,0,,0.0
0P00008TPO.BO,Kotak Mid Cap Fund,10,,0.0,,,0,,0.0
0P00008TT2.BO,BANDHAN LARGE CAP FUND,10,,0.0,,,0,,0.0
0P00008U7H.BO,UTI - Arbitrage Fund,10,,0.0,,,0,,0.0
0P000093B2.BO,Quant Large & Mid Cap Fund,10,,-0.11157575757575759,0.16498316498316506,299.99999999999994,1,,0.0
0P000093B3.BO,Quant Large & Mid Cap Fund,10,,0.0,,,0,,0.0
0P000093BO.BO,BANDHAN Arbitrage Fund,10,23.533882009792585,1.8037575757575757,0.08145455570974025,196.46060702594775,2,265.3882949726554,-30.694999999999997
0P000093C1.BO,Taurus Infrastructure Fund,10,,0.0,,,0,,0.0
0P000093FQ.BO,Taurus Infrastructure Fund,10,,0.0,,,0,,0.0
0P000093FW.BO,BANDHAN Arbitrage Fund,10,,0.0,,,0,,0.0
0P000093KY.BO,Invesco India ELSS Tax Saver Fund,10,,-0.2706060606060605,0.010182071811422652,95.39022747585875,3,,-5.24
0P000093ST.BO,Invesco India Mid Cap Fund,10,,-0.8922424242424243,0.2098633623468565,83.57104294764542,2,,-5.3
0P000093SU.BO,Invesco India Contra Fund,10,,-0.8441212121212122,0.19740578863491456,101.99950505018647,1,,0.0
0P000093T8.BO,Invesco India ELSS Tax Saver Fund,10,,0.0,,,0,,0.0
0P000093TB.BO,Invesco India Contra Fund,10,,0.0,,,0,,0.0
0P000093TC.BO,Invesco India Mid Cap Fund,10,,0.0,,,0,,0.0
0P00009J37.BO,Aditya Birla Sun Life Small Cap Fund,10,,0.825878787878788,0.6540366274697554,54.26834190044848,5,inf,-0.10500000000000043
0P00009J3B.BO,HDFC Mid Cap Fund,10,,0.08236363636363651,0.0028165415109106255,51.55122023464005,3,inf,-5.19
0P00009J3F.BO,SBI INFRASTRUCTURE FUND,10,,-0.6376363636363637,0.2727272727272727,300.0,0,,0.0
0P00009J3I.BO,Aditya Birla Sun Life Small Cap Fund,10,,0.0,,,0,,0.0
0P00009J3J.BO,DSP Small Cap Fund,10,,0.0,,,0,,0.0
0P00009J3K.BO,HDFC Mid Cap Fund,10,,0.0,,,0,,0.0
0P00009J3N.BO,DSP Flexi Cap Fund,10,,0.0,,,0,,0.0
0P00009J3U.BO,Edelweiss Large & Mid Cap Fund,10,,-0.517030303030303,0.13828178750493592,152.83438364849894,2,,0.0
0P00009J3Y.BO,Invesco India Large & Mid Cap Fund,10,,0.7733939393939393,0.2745785346220398,200.06148611639736,2,,-5.18
0P00009J3Z.BO,Edelweiss Large & Mid Cap Fund,10,,0.0,,,0,,0.0
0P00009J43.BO,Invesco India Large & Mid Cap Fund,10,,0.0,,,0,,0.0
0P00009J47.BO,SBI ESG Exclusionary Strategy Fund,10,,0.0,,,0,,0.0
0P00009J48.BO,SBI ELSS Tax Saver Fund,10,,0.0,,,0,,0.0
0P00009JAO.BO,Nippon India Large Cap Fund,10,,0.0,,,0,,0.0
0P00009JAP.BO,Nippon India Large Cap Fund,10,,-0.052242424242424285,0.0014619916869346155,70.33049034980034,1,inf,-2.455
0P00009JAQ.BO,Nippon India Large Cap Fund,10,,0.0,,,0,,0.0
0P00009JAR.BO,SBI INFRASTRUCTURE FUND,10,,0.0,,,0,,0.0
0P00009JAS.BO,Franklin India Focused Equity Fund,10,,0.4947878787878788,0.28250560769271627,34.51874494711137,2,inf,-0.5350000000000001
0P00009JCI.BO,Franklin India Focused Equity Fund,10,,0.0,,,0,,0.0
0P00009JCJ.BO,LIC MF Banking & PSU Debt Fund,10,,-0.0990909090909091,0.017938272774278723,64.68969466782099,2,148.6617665033831,-2.315
0P00009JE2.BO,LIC MF Banking & PSU Debt Fund,10,,0.0,,,0,,0.0
0P00009JE4.BO,LIC MF Banking & PSU Debt Fund,10,,-0.2598181818181819,0.16919290501064158,179.45447156639744,2,,0.0
0P00009JE5.BO,LIC MF Banking & PSU Debt Fund,10,35.159266367499065,0.2910909090909091,0.14497361918931437,50.88975102999305,2,111.69884605503478,-1.51
0P00009JEE.BO,Invesco India Liquid Fund,10,,0.0,,,0,,0.0
0P00009MWV.BO,SBI LIQUID FUND,10,,0.0,,,0,,0.0
0P00009MXZ.BO,DSP Dynamic Term Fund,10,,-0.1880606060606061,0.030600241938279808,71.16602771328053,2,25.319239801580252,-4.045
0P00009MYS.BO,DSP Dynamic Term Fund,10,,0.0,,,0,,0.0
0P00009MYT.BO,DSP Dynamic Term Fund,10,,0.013818181818181816,0.00012595487064897084,75.0206488036113,3,inf,-4.45
0P00009MYU.BO,DSP Dynamic Term Fund,10,,0.03860606060606058,0.0011722583777542105,66.05548666138003,2,inf,-3.3449999999999993
0P00009N2A.BO,HSBC Dynamic Term Fund,10,,0.0,,,0,,0.0
0P00009N2B.BO,HSBC Dynamic Term Fund,10,21.685698861812863,0.16369696969696965,0.045780339854938054,44.564917361221234,3,117.8231124635827,-2.995
0P00009PUI.BO,DSP World Gold Mining Overseas Equity Omni FoF,10,,0.028727272727272664,0.0004769136283513935,120.17633847765252,2,,-2.925
0P00009PUJ.BO,PGIM India Emerging Markets Equity Fund of Fund,10,,0.0,,,0,,0.0
0P00009PUK.BO,Kotak Global Emerging Market Overseas Equity Active FOF,10,,0.0,,,0,,0.0
0P00009PUL.BO,Quant Infrastructure Fund,10,,0.0,,,0,,0.0
0P00009PUM.BO,HSBC Infrastructure Fund,10,,0.0,,,0,,0.0
0P00009PUO.BO,HSBC Infrastructure Fund,10,,1.383090909090909,0.7969504548591171,100.56544150210863,1,,-0.03500000000000014
0P00009PUP.BO,ICICI Prudential Small Cap Fund,10,,0.7545454545454546,0.20492327011206032,82.0916958427053,3,,-4.82
0P00009PUQ.BO,Invesco India Balanced Advantage Fund,10,19.344984575859026,0.3556969696969697,0.10427478199853499,40.99859689830408,3,100.66845919588098,-1.99
0P00009PUU.BO,DSP World Gold Mining Overseas Equity Omni FoF,10,,0.0,,,0,,0.0
0P00009PUX.BO,Kotak Global Emerging Market Overseas Equity Active FOF,10,,0.0,,,0,,0.0
0P00009PUY.BO,Quant Infrastructure Fund,10,,0.0,,,0,,0.0
0P00009Q09.BO,Nippon India Growth Mid Cap Fund,10,,-1.2601212121212124,0.48642446011550305,73.13377426853432,3,inf,-3.63
0P00009Q9R.BO,Sundaram Global Brand Theme-Equity Active FOF,10,,0.2791515151515152,0.164983164983165,299.99999999999994,1,,0.0
0P00009QCP.BO,Sundaram Global Brand Theme-Equity Active FOF,10,,0.0,,,0,,0.0
0P00009QCW.BO,ICICI Prudential Small Cap Fund,10,,0.0,,,0,,0.0
0P00009QCX.BO,Invesco India Balanced Advantage Fund,10,,0.0,,,0,,0.0
0P00009QCZ.BO,Invesco India Corporate Bond Fund,10,,-0.4821212121212121,0.1352597497116807,183.94207513473515,1,,0.0
0P00009QDH.BO,Invesco India Corporate Bond Fund,10,,0.0,,,0,,0.0
0P00009QDJ.BO,Invesco India Corporate Bond Fund,10,,3.503090909090909,0.14667764344561987,212.81651445039606,2,,0.0
0P00009QDK.BO,Invesco India Corporate Bond Fund,10,,0.27751515151515155,0.11167860040555905,53.636639833010314,3,inf,-2.44
0P0000A33Q.BO,Franklin Asian Equity Fund,10,,-1.4846666666666668,0.07409048722480267,197.23779754143143,1,,0.0
0P0000A3O2.BO,Franklin Asian Equity Fund,10,,0.0,,,0,,0.0
0P0000A3Y6.BO,Edelweiss Mid Cap Fund,10,,-0.9701212121212122,0.4238611421741123,115.14593531911177,2,,0.0
0P0000A4KC.BO,Edelweiss Mid Cap Fund,10,,0.0,,,0,,0.0
0P0000ADJ9.BO,Invesco India Multi Cap Fund,10,,0.0,,,0,,0.0
0P0000ADJB.BO,Bandhan Value Fund,10,,0.6267272727272728,0.16762702311624914,100.58952224966549,1,,-3.71
0P0000ADK5.BO,Aditya Birla Sun Life Value Fund,10,-7.463887895503685,0.2155757575757576,0.017576235703306638,81.35353230225164,2,,-0.04499999999999993
0P0000ADK7.BO,JM Focused Fund,10,,0.0,,,0,,0.0
0P0000ADK8.BO,LIC MF Infrastructure Fund,10,,0.0,,,0,,0.0
0P0000ADKF.BO,HDFC Infrastructure Fund,10,,-0.670969696969697,0.15488013348566157,84.47510170532718,1,,-3.9249999999999994
0P0000ADWD.BO,HDFC Infrastructure Fund,10,,0.0,,,0,,0.0
0P0000ADWG.BO,LIC MF Infrastructure Fund,10,,0.0,,,0,,0.0
0P0000ADWI.BO,Aditya Birla Sun Life Value Fund,10,,0.0,,,0,,0.0
0P0000ADWJ.BO,Invesco India Multi Cap Fund,10,,0.0,,,0,,0.0
0P0000ADWK.BO,Bandhan Value Fund,10,,0.0,,,0,,0.0
0P0000ADWQ.BO,JM Focused Fund,10,,0.0,,,0,,0.0
0P0000AEJZ.BO,Mirae Asset Large Cap Fund,10,,0.0,,,0,,0.0
0P0000AEK0.BO,Mirae Asset Large Cap Fund,10,,-0.22496969696969696,0.020100868226825983,100.74441818560003,3,,0.0
0P0000AEK3.BO,Kotak Infrastructure and Economic Reform Fund,10,,0.0,,,0,,0.0
0P0000AEK4.BO,Kotak Infrastructure and Economic Reform Fund,10,,-0.3860606060606061,0.2548841685943992,202.24658934601513,2,,0.0
0P0000AEK6.BO,HSBC Global Emerging Markets Fund,10,,0.0,,,0,,0.0
0P0000AEK8.BO,HSBC Global Emerging Markets Fund,10,,0.7433333333333334,0.2830684556634049,123.4377154531161,1,,-4.05
0P0000AEK9.BO,Aditya Birla Sun Life Global Excellence Equity Fund Of Fund,10,,0.0,,,0,,0.0
0P0000AEKC.BO,Aditya Birla Sun Life Global Excellence Equity Fund Of Fund,10,,0.0,,,0,,0.0
0P0000AEKG.BO,HDFC Small Cap Fund,10,,0.0,,,0,,0.0
0P0000AEKH.BO,HDFC Small Cap Fund,10,,-0.25739393939393945,0.027630346685217983,51.424044022007784,1,inf,-4.895
0P0000AEKI.BO,JM ELSS - Tax Saver Fund,10,,0.0,,,0,,0.0
0P0000AEKJ.BO,JM ELSS - Tax Saver Fund,10,,0.0,,,0,,0.0
0P0000AEKO.BO,Aditya Birla Sun Life International Equity Fund,10,,0.0,,,0,,0.0
0P0000AEKP.BO,Aditya Birla Sun Life International Equity Fund,10,,0.37084848484848487,0.28969216467457937,34.532236001124716,2,inf,0.32499999999999973
0P0000AEO4.BO,PGIM India Liquid Fund,10,,0.0,,,0,,0.0
0P0000AEOB.BO,LIC MF Large Cap Fund,10,,-0.40157575757575753,0.3860503125289402,180.58405163878305,1,,0.0
0P0000AERS.BO,Invesco India Arbitrage Fund,10,,-0.3897575757575757,0.4144767883790129,148.74998185579014,2,,0.0
0P0000AF05.BO,Invesco India Arbitrage Fund,10,,0.0,,,0,,0.0
0P0000AF06.BO,Edelweiss Liquid Fund,10,,0.0,,,0,,0.0
0P0000AF09.BO,HDFC Arbitrage Fund,10,,0.0,,,0,,0.0
0P0000CN6G.BO,Invesco India Gilt Fund,10,,-0.43527272727272737,0.17994725950761234,162.6513300594092,2,,0.0
0P0000CN6Q.BO,Invesco India Gilt Fund,10,,0.0,,,0,,0.0
0P0000CN6X.BO,Invesco India Gilt Fund,10,,-1.3324848484848486,0.392210405143811,97.28183771087184,2,22.901849408233854,-2.905
0P0000CNPD.BO,Kotak Corporate Bond Fund,10,,-0.5031515151515152,0.2829549196585788,95.46237582853882,1,,0.0
0P0000CNPN.BO,Kotak Corporate Bond Fund,10,,0.0,,,0,,0.0
0P0000CNRD.BO,UTI Annual Interval Fund - I,10,,-0.17842424242424249,0.03591539015502295,90.50236916333556,2,,-2.26
0P0000CNRV.BO,UTI Annual Interval Fund - I,10,,0.0,,,0,,0.0
0P0000CNSC.BO,UTI Annual Interval Fund - I,10,,0.0,,,0,,0.0
0P0000CNZB.BO,HSBC Banking and PSU Debt Fund,10,,0.0,,,0,,0.0
0P0000CNZM.BO,HSBC Banking and PSU Debt Fund,10,30.722740418895334,0.5118787878787879,0.4388381611432114,43.012255036073896,3,119.08030583932957,-2.075
0P0000CO51.BO,Nippon India Interval Fund-Quarterly Interval Fund Serie-II,10,,-0.4326666666666667,0.35350355818355517,134.07178825671764,1,,0.0
0P0000CO80.BO,Nippon India Interval Fund-Quarterly Interval Fund Serie-II,10,,0.0,,,0,,0.0
0P0000CUXH.BO,HDFC Floating Interest Rates Fund,10,34.52487359587653,0.32375757575757586,0.050571157974544555,63.54010386233861,3,283.4019908255395,-2.29
0P0000CUXI.BO,HDFC Floating Interest Rates Fund,10,-3.584234179291157,0.13418181818181826,0.02114412763281876,51.50578123452355,3,103.1572091664231,-3.435
0P0000CUYA.BO,HDFC Floating Interest Rates Fund,10,,0.0,,,0,,0.0
0P0000GB26.BO,Invesco India Financial Services Fund,10,,-0.3886060606060607,0.16498316498316506,299.99999999999994,1,,0.0
0P0000GB29.BO,Aditya Birla Sun Life ELSS Tax Saver Fund,10,,0.0,,,0,,0.0
0P0000GB2A.BO,Quant Focused Fund,10,,0.0,,,0,,0.0
0P0000GB2V.BO,Taurus ELSS Tax Saver Fund,10,,0.0,,,0,,0.0
0P0000GB2W.BO,Taurus Large Cap Fund,10,,0.8018181818181818,0.2727272727272727,299.99999999999994,1,,7.35
0P0000GB2Y.BO,Sundaram Financial Services Opportunities Fund,10,,0.0,,,0,,0.0
0P0000GB31.BO,Nippon India Quant Fund,10,,0.0,,,0,,0.0
0P0000GB32.BO,ICICI Prudential Large Cap Fund (erstwhile Bluechip Fund),10,,-0.03490909090909083,0.0005968471239817757,52.41700452471181,3,inf,-4.425
0P0000GB35.BO,Nippon India Quant Fund,10,,0.0,,,0,,0.0
0P0000GB36.BO,Nippon India Quant Fund,10,,0.0,,,0,,0.0
0P0000GB38.BO,Invesco India Financial Services Fund,10,,0.0,,,0,,0.0
0P0000GB48.BO,ICICI Prudential Large Cap Fund (erstwhile Bluechip Fund),10,,0.0,,,0,,0.0
0P0000GB4J.BO,Sundaram Financial Services Opportunities Fund,10,-3.0320443555855503,0.15084848484848487,0.02646271034619269,38.31805677598595,2,inf,-0.03500000000000014
0P0000GB5K.BO,ICICI Prudential Banking & Financial Services Fund,10,,0.0,,,0,,0.0
0P0000GB5M.BO,ICICI Prudential Banking & Financial Services Fund,10,,1.000242424242424,0.15054752465974292,60.86219670476959,4,inf,-9.665
0P0000GB5O.BO,Quant Focused Fund,10,,0.0,,,0,,0.0
0P0000GBBQ.BO,Aditya Birla Sun Life Banking & PSU Debt Fund,10,,0.2671515151515152,0.03929940625213179,72.02677328425956,2,inf,-3.14
0P0000GBBW.BO,Aditya Birla Sun Life Banking & PSU Debt Fund,10,0.8776414117215525,0.3456969696969697,0.0863900438409688,62.35218815833355,3,41.47130063888073,-6.404999999999999
0P0000GBCE.BO,BANDHAN EQUITY SAVINGS FUND,10,27.558827465452485,2.3933939393939396,0.12022956805168927,204.41302186004506,4,203.58440473278114,-32.97
0P0000GBCG.BO,Aditya Birla Sun Life Banking & PSU Debt Fund,10,,0.0,,,0,,0.0
0P0000GBD3.BO,Kotak Dynamic Term Fund,10,,0.0,,,0,,0.0
0P0000I4UN.BO,Nippon India Gilt Fund,10,,0.0,,,0,,0.0
0P0000I4UO.BO,Nippon India Gilt Fund,10,,-0.1258787878787879,0.016007200167525493,62.057203960207254,2,inf,-3.205
0P0000I4UP.BO,Nippon India Gilt Fund,10,,0.0,,,0,,0.0
0P0000I4UR.BO,Nippon India Gilt Fund,10,,0.0,,,0,,0.0
0P0000I4UU.BO,Nippon India Gilt Fund,10,,0.0,,,0,,0.0
0P0000I4UV.BO,Nippon India Gilt Fund,10,,0.0,,,0,,0.0
0P0000INYN.BO,BANDHAN LIQUID Fund,10,29.55361822059799,0.3806666666666667,0.3841640827757709,42.910736393007085,3,127.04686507415876,-1.85
0P0000IO54.BO,BANK OF INDIA LIQUID FUND,10,,0.0,,,0,,0.0
0P0000IQ4U.BO,UTI Multi Asset Allocation Fund,10,,-0.19278787878787879,0.07668049532298934,56.9876667735007,1,inf,-1.88
0P0000IQ4V.BO,UTI Multi Asset Allocation Fund,10,,0.0,,,0,,0.0
0P0000IQJ7.BO,Quant Flexi Cap Fund,10,,0.0,,,0,,0.0
0P0000IQJD.BO,Quant Flexi Cap Fund,10,,0.0,,,0,,0.0
0P0000IU8P.BO,BANK OF INDIA LARGE & MID CAP FUND,10,,0.0,,,0,,0.0
0P0000IU8R.BO,BANK OF INDIA LARGE & MID CAP FUND,10,,-1.3920606060606064,0.41978740201136266,157.79113544752946,1,,0.0
0P0000IU8S.BO,BANK OF INDIA LARGE & MID CAP FUND,10,,0.0,,,0,,0.0
0P0000IU8V.BO,BANK OF INDIA LARGE & MID CAP FUND,10,,-0.7358787878787879,0.2870355551902555,183.15539322635027,1,,0.0
0P0000IU8X.BO,BANK OF INDIA LARGE & MID CAP FUND,10,,-0.04963636363636363,0.03461993508849265,249.58899466203607,1,,0.0
0P0000IU8Y.BO,BANK OF INDIA LARGE & MID CAP FUND,10,,-0.9570909090909091,0.5320277158696861,141.3685786815869,1,,0.0
0P0000IU8Z.BO,BANK OF INDIA LARGE & MID CAP FUND,10,,0.0,,,0,,0.0
0P0000IUH0.BO,JM Flexi Cap Fund,10,,-0.542121212121212,0.0841750841750842,299.9999999999999,1,,0.0
0P0000IUH5.BO,Edelweiss Money Market Fund,10,,0.3583636363636364,0.2727272727272727,300.0,1,,3.285
0P0000IUHD.BO,JM Flexi Cap Fund,10,,0.0,,,0,,0.0
0P0000IUIA.BO,BARODA BNP PARIBAS CORPORATE BOND FUND,10,,0.0,,,0,,0.0
0P0000IUJP.BO,Aditya Birla Sun Life Global Emerging Opportunities Fund,10,,0.0,,,0,,0.0
0P0000IUJV.BO,Aditya Birla Sun Life Global Emerging Opportunities Fund,10,,0.0,,,0,,0.0
0P0000IULM.BO,BARODA BNP PARIBAS CORPORATE BOND FUND,10,,0.0,,,0,,0.0
0P0000IUMH.BO,Edelweiss Money Market Fund,10,,0.0,,,0,,0.0
0P0000IUTU.BO,Edelweiss Money Market Fund,10,,0.0,,,0,,0.0
0P0000IX6F.BO,Edelweiss Liquid Fund,10,33.29068077889949,0.009575757575757566,0.00022472027438845944,69.76269352619356,2,inf,0.6799999999999999
0P0000IX6S.BO,Canara Robeco Liquid Fund,10,27.32520683245927,0.3721818181818183,0.3051606649024552,42.975001867800465,4,135.68472722892454,-1.7949999999999995
0P0000IX75.BO,Edelweiss Liquid Fund,10,27.242501041553368,0.26606060606060605,0.18352201759509165,46.43079311750131,2,140.92574172998926,-1.7749999999999997
0P0000IX7J.BO,Canara Robeco Liquid Fund,10,37.132520448167305,0.38151515151515153,0.30964575655438886,43.98646932749626,4,274.7776658069993,-1.785
0P0000IX84.BO,Aditya Birla Sun Life Banking & PSU Debt Fund,10,,0.13696969696969694,0.041988755010888806,44.40166798461224,3,inf,-2.375
0P0000IX8D.BO,Canara Robeco Liquid Fund,10,,0.0,,,0,,0.0
0P0000IX90.BO,Nippon India Corporate Bond Fund,10,29.25363378095236,0.26951515151515154,0.12425064298412464,41.75972848362453,3,183.0886162622665,-2.5100000000000002
0P0000JCBY.BO,HDFC Large & Mid Cap Fund,10,,0.0,,,0,,0.0
0P0000JTF3.BO,BANK OF INDIA ELSS TAX SAVER FUND,10,,-1.8845454545454545,0.5103920801866386,130.3859370139166,1,,0.0
0P0000JWKB.BO,Mirae Asset Liquid Fund,10,7.536323376185661,0.24793939393939396,0.10734306671542433,51.69154466686666,3,107.59070660934094,-3.1249999999999996
0P0000JWKD.BO,Mirae Asset Liquid Fund,10,,0.0,,,0,,0.0
0P0000JWUB.BO,BARODA BNP PARIBAS LIQUID FUND,10,37.82671963377617,0.3595757575757576,0.28456366321410864,42.86250673599585,3,289.45245197533393,-1.7650000000000001
0P0000JWUH.BO,BARODA BNP PARIBAS LIQUID FUND,10,,0.0,,,0,,0.0
0P0000JWUJ.BO,BARODA BNP PARIBAS LIQUID FUND,10,22.17516386147953,0.24654545454545457,0.16052266723904784,42.143185960286274,2,112.81961102960626,-0.8749999999999999
0P0000JWUO.BO,UTI Conservative Hybrid Fund,10,,0.142,0.29565404390920996,89.61855742582271,2,,-0.14500000000000002
0P0000JWUV.BO,Taurus Flexi Cap Fund,10,4.9110078804764035,-0.7576363636363636,0.23934671162822382,157.1209814728577,2,,1.6550000000000002
0P0000JWUX.BO,Edelweiss Liquid Fund,10,,0.0,,,0,,0.0
0P0000JWUY.BO,BANDHAN Dynamic Term Fund,10,,0.0,,,0,,0.0
0P0000JWV5.BO,Bandhan 10  year Constant Maturity Gilt Fund,10,,-0.32309090909090915,0.05972997728231273,71.82013669750957,3,101.2814361842544,-4.465
0P0000JWVH.BO,BARODA BNP PARIBAS CORPORATE BOND FUND,10,20.626640412837773,0.4418787878787878,0.3073834545593899,57.01699636622784,2,inf,-2.05
0P0000JXFM.BO,ICICI Prudential Floating Interest Rates Fund,10,35.05656136228961,0.30824242424242426,0.15067042682850826,44.32365795180054,3,258.5523295952926,-2.13
0P0000JXFP.BO,Aditya Birla Sun Life Dynamic Term Fund,10,,0.24466666666666673,0.11823296037870838,45.56905791717574,4,inf,-2.4050000000000002
0P0000JXFR.BO,Aditya Birla Sun Life Floating Interest Rates Fund,10,,0.0,,,0,,0.0
0P0000JXFZ.BO,BARODA BNP PARIBAS CORPORATE BOND FUND,10,16.990069828497045,0.46915151515151515,0.36359042569280353,59.64172351779082,2,inf,-1.9499999999999997
0P0000JXG2.BO,BARODA BNP PARIBAS CORPORATE BOND FUND,10,,-0.31272727272727274,0.09368349545332313,103.55267985533092,3,,0.0
0P0000JXG5.BO,BARODA BNP PARIBAS CORPORATE BOND FUND,10,17.2953953085762,0.3967272727272728,0.2918465553563514,52.056181563818825,2,inf,-1.945
0P0000JXG7.BO,BARODA BNP PARIBAS CORPORATE BOND FUND,10,20.8313645296071,0.4824848484848485,0.32809594484625,64.26066893210151,2,inf,-2.04
0P0000JXGE.BO,BANDHAN Dynamic Term Fund,10,,-0.6396969696969697,0.12365668551499455,216.180151338251,1,,0.0
0P0000JXHK.BO,BANK OF INDIA CONSERVATIVE HYBRID FUND,10,,-0.11369696969696971,0.4907948493104225,200.9268062022934,0,,0.0
0P0000JXHM.BO,BANK OF INDIA CONSERVATIVE HYBRID FUND,10,,-0.19242424242424244,0.3476500400583203,163.59159842384017,1,,0.0
0P0000JXIT.BO,Quantum ELSS Tax Saver Fund,10,,0.0,,,0,,0.0
0P0000JXJE.BO,BANDHAN ELSS - Tax Saver Fund,10,,0.0,,,0,,0.0
0P0000JXJQ.BO,Bandhan Gilt   Fund,10,,0.0,,,0,,0.0
0P0000JXJR.BO,Taurus Ethical Fund,10,,0.0,,,0,,0.0
0P0000JXKF.BO,Taurus Ethical Fund,10,,0.0,,,0,,0.0
0P0000JZZN.BO,Taurus Ethical Fund,10,,0.0,,,0,,0.0
0P0000JZZZ.BO,Bandhan Gilt   Fund,10,,-0.7141212121212122,0.12274557483673035,218.04779319691175,1,,0.0
0P0000K003.BO,Quantum ELSS Tax Saver Fund,10,,0.0,,,0,,0.0
0P0000K0LR.BO,BANDHAN ELSS - Tax Saver Fund,10,,0.6731515151515151,0.19267838243490504,108.89420788946624,1,,-3.665
0P0000K102.BO,PGIM India Gilt Fund,10,18.51866907907027,0.3567878787878788,0.2962539436285603,34.80871685693738,3,37.998532016946896,-1.7649999999999995
0P0000K1BR.BO,Baroda BNP Paribas Dynamic Term Fund,10,,0.0,,,0,,0.0
0P0000K1C0.BO,BANK OF INDIA ELSS TAX SAVER FUND,10,,0.0,,,0,,0.0
0P0000K1C8.BO,PGIM India Gilt Fund,10,,0.0,,,0,,0.0
0P0000K1CD.BO,BANK OF INDIA CONSERVATIVE HYBRID FUND,10,,0.0,,,0,,0.0
0P0000K1CE.BO,Edelweiss ELSS Tax Saver Fund,10,,-0.6846666666666668,0.5612061762762064,78.66630130327823,2,,0.0
0P0000K1CF.BO,BANK OF INDIA CONSERVATIVE HYBRID FUND,10,,0.0,,,0,,0.0
0P0000K1CG.BO,Edelweiss ELSS Tax Saver Fund,10,,0.0,,,0,,0.0
0P0000K1CK.BO,BANK OF INDIA CONSERVATIVE HYBRID FUND,10,,-0.3282424242424243,0.33639083381969037,147.2416025772289,2,,0.0
0P0000K1CM.BO,BANK OF INDIA CONSERVATIVE HYBRID FUND,10,,-0.23878787878787883,0.2906002873879522,131.1654633898286,1,,0.0
0P0000K1D1.BO,Canara Robeco ELSS - Tax Saver Fund,10,,0.0,,,0,,0.0
0P0000K1PK.BO,BANK OF INDIA ELSS TAX SAVER FUND,10,,-1.0505454545454544,0.22606783691953708,154.56227013221903,2,,0.0
0P0000K1PL.BO,BANK OF INDIA ELSS TAX SAVER FUND,10,,0.0,,,0,,0.0
0P0000K8MR.BO,Edelweiss Large Cap Fund,10,,0.0,,,0,,0.0
0P0000K8MS.BO,Edelweiss Large Cap Fund,10,-7.986199027083696,-0.4743030303030303,0.3557770069523694,32.23241061859975,3,-2.8215867140448996,0.52
0P0000K8MT.BO,Edelweiss Large Cap Fund,10,,0.5776363636363637,0.2727272727272727,300.0,1,,5.295
0P0000K8MU.BO,Edelweiss Large Cap Fund,10,,0.0,,,0,,0.0
0P0000K8MV.BO,Edelweiss Large Cap Fund,10,,0.44781818181818195,0.2727272727272728,300.00000000000006,1,,4.105
0P0000K8MW.BO,Edelweiss Large Cap Fund,10,,0.0,,,0,,0.0
0P0000K9T2.BO,Edelweiss Aggressive Hybrid Fund,10,,0.0,,,0,,0.0
0P0000K9UF.BO,Canara Robeco Dynamic Term Fund,10,,0.0,,,0,,0.0
0P0000K9UH.BO,Canara Robeco Dynamic Term Fund,10,,0.15987878787878787,0.07610022691918442,39.672481460763805,3,inf,-1.2449999999999999
0P0000K9UP.BO,Edelweiss Aggressive Hybrid Fund,10,22.96754343848231,-0.06321212121212123,0.004880221638395518,78.35416627241538,2,inf,0.31500000000000017
0P0000K9VN.BO,ICICI Prudential Focused Fund,10,,0.8404848484848486,0.36282412054401053,53.25306066298145,3,,0.375
0P0000K9VO.BO,ICICI Prudential Focused Fund,10,,0.0,,,0,,0.0
0P0000KPLJ.BO,UTI - Money Market Fund,10,,0.0,,,0,,0.0
0P0000KPLK.BO,UTI - Money Market Fund,10,38.50811348793719,0.6216969696969696,0.21994344482670947,93.6907065476453,3,,-1.0599999999999998
0P0000KPO1.BO,ICICI Prudential Corporate Bond Fund,10,,0.0,,,0,,0.0
0P0000KPO5.BO,ICICI Prudential Corporate Bond Fund,10,7.88662929969377,0.04151515151515153,0.002637600819969094,48.14063394818886,3,38.32213488441427,-2.42
0P0000KPOC.BO,ICICI Prudential Corporate Bond Fund,10,19.438276231354724,0.1838181818181818,0.05771280078177468,41.553326638378586,3,89.57975040653452,-2.5949999999999998
0P0000KRAV.BO,Franklin Build India Fund,10,,0.0,,,0,,0.0
0P0000KRAY.BO,Quantum Diversified Equity All Cap Active FOF,10,,0.0,,,0,,0.0
0P0000KRAZ.BO,DSP Global Clean Energy Overseas Equity Omni FoF,10,,0.0,,,0,,0.0
0P0000KRBF.BO,Quantum Diversified Equity All Cap Active FOF,10,,0.0,,,0,,0.0
0P0000KRBG.BO,DSP Global Clean Energy Overseas Equity Omni FoF,10,,0.24696969696969703,0.07802044771075882,122.50875376637246,1,,-2.51
0P0000KRBI.BO,Franklin Build India Fund,10,,0.03181818181818181,0.0005545884036823362,50.26241930275614,3,inf,-4.86
0P0000KRPG.BO,Invesco India Large Cap Fund,10,,0.7544848484848484,0.11776779308562667,100.53920233537501,1,,-5.595
0P0000KSLM.BO,Canara Robeco Consumption Fund,10,,0.0,,,0,,0.0
0P0000KUO1.BO,Invesco India Large Cap Fund,10,,0.0,,,0,,0.0
0P0000KV36.BO,Kotak Flexi Cap Fund,10,,0.0,,,0,,0.0
0P0000KV37.BO,Edelweiss Aggressive Hybrid Fund,10,,0.0,,,0,,0.0
0P0000KV39.BO,SBI SMALL CAP FUND,10,,0.0,,,0,,0.0
0P0000KV3A.BO,Kotak Flexi Cap Fund,10,,-0.4946666666666666,0.340467391563439,155.49273446436018,2,,0.0
0P0000KV3B.BO,SBI SMALL CAP FUND,10,,0.0,,,0,,0.0
0P0000KYO6.BO,Edelweiss Balanced Advantage Fund,10,,0.0,,,0,,0.0
0P0000KYO9.BO,Edelweiss Greater China Equity Off-shore Fund,10,,0.0,,,0,,0.0
0P0000L11T.BO,Edelweiss Balanced Advantage Fund,10,,-0.1444242424242424,0.03805495161204382,53.06915137889735,2,42.572474364958964,-2.94
0P0000L16O.BO,ADITYA BIRLA SUN LIFE ARBITRAGE FUND,10,,0.0,,,0,,0.0
0P0000L16T.BO,ADITYA BIRLA SUN LIFE ARBITRAGE FUND,10,9.239321814693113,0.19739393939393937,0.08553081733760032,51.49137592803955,5,70.29948160882681,-1.7599999999999998
0P0000LZXS.BO,HSBC Credit Risk Fund,10,,0.22248484848484856,0.06109473265695569,55.659565516764296,2,105.3439606239026,-4.125
0P0000LZXT.BO,HSBC Credit Risk Fund,10,,0.0,,,0,,0.0
0P0000M0QV.BO,Axis Liquid Fund,10,,0.0,,,0,,0.0
0P0000M0QW.BO,Axis Liquid Fund,10,36.86388963125291,0.371090909090909,0.2906025837892126,43.123918223904326,3,277.77596682648095,-1.8199999999999998
0P0000M0QX.BO,Axis Liquid Fund,10,27.283907677041785,0.3573333333333333,0.288822769673726,41.55322836136002,3,136.6702192122009,-1.8199999999999998
0P0000M5L4.BO,SBI BANKING & PSU DEBT FUND,10,,0.0,,,0,,0.0
0P0000M5LV.BO,SBI BANKING & PSU DEBT FUND,10,,-0.3835151515151515,0.2819429691406821,196.0844698626816,2,,0.0
0P0000M5LY.BO,SBI BANKING & PSU DEBT FUND,10,,0.005515151515151516,4.8159765126901714e-05,70.95633596754527,3,inf,-0.22499999999999987
0P0000MLHH.BO,Axis Large Cap Fund,10,,0.0,,,0,,0.0
0P0000MLHP.BO,Axis Large Cap Fund,10,,-0.8823030303030304,0.5796433552607086,39.664212766679526,2,-12.300279588535034,-2.64
0P0000MORG.BO,DSP World Mining Overseas Equity Omni FoF,10,,0.5707878787878788,0.3472607816431944,158.97754943541494,3,,-2.67
0P0000MORH.BO,DSP World Mining Overseas Equity Omni FoF,10,,0.0,,,0,,0.0
0P0000N0B5.BO,Axis ELSS- Tax Saver Fund,10,,0.0,,,0,,0.0
0P0000N0B6.BO,Axis ELSS- Tax Saver Fund,10,,-0.6421818181818183,0.16265396945068364,45.93754253520147,2,-5.8576794867008966,-4.395
0P0000N0B9.BO,BANDHAN CONSERVATIVE HYBRID FUND,10,26.843661364952375,1.015030303030303,0.155452641043267,124.23501230136769,4,138.01374069807179,-12.355
0P0000N0BA.BO,BANDHAN CONSERVATIVE HYBRID FUND,10,,0.0,,,0,,0.0
0P0000N0I3.BO,Aditya Birla Sun Life Short Term Fund,10,8.056302934059566,0.2864848484848486,0.1278341498500574,44.114803781610554,3,31.806173491249158,-3.8999999999999995
0P0000N3OO.BO,Tata Value Fund,10,,0.1432727272727273,0.04384700642224744,111.78966572565984,2,,-2.06
0P0000N41O.BO,Canara Robeco Consumption Fund,10,-6.922157443272592,-0.4513939393939394,0.2488313347234554,49.450969095541794,1,73.32781142068973,2.26
0P0000N5I2.BO,Canara Robeco Conservative Hybrid Fund,10,10.323272750794676,-0.007151515151515115,4.463712568609178e-05,45.970651882031405,3,33.17452563320605,-1.715
0P0000N74P.BO,ICICI Prudential Banking and PSU Debt Fund,10,,0.0,,,0,,0.0
0P0000N8UZ.BO,Invesco India Liquid Fund,10,,0.0,,,0,,0.0
0P0000N8V1.BO,Invesco India Liquid Fund,10,26.843661364952375,0.35745454545454536,0.28852354167500216,42.046295635976776,3,133.44257274463152,-1.825
0P0000N9S3.BO,Navi Liquid Fund,10,,0.7104848484848485,0.5374258421832756,128.22204488864085,4,inf,-2.0
0P0000N9S4.BO,Navi Liquid Fund,10,,0.724909090909091,0.4947434739098576,129.66255402402533,3,inf,-1.935
0P0000N9VG.BO,BANK OF INDIA MANUFACTURING & INFRASTRUCTURE FUND,10,,0.0,,,0,,0.0
0P0000N9VH.BO,BANK OF INDIA MANUFACTURING & INFRASTRUCTURE FUND,10,,-1.4120000000000001,0.6393001756012926,152.7816427691892,1,,0.0
0P0000N9VI.BO,BANK OF INDIA MANUFACTURING & INFRASTRUCTURE FUND,10,,-0.9282424242424244,0.28256062458882747,221.54203684645225,1,,0.0
0P0000N9YQ.BO,Sundaram Conservative Hybrid Fund (Formerly Known as Sundaram Debt Oriented Hybrid Fund),10,,0.0,,,0,,0.0
0P0000N9YS.BO,Sundaram Conservative Hybrid Fund (Formerly Known as Sundaram Debt Oriented Hybrid Fund),10,,-0.009151515151515174,0.0003773956725903125,87.35144659854069,2,67.43699816876789,-0.405
0P0000NG9A.BO,Axis Liquid Fund,10,,0.0,,,0,,0.0
0P0000NG9C.BO,Axis Liquid Fund,10,39.28993661373714,0.44993939393939403,0.40957787743747626,45.769613387975056,4,272.51508031498366,-1.565
0P0000NNR0.BO,PGIM India Global Equity Opportunities Fund of Fund,10,,0.0,,,0,,0.0
0P0000NOLQ.BO,Kotak Credit Risk Fund,10,,0.0,,,0,,0.0
0P0000NOLU.BO,Kotak Credit Risk Fund,10,,-0.509878787878788,0.2832514410768444,156.2602443063528,2,,0.0
0P0000NOLZ.BO,BANDHAN Nifty 50 Index Fund,10,,0.0,,,0,,0.0
0P0000NOM0.BO,BANDHAN Nifty 50 Index Fund,10,,-0.2490909090909091,0.0841750841750842,300.0,1,,0.0
0P0000NONL.BO,BANDHAN LIQUID Fund,10,,0.0,,,0,,0.0
0P0000NR4T.BO,DSP Focused Fund,10,,0.0,,,0,,0.0
0P0000NR4U.BO,DSP Focused Fund,10,,0.6201818181818183,0.14554736197732931,86.5470732539449,1,,-4.495
0P0000O8SK.BO,SBI PSU FUND,10,,0.0,,,0,,0.0
0P0000O8SL.BO,SBI PSU FUND,10,,0.0,,,0,,0.0
0P0000ON3K.BO,Axis Conservative Hybrid Fund,10,,0.0,,,0,,0.0
0P0000ON3L.BO,Axis Conservative Hybrid Fund,10,-5.706738669095213,0.39187878787878794,0.07590828061132654,73.74360905494305,2,106.63800751540913,-4.305
0P0000ON3M.BO,Axis Conservative Hybrid Fund,10,-7.348806979462452,-0.12042424242424243,0.016125386783908735,68.07964392066435,3,inf,-1.1949999999999998
0P0000ON3N.BO,Axis Conservative Hybrid Fund,10,,-0.38442424242424245,0.20872659722620715,61.701436246333806,1,inf,-1.8699999999999999
0P0000ON3O.BO,Mirae Asset Large & Midcap Fund,10,,0.0,,,0,,0.0
0P0000ON3P.BO,Mirae Asset Large & Midcap Fund,10,,-0.031393939393939405,0.0006065351213953632,51.67061907535139,3,inf,-4.025
0P0000OOHH.BO,Taurus Nifty 50 Index Fund,10,,0.0,,,0,,0.0
0P0000OOHI.BO,Taurus Nifty 50 Index Fund,10,-20.957394902505023,-2.075454545454545,0.21361004488558935,266.10702839248404,1,,2.605
0P0000OPMN.BO,ICICI Prudential Nifty Next 50 Index Fund,10,,0.0,,,0,,0.0
0P0000OPMO.BO,ICICI Prudential Nifty Next 50 Index Fund,10,,0.0,,,0,,0.0
0P0000P0VU.BO,Axis Multi Asset Allocation Fund,10,,0.0,,,0,,0.0
0P0000P0VV.BO,Axis Multi Asset Allocation Fund,10,,0.8560606060606061,0.37473795026208917,58.73203437961645,3,,-2.4650000000000003
0P0000P0VW.BO,Canara Robeco Large Cap Fund,10,,0.0,,,0,,0.0
0P0000P0VX.BO,Canara Robeco Large Cap Fund,10,,-0.3636969696969697,0.07486537086421666,81.91191206054964,4,inf,-2.69
0P0000P3ER.BO,UTI Dynamic Term Fund,10,,0.0,,,0,,0.0
0P0000P3ES.BO,UTI Dynamic Term Fund,10,,-0.15600000000000003,0.07613420904940313,162.39088644379032,1,,0.0
0P0000P3M9.BO,ICICI Prudential Conservative Hybrid Fund,10,,-0.08375757575757563,0.003297635543359172,72.555938801218,1,inf,-3.955
0P0000P3MA.BO,ICICI Prudential Conservative Hybrid Fund,10,,0.08072727272727273,0.002583725104175051,74.14942295677405,1,149.46777366497088,-4.035
0P0000POU0.BO,HDFC Corporate Bond Fund,10,,0.0,,,0,,0.0
0P0000POU1.BO,HDFC Corporate Bond Fund,10,,-0.06927272727272725,0.005650004850371454,53.44370057604246,1,44.965273812550016,-3.665
0P0000PTGR.BO,Nippon India Small Cap Fund,10,,0.0,,,0,,0.0
0P0000PTGS.BO,Nippon India Small Cap Fund,10,,0.5928484848484848,0.13073630455115168,112.50539845537686,1,,-4.635
0P0000PUUG.BO,LIC MF Nifty Next 50 Index Fund,10,,0.0,,,0,,0.0
0P0000PUUH.BO,LIC MF Nifty Next 50 Index Fund,10,,0.0,,,0,,0.0
0P0000PWE3.BO,Nippon India Index Fund - Nifty 50 Plan,10,,-0.6824242424242424,0.290671960091477,160.72641222225394,2,,0.0
0P0000PWE4.BO,Nippon India Index Fund - Nifty 50 Plan,10,,-0.6824242424242424,0.290671960091477,160.72641222225394,2,,0.0
0P0000PWE5.BO,Nippon India Index Fund - Nifty 50 Plan,10,,-0.6828484848484849,0.29052861589353957,160.652933637474,2,,0.0
0P0000PWE6.BO,Nippon India Index Fund - BSE Sensex Plan,10,,-0.6967272727272728,0.2921127265788608,161.12559036112143,1,,0.0
0P0000PWE7.BO,Nippon India Index Fund - BSE Sensex Plan,10,,-0.6967272727272728,0.2921127265788608,161.12559036112143,1,,0.0
0P0000PWE8.BO,Nippon India Index Fund - BSE Sensex Plan,10,,-0.6967272727272728,0.2921127265788608,161.12559036112143,1,,0.0
0P0000PWF1.BO,Nippon India Index Fund - Nifty 50 Plan,10,,0.0,,,0,,0.0
0P0000PWF2.BO,Nippon India Index Fund - Nifty 50 Plan,10,,0.0,,,0,,0.0
0P0000PWF3.BO,Nippon India Index Fund - BSE Sensex Plan,10,,0.0,,,0,,0.0
0P0000PWF4.BO,Nippon India Index Fund - BSE Sensex Plan,10,,0.0,,,0,,0.0
0P0000PYDD.BO,Nippon India Arbitrage Fund,10,,0.0,,,0,,0.0
0P0000PYDE.BO,Nippon India Arbitrage Fund,10,,-0.45000000000000007,0.5556767756461152,136.42149814264562,1,,0.0
0P0000PYHC.BO,DSP Small Cap Fund,10,,-0.1895757575757575,0.014313431112935062,53.5198203340555,3,inf,-4.575
0P0000RT81.BO,ICICI Prudential Credit Risk Fund,10,,0.0,,,0,,0.0
0P0000RT82.BO,ICICI Prudential Credit Risk Fund,10,13.928526414837972,0.2704848484848485,0.15944502089233012,36.104077472595556,3,37.11232679183364,-1.88
0P0000RWQE.BO,Sundaram Dynamic Asset Allocation Fund (Formerly Known as Sundaram Balanced Advantage Fund),10,,0.0,,,0,,0.0
0P0000RWQF.BO,Sundaram Dynamic Asset Allocation Fund (Formerly Known as Sundaram Balanced Advantage Fund),10,15.55589271036062,0.1685454545454545,0.0367525856066198,40.12752169832513,2,95.31635920163248,-2.105
0P0000S4C2.BO,Nippon India Aggressive Hybrid Fund (Existing Number of Segregated Portfolios - 2),10,,0.29466666666666674,0.07565654905668537,113.79627166400176,1,,-3.805
0P0000S4C3.BO,Nippon India Credit Risk Fund (Existing Number of Segregated Portfolios - 1),10,12.668363941389327,0.47472727272727283,0.32304438578184513,54.363339873861605,1,inf,-1.71
0P0000S4C4.BO,Nippon India Value Fund,10,,0.07987878787878787,0.004318273870148982,56.7158882309072,2,inf,-3.6099999999999994
0P0000S4CH.BO,Nippon India Credit Risk Fund (Existing Number of Segregated Portfolios - 1),10,,0.0,,,0,,0.0
0P0000SBJ7.BO,HSBC Aggressive Hybrid Fund,10,,0.0,,,0,,0.0
0P0000SBJ8.BO,HSBC Aggressive Hybrid Fund,10,20.891362418876923,0.7293939393939394,0.47706124393194294,58.726177127846846,5,75.58703331075293,-2.8999999999999995
0P0000SBJ9.BO,HSBC Balanced Advantage Fund,10,,0.0,,,0,,0.0
0P0000SBJA.BO,HSBC Balanced Advantage Fund,10,18.83490576092235,0.21684848484848487,0.07480469569869164,35.840307365628455,3,95.63947523404835,-2.3649999999999998
0P0000TDG7.BO,Axis Midcap Fund,10,,-0.004060606060605974,8.867303894551691e-06,50.36280813098818,3,inf,-4.785
0P0000TDG8.BO,Axis Midcap Fund,10,,0.0,,,0,,0.0
0P0000TFOT.BO,Axis Dynamic Term Fund,10,,0.0,,,0,,0.0
0P0000TFOU.BO,Axis Dynamic Term Fund,10,,-0.08054545454545456,0.010327318643072349,52.202119412736636,4,inf,-0.9550000000000001
0P0000TFOV.BO,Axis Dynamic Term Fund,10,,-0.4441818181818182,0.25667961694917946,61.79658096364506,3,5.6740385322239195,-1.795
0P0000TFP2.BO,HSBC Brazil Fund,10,,0.0,,,0,,0.0
0P0000TFP3.BO,HSBC Brazil Fund,10,,0.0,,,0,,0.0
0P0000TFXX.BO,ICICI Prudential Ultra Short term Fund,10,,0.0,,,0,,0.0
0P0000TFXY.BO,ICICI Prudential Ultra Short term Fund,10,31.40105675458942,0.14357575757575752,0.04815616889298036,40.26654111484406,3,208.42690162473696,-1.9149999999999996
0P0000TFXZ.BO,ICICI Prudential Ultra Short term Fund,10,3.6712984570517415,0.028060606060606126,0.0020219085666553886,41.27180239827906,2,29.239391974191328,-2.41
0P0000TFY1.BO,LIC MF Equity Savings Fund,10,,0.0,,,0,,0.0
0P0000TFY2.BO,LIC MF Equity Savings Fund,10,,0.011939393939393946,0.00034959605841501645,199.57699586112668,1,,0.9300000000000002
0P0000TFY3.BO,LIC MF Equity Savings Fund,10,,0.09575757575757579,0.019139498453751798,223.3802814883363,1,,1.235
0P0000TFY7.BO,BANDHAN Infrastructure Fund,10,,0.0,,,0,,0.0
0P0000TFY8.BO,BANDHAN Infrastructure Fund,10,,0.15327272727272725,0.0202208473032084,101.47287772432425,1,,-3.6
0P0000TFYH.BO,Kotak Gold Fund,10,,0.0,,,0,,0.0
0P0000TFYI.BO,Kotak Gold Fund,10,,0.0,,,0,,0.0
0P0000TFYR.BO,Nippon India Gold Savings Fund,10,,0.0,,,0,,0.0
0P0000TFYS.BO,Nippon India Gold Savings Fund,10,,0.0,,,0,,0.0
0P0000TJHA.BO,Union Flexi Cap Fund,10,,0.0,,,0,,0.0
0P0000TJHB.BO,Union Flexi Cap Fund,10,6.395398543266451,0.008848484848484864,3.109191545610518e-05,162.3211247477877,1,,6.665
0P0000TJHC.BO,Union Liquid Fund,10,,0.0,,,0,,0.0
0P0000TJHF.BO,Union Liquid Fund,10,36.63676317175402,0.47151515151515155,0.4474040962158444,47.39596881421587,3,140.70526050582902,-1.8499999999999999
0P0000TJHG.BO,Union Liquid Fund,10,26.949594429021097,0.46412121212121216,0.44773881263060167,46.33162844627313,3,70.72885264430501,-1.845
0P0000TJXC.BO,Edelweiss ASEAN Equity Off-shore Fund,10,,0.0,,,0,,0.0
0P0000TZC6.BO,Tata Aggressive Hybrid Fund,10,,0.04812121212121213,0.0028957379101164672,46.56500448036429,3,inf,0.565
0P0000TZRE.BO,SBI GOLD FUND,10,,0.0,,,0,,0.0
0P0000TZRF.BO,SBI GOLD FUND,10,,0.0,,,0,,0.0
0P0000U3OG.BO,ICICI Prudential Gold ETF FOF,10,,0.0,,,0,,0.0
0P0000U3OH.BO,ICICI Prudential Gold ETF FOF,10,,0.0,,,0,,0.0
0P0000U9KG.BO,Axis Gold Fund,10,,0.0,,,0,,0.0
0P0000U9KH.BO,Axis Gold Fund,10,,0.0,,,0,,0.0
0P0000UAKS.BO,HSBC Equity Savings Fund,10,,0.0,,,0,,0.0
0P0000UAKT.BO,HSBC Equity Savings Fund,10,12.727180274956229,0.29121212121212126,0.13684402725158606,43.62568807706294,5,81.83229522483698,-2.8049999999999997
0P0000UAKU.BO,HSBC Equity Savings Fund,10,5.629698260283855,0.47739393939393937,0.27048389191713346,58.524589590076445,6,68.92591755328814,-2.96
0P0000UDRV.BO,Tata Retirement Savings Fund-Conservative Plan,10,,0.0,,,0,,0.0
0P0000UDRW.BO,Tata Retirement Savings Fund-Moderate Plan,10,,0.0,,,0,,0.0
0P0000UDRX.BO,Tata Retirement Savings Fund-Progressive Plan,10,,0.0,,,0,,0.0
0P0000UDS0.BO,HDFC Gold ETF Fund of Fund,10,,0.0,,,0,,0.0
0P0000UJ5X.BO,Union ELSS Tax Saver Fund (Formerly Union Tax Saver (ELSS) Fund,10,,0.0,,,0,,0.0
0P0000UJ5Y.BO,Union ELSS Tax Saver Fund (Formerly Union Tax Saver (ELSS) Fund,10,,-0.5785454545454545,0.4833130400032232,205.70463414584367,0,,0.0
0P0000UJI5.BO,Groww Liquid Fund,10,,0.0,,,0,,0.0
0P0000UJI7.BO,Groww Liquid Fund,10,36.406575586500935,0.36799999999999994,0.28869427525139485,44.34699219899623,3,272.7749751045935,-1.8649999999999998
0P0000UJI8.BO,Groww Liquid Fund,10,36.81870508549638,0.36369696969696974,0.29155333373117104,43.741201841353366,3,273.2942549161494,-1.815
0P0000UJI9.BO,Groww Liquid Fund,10,,0.39806060606060606,0.3396414493821101,44.007405724147624,3,inf,-1.625
0P0000UNSF.BO,Invesco India Gold ETF Fund of Fund,10,,0.0,,,0,,0.0
0P0000UNSG.BO,Invesco India Gold ETF Fund of Fund,10,,0.0,,,0,,0.0
0P0000V186.BO,PGIM India Dynamic Term Fund,10,,0.0,,,0,,0.0
0P0000V188.BO,PGIM India Dynamic Term Fund,10,15.295242997949199,0.30521212121212127,0.23406065626663544,34.1247926529679,2,34.55071796793316,-2.005
0P0000V2QE.BO,Axis Gilt Fund,10,,0.0,,,0,,0.0
0P0000V2QF.BO,Axis Gilt Fund,10,,0.38030303030303036,0.1266194193843,52.53765871898379,3,inf,-1.2850000000000001
0P0000V2QG.BO,Axis Gilt Fund,10,4.955752919048129,-0.2520606060606061,0.08978539283128881,44.71921170218486,1,25.858501760917267,1.6549999999999996
0P0000V6YR.BO,SBI LIQUID FUND,10,28.948645150795716,0.061272727272727256,0.005621825567428462,121.9339853303669,2,,1.7249999999999999
0P0000V731.BO,Union Dynamic Term Fund,10,,-0.22866666666666666,0.16498316498316506,300.0,1,,0.0
0P0000V732.BO,Union Dynamic Term Fund,10,,0.0,,,0,,0.0
0P0000V77R.BO,BANDHAN LIQUID Fund,10,27.56863968333687,0.3896363636363637,0.3574400702357108,42.39885510619169,3,116.17273846786783,-1.765
0P0000V77U.BO,BANDHAN LIQUID Fund,10,,-0.9262424242424243,0.09950660018098026,262.81853011164804,1,,0.0
0P0000V8K2.BO,Nippon India Floating Interest Rates Fund,10,23.416369878910647,0.23709090909090913,0.08126859639691586,47.453394612486186,3,95.18031124608385,-1.9549999999999998
0P0000VA2C.BO,Franklin U. S. Opportunities Equity Active Fund of Funds,10,,0.0,,,0,,0.0
0P0000VA2D.BO,Franklin U. S. Opportunities Equity Active Fund of Funds,10,,0.16090909090909095,0.2727272727272727,299.99999999999994,1,,1.475
0P0000VCCT.BO,ICICI Prudential Dynamic Term Fund,10,,-0.04915151515151515,0.003367003367003367,300.00000000000006,1,,0.0
0P0000VCCU.BO,ICICI Prudential Dynamic Term Fund,10,,0.0,,,0,,0.0
0P0000VCCW.BO,ICICI Prudential Dynamic Term Fund,10,,0.128,0.019416795137067334,54.83054352880919,3,inf,-3.06
0P0000VCD1.BO,BANDHAN CONSERVATIVE HYBRID FUND,10,12.193574882094227,0.2709696969696969,0.29814408677061205,32.881036407918934,4,31.793423052059122,-1.5499999999999998
0P0000VCJP.BO,HDFC Income Plus Arbitrage Active FOF,10,,0.0,,,0,,0.0
0P0000VCJR.BO,HDFC Income Plus Arbitrage Active FOF,10,,0.0,,,0,,0.0
0P0000VDYU.BO,Groww Large Cap Fund,10,,0.0,,,0,,0.0
0P0000VDYV.BO,Groww Large Cap Fund,10,,-1.6320000000000003,0.27272727272727293,299.99999999999994,0,,0.0
0P0000VHDR.BO,BARODA BNP PARIBAS CORPORATE BOND FUND,10,,-0.31375757575757574,0.09332476626604572,103.54527607055608,3,,0.0
0P0000VHDS.BO,Baroda BNP Paribas Dynamic Term Fund,10,,0.21733333333333338,0.0977197640621014,51.04618196862079,2,inf,-2.73
0P0000VHE0.BO,Edelweiss Aggressive Hybrid Fund,10,28.570474917045875,0.5960606060606061,0.21079910444880526,53.63036888550584,2,inf,-1.3649999999999998
0P0000VHE6.BO,Nippon India Small Cap Fund,10,,0.0,,,0,,0.0
0P0000VL21.BO,Invesco India Corporate Bond Fund,10,,,,,0,,0.0
0P0000VP4Z.BO,DSP Credit Risk Fund,10,36.03339710124543,1.598909090909091,0.5912095025990932,92.7457837839889,3,225.10725791020943,-1.5650000000000002
0P0000VT1J.BO,DSP Credit Risk Fund,10,,1.303030303030303,0.4879518013022854,89.65663572813708,3,inf,-3.7899999999999996
0P0000W3KS.BO,Taurus Banking & Financial Services Fund,10,,0.0,,,0,,0.0
0P0000W3KT.BO,Taurus Banking & Financial Services Fund,10,,0.0,,,0,,0.0
0P0000W9NJ.BO,Axis Banking and PSU Debt Fund,10,,0.0,,,0,,0.0
0P0000W9NL.BO,Axis Banking and PSU Debt Fund,10,34.76973679614457,0.21327272727272736,0.08691287172987927,42.553327188998935,3,340.438757404098,-2.37
0P0000W9NM.BO,Axis Banking and PSU Debt Fund,10,20.58667396637752,0.177030303030303,0.06085769421488704,41.66533996906922,3,124.87551848873493,-2.4800000000000004
0P0000WBTO.BO,Baroda BNP Paribas Banking and Financial Services Fund,10,,0.0,,,0,,0.0
0P0000WBTP.BO,Baroda BNP Paribas Banking and Financial Services Fund,10,,-0.34939393939393937,0.06300279900195672,52.80914953471889,2,inf,-4.875
0P0000WCFZ.BO,Axis Focused Fund,10,,0.0,,,0,,0.0
0P0000WCG0.BO,Axis Focused Fund,10,,-0.03836363636363632,0.0008055929379772313,50.76890829312231,3,inf,-4.34
0P0000WD5E.BO,ICICI Prudential US Bluechip Equity Fund,10,,0.0,,,0,,0.0
0P0000WD5F.BO,ICICI Prudential US Bluechip Equity Fund,10,,0.0,,,0,,0.0
0P0000WECS.BO,Quantum Multi Asset Active FOF,10,,0.0,,,0,,0.0
0P0000WEGR.BO,ICICI Prudential Dynamic Term Fund,10,,0.40078787878787875,0.13686701149186026,54.869690845007725,3,inf,-1.21
0P0000WMV5.BO,DSP US Specific Equity Omni FoF,10,,-0.3606666666666667,0.1280736621138034,51.978752066664,3,-1.0023668758311035,-2.695
0P0000WMV6.BO,DSP US Specific Equity Omni FoF,10,,0.0,,,0,,0.0
0P0000WUQS.BO,LIC MF Gold ETF Fund of Fund,10,,0.0,,,0,,0.0
0P0000WW1T.BO,Edelweiss Liquid Fund,10,,0.34418181818181814,0.2727272727272727,299.99999999999994,1,,3.1550000000000002
0P0000WW1U.BO,Edelweiss Liquid Fund,10,,0.0,,,0,,0.0
0P0000X3VR.BO,BANDHAN Dynamic Term   Fund,10,,0.17915151515151512,0.033011010828129086,60.7760025439153,3,inf,0.05500000000000016
0P0000X5QV.BO,Nippon India Dynamic Term Fund,10,,0.08757575757575757,0.007599869949146594,62.09192502069778,3,inf,-3.225
0P0000X76G.BO,Nippon India Liquid Fund,10,12.173431095301467,0.2944848484848485,0.2372467211428481,37.32130035452224,2,37.58343506923525,-1.845
0P0000XB0L.BO,Kotak Dynamic Term Fund,10,,-0.5195151515151516,0.24473551996623702,152.95714859486483,1,,0.0
0P0000XBWO.BO,ICICI Prudential Floating Interest Rates Fund,10,,-0.20121212121212123,0.03636156730653315,218.35862474377262,1,,0.0
0P0000XNSZ.BO,Bandhan Gilt    Fund,10,,0.01533333333333327,0.00020757563677723583,64.15233329945153,3,inf,-1.4649999999999999
0P0000XNT0.BO,UTI - Credit Risk Fund.,10,,0.0,,,0,,0.0
0P0000XNT1.BO,UTI - Credit Risk Fund.,10,,-0.1546666666666667,0.34472671715901365,223.85640658049078,1,,0.0
0P0000XQ8V.BO,Bandhan Gilt  Fund,10,,-0.2790303030303031,0.05617129603571421,67.76736155041638,2,322.42085844403005,-3.3899999999999997
0P0000XRKI.BO,BANDHAN Dynamic Term  Fund,10,,-0.25430303030303036,0.05966446468447334,65.8375263946554,2,72.19500611907687,-3.145
0P0000XS6F.BO,Edelweiss Liquid Fund,10,36.95390231403166,0.35527272727272724,0.2706981616717039,43.37261756871072,3,289.4847213969311,-1.845
0P0000XU1E.BO,Taurus Mid Cap Fund,10,,0.6447272727272727,0.2727272727272727,300.0,1,,5.91
0P0000XUCZ.BO,Invesco India Banking and PSU Debt Fund,10,,0.0,,,0,,0.0
0P0000XUM6.BO,Invesco India Banking and PSU Debt Fund,10,14.587018400554852,0.03327272727272727,0.001834412111973142,51.83149840506105,3,114.48166735066762,-2.135
0P0000XUXL.BO,Axis Banking and PSU Debt Fund,10,,0.0,,,0,,0.0
0P0000XUXS.BO,ICICI Prudential Floating Interest Rates Fund,10,,0.0,,,0,,0.0
0P0000XUXT.BO,ICICI Prudential Floating Interest Rates Fund,10,34.92372549485771,0.32424242424242417,0.14788459693145692,42.802821495445606,3,259.54498841607824,-2.305
0P0000XUXU.BO,ICICI Prudential Gilt Fund,10,,0.47648484848484846,0.17573680726465546,126.63734317062342,2,,-4.21
0P0000XUXV.BO,ICICI Prudential Gilt Fund,10,,0.0,,,0,,0.0
0P0000XUXY.BO,ICICI Prudential Long Term Fund,10,,0.11248484848484855,0.012491879112337166,59.65182096858667,3,inf,-2.795
0P0000XUXZ.BO,ICICI Prudential Long Term Fund,10,,0.0,,,0,,0.0
0P0000XUY2.BO,ICICI Prudential Small Cap Fund,10,,0.0,,,0,,0.0
0P0000XUY3.BO,ICICI Prudential Nifty 50 Index Fund,10,,0.0,,,0,,0.0
0P0000XUY4.BO,ICICI Prudential Infrastructure Fund,10,,0.19896969696969696,0.056041416271677504,56.155450617861746,4,inf,-2.94
0P0000XUY5.BO,ICICI Prudential Small Cap Fund,10,,0.3624848484848485,0.1525959045578472,82.18611373424416,2,,-2.49
0P0000XUY7.BO,ICICI Prudential Infrastructure Fund,10,,0.0,,,0,,0.0
0P0000XUYA.BO,ICICI Prudential Dynamic Term Fund,10,,0.0,,,0,,0.0
0P0000XUYC.BO,ICICI Prudential Liquid Fund -,10,,0.0,,,0,,0.0
0P0000XUYF.BO,ICICI Prudential Mid Cap Fund,10,,0.0,,,0,,0.0
0P0000XUYG.BO,ICICI Prudential Mid Cap Fund,10,,-0.16818181818181818,0.044746695656453186,42.18786089616116,2,3.0602718243818163,-3.105
0P0000XUYH.BO,ICICI Prudential Conservative Hybrid Fund,10,,0.11060606060606057,0.004306975447927156,73.3125631498479,1,inf,-4.225
0P0000XUYI.BO,ICICI Prudential Conservative Hybrid Fund,10,,0.0,,,0,,0.0
0P0000XUYJ.BO,ICICI Prudential Conservative Hybrid Fund,10,,-0.04387878787878789,0.0006310995244826614,76.6402069544089,1,inf,-4.215
0P0000XUYK.BO,ICICI Prudential Conservative Hybrid Fund,10,,0.324,0.05602035137270082,57.24911583500597,1,inf,-3.0349999999999997
0P0000XUYL.BO,ICICI Prudential Ultra Short term Fund,10,32.27065181821456,0.15406060606060604,0.04889584281472123,39.927447355805946,3,215.15155359665653,-2.0199999999999996
0P0000XUYQ.BO,ICICI Prudential Money Market Fund,10,,0.0,,,0,,0.0
0P0000XUYR.BO,ICICI Prudential Nifty Next 50 Index Fund,10,,0.0,,,0,,0.0
0P0000XUYS.BO,ICICI Prudential Nifty Next 50 Index Fund,10,,0.0,,,0,,0.0
0P0000XUYT.BO,ICICI Prudential Gold ETF FOF,10,,0.0,,,0,,0.0
0P0000XUYU.BO,ICICI Prudential Gold ETF FOF,10,,0.0,,,0,,0.0
0P0000XUYV.BO,ICICI Prudential Credit Risk Fund,10,,0.0,,,0,,0.0
0P0000XUYW.BO,ICICI Prudential Credit Risk Fund,10,13.321998200365858,0.27818181818181814,0.14811611787332352,35.26036096687798,3,36.081935598392754,-2.035
0P0000XUYX.BO,ICICI Prudential Short Term Fund,10,21.13029960322701,0.1115151515151515,0.017353202750482632,42.98942455265314,3,98.77818398992922,-2.565
0P0000XUYZ.BO,ICICI Prudential Short Term Fund,10,,0.0,,,0,,0.0
0P0000XUZ0.BO,ICICI Prudential Exports & Services Fund,10,,0.1703030303030303,0.04154326694344569,67.26268214828349,1,,-2.31
0P0000XUZ1.BO,ICICI Prudential Exports & Services Fund,10,,0.0,,,0,,0.0
0P0000XUZ2.BO,ICICI Prudential Focused Fund,10,,0.29587878787878785,0.14121421863566744,57.399137904978936,2,,-0.06500000000000039
0P0000XUZ3.BO,ICICI Prudential ELSS - Tax Saver Fund,10,,-0.038181818181818095,0.0015191781602120857,42.18454716003123,2,inf,-1.5149999999999997
0P0000XUZ4.BO,ICICI Prudential ELSS - Tax Saver Fund,10,,0.0,,,0,,0.0
0P0000XUZ5.BO,ICICI Prudential Technology Fund,10,,0.3833939393939394,0.27074464913946444,51.59369363737339,3,inf,0.3799999999999999
0P0000XUZ6.BO,ICICI Prudential Technology Fund,10,,0.0,,,0,,0.0
0P0000XUZ7.BO,ICICI Prudential Large & Mid Cap Fund,10,,0.18696969696969698,0.03543319828566645,66.30124369207603,2,,-2.74
0P0000XUZ9.BO,ICICI Prudential Multi Cap Fund,10,,-0.24193939393939395,0.09176114871598709,43.6298339458511,2,-1.1883866122697826,-2.66
0P0000XUZA.BO,ICICI Prudential Multi Cap Fund,10,,0.0,,,0,,0.0
0P0000XUZB.BO,ICICI Prudential US Bluechip Equity Fund,10,,0.0,,,0,,0.0
0P0000XUZC.BO,ICICI Prudential US Bluechip Equity Fund,10,,0.0,,,0,,0.0
0P0000XUZE.BO,ICICI Prudential Corporate Bond Fund,10,,0.0,,,0,,0.0
0P0000XUZM.BO,LIC MF Gold ETF Fund of Fund,10,,0.0,,,0,,0.0
0P0000XUZT.BO,LIC MF Equity Savings Fund,10,,0.0,,,0,,0.0
0P0000XUZU.BO,LIC MF Equity Savings Fund,10,,-0.04957575757575758,0.005413188912594641,216.97259717520373,1,,0.475
0P0000XUZW.BO,LIC MF Equity Savings Fund,10,,0.11066666666666669,0.01731868561828501,224.89616903752295,1,,1.45
0P0000XUZX.BO,LIC MF Nifty Next 50 Index Fund,10,,0.0,,,0,,0.0
0P0000XV00.BO,LIC MF Nifty Next 50 Index Fund,10,,0.0,,,0,,0.0
0P0000XV09.BO,BANDHAN LIQUID Fund,10,,0.0,,,0,,0.0
0P0000XV0B.BO,Bandhan Large & Mid Cap Fund,10,,0.6331515151515152,0.1619765707529941,89.35432348324369,1,inf,-3.81
0P0000XV0D.BO,BANDHAN Dynamic Term Fund,10,,-0.7033939393939393,0.12381014148500251,215.8568572584266,1,,0.0
0P0000XV0E.BO,Bandhan Large & Mid Cap Fund,10,,0.0,,,0,,0.0
0P0000XV0F.BO,BANDHAN Dynamic Term Fund,10,,0.05987878787878788,0.0033838864075995964,59.68099903400352,3,inf,-1.6149999999999998
0P0000XV0G.BO,BANDHAN Dynamic Term Fund,10,,0.0,,,0,,0.0
0P0000XV0H.BO,BANDHAN LARGE CAP FUND,10,,0.0,,,0,,0.0
0P0000XV0I.BO,Bandhan Gilt   Fund,10,,-0.7677575757575757,0.12283514289381704,217.86756431618088,1,,0.0
0P0000XV0J.BO,Bandhan Gilt   Fund,10,,0.0,,,0,,0.0
0P0000XV0K.BO,Bandhan Gilt   Fund,10,,0.026787878787878798,0.0006009845806067481,60.520306976802296,3,inf,-1.6649999999999998
0P0000XV0N.BO,Bandhan 10 year Constant Maturity Gilt Fund,10,,0.0,,,0,,0.0
0P0000XV0O.BO,Bandhan Focused Fund,10,,0.7029696969696972,0.20470621870786831,111.7072284570699,1,,-3.845
0P0000XV0P.BO,Bandhan Focused Fund,10,,0.0,,,0,,0.0
0P0000XV0R.BO,BANDHAN Infrastructure Fund,10,,0.3931515151515152,0.14979984850629624,111.5731122848516,2,,-3.6199999999999997
0P0000XV0S.BO,BANDHAN Infrastructure Fund,10,,0.0,,,0,,0.0
0P0000XV0T.BO,BANDHAN CONSERVATIVE HYBRID FUND,10,26.843661364952375,0.9347272727272727,0.16934880984381973,116.1492447946876,5,131.87007815578215,-10.855
0P0000XV0U.BO,BANDHAN CONSERVATIVE HYBRID FUND,10,,0.0,,,0,,0.0
0P0000XV0V.BO,BANDHAN CONSERVATIVE HYBRID FUND,10,12.234121926747822,0.37103030303030304,0.470739787342872,38.2389521426135,4,24.718895629215915,-1.5449999999999997
0P0000XV10.BO,Bandhan Money  Market Fund,10,,0.0,,,0,,0.0
0P0000XV13.BO,Bandhan Money  Market Fund,10,24.007540665733917,0.3758181818181818,0.28954498320770317,41.268731322319205,3,95.45039628703259,-2.1450000000000005
0P0000XV14.BO,BANDHAN Nifty 50 Index Fund,10,,0.0,,,0,,0.0
0P0000XV15.BO,BANDHAN Nifty 50 Index Fund,10,,-0.24939393939393947,0.08417508417508422,300.0,1,,0.0
0P0000XV16.BO,BANDHAN Flexi Cap Fund,10,,0.0,,,0,,0.0
0P0000XV17.BO,BANDHAN Flexi Cap Fund,10,,0.054484848484848476,0.001783114689479422,68.84758376096964,1,inf,-3.76
0P0000XV1E.BO,Bandhan Value Fund,10,,0.7708484848484849,0.2322372968606318,117.47411921565809,1,,-3.725
0P0000XV1H.BO,Bandhan Value Fund,10,,0.0,,,0,,0.0
0P0000XV1I.BO,BANDHAN ELSS - Tax Saver Fund,10,,0.0,,,0,,0.0
0P0000XV1J.BO,BANDHAN ELSS - Tax Saver Fund,10,,0.6760000000000002,0.19347883699165808,108.88628776986134,1,,-3.685
0P0000XV1Q.BO,Groww Large Cap Fund,10,,0.0,,,0,,0.0
0P0000XV1T.BO,Groww Large Cap Fund,10,,0.0,,,0,,0.0
0P0000XV1V.BO,Groww Liquid Fund,10,,0.0,,,0,,0.0
0P0000XV24.BO,Aditya Birla Sun Life Balanced Advantage Fund,10,,0.0,,,0,,0.0
0P0000XV25.BO,Aditya Birla Sun Life Balanced Advantage Fund,10,17.471214174904382,0.11860606060606053,0.024516001601015604,36.076110353887245,1,97.60171519038106,-1.945
0P0000XV2M.BO,Aditya Birla Sun Life Global Emerging Opportunities Fund,10,,0.0,,,0,,0.0
0P0000XV2O.BO,Aditya Birla Sun Life Global Excellence Equity Fund Of Fund,10,,0.0,,,0,,0.0
0P0000XV2P.BO,Aditya Birla Sun Life Global Emerging Opportunities Fund,10,,0.0,,,0,,0.0
0P0000XV2R.BO,Aditya Birla Sun Life Global Excellence Equity Fund Of Fund,10,,0.0,,,0,,0.0
0P0000XV3O.BO,JM Arbitrage Fund,10,,-0.02454545454545455,0.2727272727272728,300.00000000000006,0,,0.0
0P0000XV3R.BO,JM Aggressive Hybrid Fund,10,,-1.2483636363636363,0.27979602540893567,295.24015842063415,0,,0.0
0P0000XV3S.BO,JM Arbitrage Fund,10,,0.0,,,0,,0.0
0P0000XV3U.BO,JM Aggressive Hybrid Fund,10,,0.0,,,0,,0.0
0P0000XV3V.BO,JM Focused Fund,10,,0.0,,,0,,0.0
0P0000XV3X.BO,JM Large Cap Fund,10,,-0.013575757575757578,0.16498316498316506,300.0,1,,0.0
0P0000XV3Y.BO,JM Focused Fund,10,,0.0,,,0,,0.0
0P0000XV3Z.BO,JM Dynamic Term Fund,10,,0.0,,,0,,0.0
0P0000XV40.BO,JM Large Cap Fund,10,,0.0,,,0,,0.0
0P0000XV42.BO,JM Dynamic Term Fund,10,,0.0,,,0,,0.0
0P0000XV4A.BO,JM Liquid Fund,10,37.23276217153524,0.5347272727272727,0.23548968216959074,61.587808374252994,3,300.5003934760391,-4.855
0P0000XV4C.BO,JM Liquid Fund,10,,0.0,,,0,,0.0
0P0000XV4D.BO,JM Liquid Fund,10,,0.0,,,0,,0.0
0P0000XV4X.BO,JM Flexi Cap Fund,10,,0.0,,,0,,0.0
0P0000XV4Y.BO,JM Flexi Cap Fund,10,,0.0,,,0,,0.0
0P0000XV51.BO,JM ELSS - Tax Saver Fund,10,,0.0,,,0,,0.0
0P0000XV54.BO,JM ELSS - Tax Saver Fund,10,,0.0,,,0,,0.0
0P0000XV55.BO,Edelweiss Money Market Fund,10,,0.0,,,0,,0.0
0P0000XV56.BO,Edelweiss Large & Mid Cap Fund,10,,-0.4946666666666667,0.1427874894834521,152.35243023810366,2,,0.0
0P0000XV57.BO,Edelweiss Large & Mid Cap Fund,10,,0.0,,,0,,0.0
0P0000XV59.BO,Edelweiss Liquid Fund,10,,0.0,,,0,,0.0
0P0000XV5B.BO,Edelweiss Mid Cap Fund,10,,-0.5832727272727273,0.27021367521816353,141.85238926332664,1,,0.0
0P0000XV5C.BO,Edelweiss Mid Cap Fund,10,,0.0,,,0,,0.0
0P0000XV5G.BO,Edelweiss Greater China Equity Off-shore Fund,10,,0.0,,,0,,0.0
0P0000XV5H.BO,Edelweiss ASEAN Equity Off-shore Fund,10,,0.0,,,0,,0.0
0P0000XV5I.BO,Kotak Large Cap Fund,10,,0.0,,,0,,0.0
0P0000XV5J.BO,Kotak Large Cap Fund,10,,-0.46157575757575753,0.22105362453599042,175.3618429024397,2,,0.0
0P0000XV5K.BO,Kotak Aggressive Hybrid Fund,10,,-0.4464242424242424,0.3451263361364042,190.12700458254034,1,,0.0
0P0000XV5P.BO,Kotak Contra Fund,10,,-0.10345454545454547,0.030303030303030297,300.0,1,,0.0
0P0000XV5Q.BO,Kotak Contra Fund,10,,0.0,,,0,,0.0
0P0000XV5R.BO,Kotak Mid Cap Fund,10,,0.0,,,0,,0.0
0P0000XV5S.BO,Kotak Arbitrage Fund,10,,0.0,,,0,,0.0
0P0000XV5T.BO,Kotak Arbitrage Fund,10,15.308665029778545,0.38272727272727275,0.3036953921103934,38.6512393952094,3,46.30659996851229,-1.905
0P0000XV5V.BO,Kotak Dynamic Term Fund,10,,0.0,,,0,,0.0
0P0000XV5X.BO,Kotak Dynamic Term Fund,10,,-0.5586666666666666,0.25575026258101075,149.3885036933294,1,,0.0
0P0000XV66.BO,Kotak Gilt Fund,10,,0.1103030303030303,0.164983164983165,299.99999999999994,1,,0.0
0P0000XV67.BO,Kotak Gilt Fund,10,,0.0,,,0,,0.0
0P0000XV68.BO,Kotak Banking and PSU Debt Fund,10,,0.0,,,0,,0.0
0P0000XV6A.BO,Kotak Global Emerging Market Overseas Equity Active FOF,10,,0.0,,,0,,0.0
0P0000XV6B.BO,Kotak Gold Fund,10,,0.0,,,0,,0.0
0P0000XV6C.BO,Kotak Gold Fund,10,,0.0,,,0,,0.0
0P0000XV6D.BO,Kotak Credit Risk Fund,10,,0.0,,,0,,0.0
0P0000XV6E.BO,Kotak Liquid Fund,10,,0.0,,,0,,0.0
0P0000XV6H.BO,Kotak Small Cap Fund,10,,-0.5101818181818182,0.2015819805130799,175.28567321109435,2,,0.0
0P0000XV6I.BO,Kotak Small Cap Fund,10,,0.0,,,0,,0.0
0P0000XV6M.BO,Kotak Large & Mid Cap Fund,10,,-0.7709696969696971,0.32690314236661405,156.86774195654016,1,,0.0
0P0000XV6O.BO,Kotak Flexi Cap Fund,10,,0.0,,,0,,0.0
0P0000XV6P.BO,Kotak Large & Mid Cap Fund,10,,0.0,,,0,,0.0
0P0000XV6Q.BO,Kotak ELSS Tax Saver Fund,10,,0.0,,,0,,0.0
0P0000XV6R.BO,Kotak ELSS Tax Saver Fund,10,,-0.668969696969697,0.4887855699256605,137.83168891311473,1,,0.0
0P0000XV6Y.BO,HSBC Dynamic Term Fund,10,,0.0,,,0,,0.0
0P0000XV6Z.BO,HSBC Dynamic Term Fund,10,29.62637677982336,0.32563636363636367,0.14816280406592147,49.84431778828046,3,126.01701169394462,-3.215
0P0000XV74.BO,HSBC Gilt Fund,10,6.266336414050899,0.1832727272727273,0.05153993240983922,40.382174988924916,3,32.82004585854705,-2.6750000000000003
0P0000XV75.BO,HSBC Gilt Fund,10,,0.0,,,0,,0.0
0P0000XV78.BO,HSBC Credit Risk Fund,10,26.261986165691663,0.4166060606060607,0.31779925015536925,44.332475430331975,2,111.28756799623952,-2.4000000000000004
0P0000XV79.BO,HSBC Credit Risk Fund,10,,0.0,,,0,,0.0
0P0000XV7A.BO,HSBC Balanced Advantage Fund,10,,0.0,,,0,,0.0
0P0000XV7D.BO,HSBC Aggressive Hybrid Fund,10,,0.0,,,0,,0.0
0P0000XV7E.BO,HSBC Aggressive Hybrid Fund,10,21.37436911237014,0.6917575757575758,0.4532415128846013,58.441947514531435,5,78.32979696791583,-2.875
0P0000XV7L.BO,HSBC Infrastructure Fund,10,,1.4360000000000002,0.800477342061831,100.74439117414454,1,,-0.03500000000000014
0P0000XV7M.BO,HSBC Infrastructure Fund,10,,0.0,,,0,,0.0
0P0000XV7P.BO,HSBC Banking and PSU Debt Fund,10,,0.0,,,0,,0.0
0P0000XV7V.BO,HSBC Banking and PSU Debt Fund,10,23.961739131675365,0.3925454545454546,0.26794987817092025,45.199457142916586,2,119.6856366973318,-2.5599999999999996
0P0000XV81.BO,HSBC Midcap Fund,10,,0.6814545454545456,0.5348972624386665,38.06916527711886,4,inf,-0.1299999999999999
0P0000XV82.BO,HSBC Midcap Fund,10,,0.0,,,0,,0.0
0P0000XV8A.BO,HSBC Equity Savings Fund,10,,0.0,,,0,,0.0
0P0000XV8B.BO,HSBC Equity Savings Fund,10,6.13816390055637,0.4275151515151516,0.2600399721918402,51.03880452136467,4,40.53317803820222,-2.985
0P0000XV8C.BO,HSBC Equity Savings Fund,10,16.380340512319847,0.44200000000000017,0.273586489410224,49.870138463219824,4,76.1680601770702,-3.045
0P0000XV8H.BO,HSBC ELSS Tax saver Fund,10,,0.19527272727272735,0.021150513596863537,52.01822460762629,2,9.859921272447322,-5.695
0P0000XV8J.BO,HSBC Corporate Bond Fund,10,,0.0,,,0,,0.0
0P0000XV8K.BO,HSBC ELSS Tax saver Fund,10,,0.0,,,0,,0.0
0P0000XV8L.BO,HSBC Corporate Bond Fund,10,,0.12296969696969705,0.018960339429803793,48.02633492318755,3,28.284287075819627,-3.89
0P0000XV8M.BO,HSBC Corporate Bond Fund,10,,0.286,0.10883511460058534,53.8156993535121,4,11.5571264556398,-3.94
0P0000XV8R.BO,LIC MF Aggressive Hybrid Fund,10,,0.0,,,0,,0.0
0P0000XV8S.BO,LIC MF Aggressive Hybrid Fund,10,,-0.35333333333333333,0.09433470327631054,92.7645251506602,2,,0.0
0P0000XV8V.BO,LIC MF Flexi Cap Fund,10,,0.0,,,0,,0.0
0P0000XV8W.BO,LIC MF Flexi Cap Fund,10,,-0.09751515151515154,0.01736282138683116,154.14330239859748,1,,0.0
0P0000XV8Z.BO,LIC MF Gilt Fund,10,,0.0,,,0,,0.0
0P0000XV91.BO,LIC MF Large Cap Fund,10,,0.0,,,0,,0.0
0P0000XV92.BO,LIC MF Large Cap Fund,10,,-0.3818787878787879,0.4156206405546499,118.07011199386557,1,,0.0
0P0000XV93.BO,LIC MF Nifty 50 Index Fund,10,,0.0,,,0,,0.0
0P0000XV94.BO,LIC MF Banking & PSU Debt Fund,10,,0.0,,,0,,0.0
0P0000XV96.BO,LIC MF Nifty 50 Index Fund,10,,0.0,,,0,,0.0
0P0000XV97.BO,LIC MF BSE Sensex Index Fund,10,,0.0,,,0,,0.0
0P0000XV98.BO,LIC MF BSE Sensex Index Fund,10,,0.0,,,0,,0.0
0P0000XV99.BO,LIC MF Infrastructure Fund,10,,0.0,,,0,,0.0
0P0000XV9C.BO,LIC MF Infrastructure Fund,10,,0.0,,,0,,0.0
0P0000XV9D.BO,LIC MF Liquid Fund,10,21.320512405809545,0.14054545454545453,0.020459795405812418,57.00332766745257,1,120.94134854068177,-0.27
0P0000XV9G.BO,LIC MF Liquid Fund,10,,0.0,,,0,,0.0
0P0000XV9L.BO,LIC MF ELSS Tax Saver Fund,10,,0.0,,,0,,0.0
0P0000XV9M.BO,LIC MF ELSS Tax Saver Fund,10,,-0.3873333333333333,0.4360575635240142,72.83905503624482,3,,-0.145
0P0000XV9P.BO,Mirae Asset Liquid Fund,10,,0.0,,,0,,0.0
0P0000XV9S.BO,Mirae Asset Liquid Fund,10,,0.2107272727272728,0.06684591358576696,55.672957011019065,3,107.59900158198828,-3.5499999999999994
0P0000XV9V.BO,Mirae Asset Large & Midcap Fund,10,,0.0,,,0,,0.0
0P0000XVA0.BO,Mirae Asset Large Cap Fund,10,,0.0,,,0,,0.0
0P0000XVA1.BO,Mirae Asset Large Cap Fund,10,,0.18333333333333335,0.014684892438624208,129.90830073845882,1,,0.0
0P0000XVAA.BO,HDFC Small Cap Fund,10,,0.0,,,0,,0.0
0P0000XVAB.BO,HDFC Small Cap Fund,10,,0.12042424242424243,0.010438618504593522,62.68234088728608,1,inf,-3.285
0P0000XVAE.BO,HDFC Large & Mid Cap Fund,10,,0.0,,,0,,0.0
0P0000XVAF.BO,HDFC Large & Mid Cap Fund,10,,-0.3494545454545455,0.06393460758727888,75.8720696234618,4,inf,-2.825
0P0000XVAL.BO,HDFC Income Plus Arbitrage Active FOF,10,,0.0,,,0,,0.0
0P0000XVAN.BO,HDFC Income Plus Arbitrage Active FOF,10,,0.0,,,0,,0.0
0P0000XVB1.BO,Navi Liquid Fund,10,,0.0,,,0,,0.0
0P0000XVB8.BO,Kotak Infrastructure and Economic Reform Fund,10,,0.0,,,0,,0.0
0P0000XVBF.BO,PGIM India Dynamic Term Fund,10,,0.0,,,0,,0.0
0P0000XVBR.BO,Sundaram Aggressive Hybrid Fund (Formerly Known as Principal Hybrid Equity Fund),10,20.75643790225996,0.7737575757575758,0.34956671024018404,54.438126671720745,3,102.52747500721671,-2.2500000000000004
0P0000XVBV.BO,Sundaram Liquid Fund (Formerly Known as Principal Cash Management Fund),10,,0.0,,,0,,0.0
0P0000XVBY.BO,Sundaram Aggressive Hybrid Fund (Formerly Known as Principal Hybrid Equity Fund),10,,0.0,,,0,,0.0
0P0000XVC4.BO,Sundaram Liquid Fund (Formerly Known as Principal Cash Management Fund),10,22.583244805319104,0.5146666666666668,0.3940104003267564,67.32546591982285,3,inf,-2.325
0P0000XVC6.BO,Sundaram Equity Savings Fund (Formerly Known as Principal Equity Savings Fund),10,,0.0,,,0,,0.0
0P0000XVCB.BO,Sundaram Dividend Yield Fund (Formerly Known as Principal Dividend Yield Fund),10,,0.0,,,0,,0.0
0P0000XVCE.BO,Sundaram Dividend Yield Fund (Formerly Known as Principal Dividend Yield Fund),10,,0.7663636363636365,0.3103063130722359,132.7356935810662,2,,-2.025
0P0000XVCH.BO,Sundaram Multi Cap Fund (Formerly Known as Principal Multi Cap Growth Fund),10,,0.6992727272727272,0.2315799060682677,93.7071900844228,2,,-2.03
0P0000XVCO.BO,Sundaram Multi Cap Fund (Formerly Known as Principal Multi Cap Growth Fund),10,,0.0,,,0,,0.0
0P0000XVCP.BO,Sundaram Nifty 100 Equal Weight Fund (Formerly Known as Principal Nifty 100 Equal Weight Fund),10,,0.0,,,0,,0.0
0P0000XVCR.BO,Sundaram Focused Fund (Formerly Known as Principal Focused Multicap Fund),10,,0.0,,,0,,0.0
0P0000XVCU.BO,Sundaram Nifty 100 Equal Weight Fund (Formerly Known as Principal Nifty 100 Equal Weight Fund),10,,0.7681212121212121,0.33297662214186297,123.01805353055038,1,,-4.27
0P0000XVCW.BO,Sundaram Focused Fund (Formerly Known as Principal Focused Multicap Fund),10,,0.6929696969696969,0.18243834434962872,96.20087502419484,2,,-2.005
0P0000XVCX.BO,Sundaram Dynamic Asset Allocation Fund (Formerly Known as Sundaram Balanced Advantage Fund),10,18.18957424692269,0.20678787878787874,0.059340882320150834,38.32493156953247,2,96.19730310604062,-1.7150000000000003
0P0000XVCZ.BO,Sundaram ELSS Tax Saver Fund,10,,0.0,,,0,,0.0
0P0000XVD1.BO,Nippon India Arbitrage Fund,10,,0.0,,,0,,0.0
0P0000XVD3.BO,Nippon India Banking & Financial Services Fund,10,,0.0942424242424243,0.008348274881875296,55.44850981972207,4,inf,-3.6449999999999996
0P0000XVD4.BO,Sundaram Dynamic Asset Allocation Fund (Formerly Known as Sundaram Balanced Advantage Fund),10,,0.0,,,0,,0.0
0P0000XVD5.BO,Nippon India Power & Infra Fund,10,,0.0,,,0,,0.0
0P0000XVD6.BO,Nippon India Arbitrage Fund,10,,-0.4258181818181818,0.5570780009113724,136.55635792188107,1,,0.0
0P0000XVD7.BO,Nippon India Power & Infra Fund,10,,0.0,,,0,,0.0
0P0000XVD8.BO,Nippon India Banking & Financial Services Fund,10,,0.0,,,0,,0.0
0P0000XVD9.BO,Nippon India Dynamic Term Fund,10,,0.0,,,0,,0.0
0P0000XVDA.BO,Nippon India Banking & Financial Services Fund,10,,0.0,,,0,,0.0
0P0000XVDC.BO,Nippon India Power & Infra Fund,10,,0.20557575757575766,0.024473414416765486,69.61327697860116,3,inf,-4.28
0P0000XVDD.BO,Nippon India Multi Cap Fund,10,,0.0,,,0,,0.0
0P0000XVDE.BO,Nippon India Dynamic Term Fund,10,,0.0,,,0,,0.0
0P0000XVDF.BO,Nippon India Multi Cap Fund,10,,0.0,,,0,,0.0
0P0000XVDG.BO,Nippon India Dynamic Term Fund,10,,0.08260606060606067,0.00632570584101924,60.81985465807844,3,inf,-3.35
0P0000XVDH.BO,Nippon India Floating Interest Rates Fund,10,,0.0,,,0,,0.0
0P0000XVDJ.BO,Nippon India Gilt Fund,10,,0.0,,,0,,0.0
0P0000XVDK.BO,Nippon India Multi Cap Fund,10,,-0.19496969696969702,0.019110248832485837,75.90383468895911,4,,-4.275
0P0000XVDL.BO,Nippon India Gold Savings Fund,10,,0.0,,,0,,0.0
0P0000XVDN.BO,Nippon India Growth Mid Cap Fund,10,,0.0,,,0,,0.0
0P0000XVDO.BO,Nippon India Gilt Fund,10,,-0.040606060606060534,0.0015149733227000984,56.198561518654444,2,inf,-3.5300000000000002
0P0000XVDP.BO,Nippon India Growth Mid Cap Fund,10,,0.0,,,0,,0.0
0P0000XVDQ.BO,Nippon India Gilt Fund,10,,0.0,,,0,,0.0
0P0000XVDS.BO,Nippon India Gold Savings Fund,10,,0.0,,,0,,0.0
0P0000XVDT.BO,Nippon India Growth Mid Cap Fund,10,,-0.7149090909090909,0.32758387277726575,50.191710180593205,4,-4.7537748265312745,-3.7649999999999997
0P0000XVE4.BO,Nippon India Index Fund - Nifty 50 Plan,10,,0.0,,,0,,0.0
0P0000XVE6.BO,Nippon India Index Fund - Nifty 50 Plan,10,,0.0,,,0,,0.0
0P0000XVE7.BO,Nippon India Index Fund - Nifty 50 Plan,10,,-0.6583030303030304,0.2918070856194017,161.30401521865448,1,,0.0
0P0000XVE9.BO,Nippon India Index Fund - Nifty 50 Plan,10,,-0.6583636363636365,0.2917577318861579,161.25819676217787,1,,0.0
0P0000XVEA.BO,Nippon India Index Fund - Nifty 50 Plan,10,,-0.6583030303030304,0.2918070856194017,161.30401521865448,1,,0.0
0P0000XVEC.BO,Nippon India Index Fund - BSE Sensex Plan,10,,-0.6740606060606061,0.29285679699958145,161.4464540112443,1,,0.0
0P0000XVED.BO,Nippon India Index Fund - BSE Sensex Plan,10,,0.0,,,0,,0.0
0P0000XVEE.BO,Nippon India Index Fund - BSE Sensex Plan,10,,-0.6740000000000002,0.2929038873425244,161.4918361544186,1,,0.0
0P0000XVEF.BO,Nippon India Index Fund - BSE Sensex Plan,10,,-0.6740000000000002,0.2929038873425244,161.4918361544186,1,,0.0
0P0000XVEI.BO,Nippon India Focused Fund,10,,0.29945454545454553,0.06842287774361878,68.489738815937,4,inf,-4.29
0P0000XVEL.BO,Nippon India Focused Fund,10,,0.0,,,0,,0.0
0P0000XVEQ.BO,Nippon India Liquid Fund,10,26.742234687944677,0.3724242424242424,0.31666440705574556,41.030139286070686,3,120.87036657581123,-1.83
0P0000XVER.BO,Nippon India Liquid Fund,10,,0.0,,,0,,0.0
0P0000XVET.BO,Nippon India Liquid Fund,10,12.514382568171744,0.31109090909090914,0.2538969689010029,37.121908416427125,2,37.84236781062733,-1.855
0P0000XVEU.BO,Nippon India Money Market Fund,10,,0.0,,,0,,0.0
0P0000XVEX.BO,Nippon India Money Market Fund,10,26.80215490162574,0.3226060606060606,0.23354747262968575,39.44448491677223,3,131.89283009531624,-1.9200000000000002
0P0000XVF0.BO,Nippon India Corporate Bond Fund,10,,0.0,,,0,,0.0
0P0000XVF3.BO,Nippon India Corporate Bond Fund,10,20.989449147284734,0.3018787878787879,0.15857958047688916,41.65656348762347,3,84.64595385703699,-2.345
0P0000XVF4.BO,Nippon India Conservative Hybrid Fund (Existing number of Segregated Portfolios - 1),10,,0.0,,,0,,0.0
0P0000XVF5.BO,Nippon India Corporate Bond Fund,10,29.719033547629927,0.2839393939393939,0.12639519233987906,41.250997296738454,3,187.09090879181383,-2.5849999999999995
0P0000XVF6.BO,Nippon India Conservative Hybrid Fund (Existing number of Segregated Portfolios - 1),10,13.10563867077752,0.5391515151515152,0.2365572946154569,65.89351974902158,3,inf,-1.085
0P0000XVF8.BO,Nippon India Conservative Hybrid Fund (Existing number of Segregated Portfolios - 1),10,23.143063296392306,0.5272121212121212,0.18221750786244412,63.54036156087012,1,564.4158605119133,-2.27
0P0000XVFF.BO,Nippon India Balanced Advantage Fund,10,,0.16624242424242427,0.06455489121820936,38.88548013278525,2,inf,-1.2100000000000002
0P0000XVFI.BO,Nippon India Pharma Fund,10,,0.0,,,0,,0.0
0P0000XVFJ.BO,Nippon India Balanced Advantage Fund,10,,0.0,,,0,,0.0
0P0000XVFK.BO,Nippon India Pharma Fund,10,,0.0,,,0,,0.0
0P0000XVFL.BO,Nippon India Quant Fund,10,,0.0,,,0,,0.0
0P0000XVFM.BO,Nippon India Pharma Fund,10,,-0.09769696969696973,0.0035643555729827697,77.63814315583762,2,inf,-4.18
0P0000XVFN.BO,Nippon India Aggressive Hybrid Fund (Existing Number of Segregated Portfolios - 2),10,,0.28242424242424236,0.09870239682886933,116.94079129573261,2,,-2.745
0P0000XVFO.BO,Nippon India Quant Fund,10,,0.0,,,0,,0.0
0P0000XVFP.BO,Nippon India Value Fund,10,,0.17678787878787885,0.03386752094015461,57.784901759048346,2,inf,-3.505
0P0000XVFQ.BO,Nippon India Quant Fund,10,,0.0,,,0,,0.0
0P0000XVFR.BO,Nippon India Credit Risk Fund (Existing Number of Segregated Portfolios - 1),10,,0.0,,,0,,0.0
0P0000XVFS.BO,Nippon India Aggressive Hybrid Fund (Existing Number of Segregated Portfolios - 2),10,,0.0,,,0,,0.0
0P0000XVFT.BO,Nippon India Value Fund,10,,0.0,,,0,,0.0
0P0000XVFV.BO,Nippon India Small Cap Fund,10,,0.0,,,0,,0.0
0P0000XVFW.BO,Nippon India Credit Risk Fund (Existing Number of Segregated Portfolios - 1),10,13.14561746950651,0.5356969696969697,0.3428593545033311,54.93988948896733,1,inf,-1.8800000000000001
0P0000XVFY.BO,Nippon India Small Cap Fund,10,,0.0,,,0,,0.0
0P0000XVFZ.BO,Nippon India Small Cap Fund,10,,0.5772121212121212,0.15526095883174987,108.72272272869404,1,,-4.275
0P0000XVG0.BO,Nippon India ELSS Tax Saver Fund,10,,0.0,,,0,,0.0
0P0000XVG1.BO,Nippon India ELSS Tax Saver Fund,10,,0.31012121212121213,0.10569255674619193,89.10275349736216,4,,-3.435
0P0000XVG2.BO,Nippon India Large Cap Fund,10,,0.042181818181818195,0.0018452804899025891,64.51206169172934,1,inf,-2.6
0P0000XVG3.BO,Nippon India Large Cap Fund,10,,0.0,,,0,,0.0
0P0000XVG4.BO,Nippon India Vision Large & Mid Cap Fund,10,,0.0,,,0,,0.0
0P0000XVG5.BO,Nippon India Vision Large & Mid Cap Fund,10,,0.0,,,0,,0.0
0P0000XVG6.BO,Nippon India Large Cap Fund,10,,0.0,,,0,,0.0
0P0000XVG7.BO,Nippon India Vision Large & Mid Cap Fund,10,,0.008666666666666649,4.747047120915904e-05,58.56693895979491,2,inf,-4.435
0P0000XVG8.BO,Invesco India Corporate Bond Fund,10,,0.0,,,0,,0.0
0P0000XVG9.BO,Invesco India Corporate Bond Fund,10,,0.23878787878787877,0.07060955023777889,49.446667388621144,3,inf,-2.9749999999999996
0P0000XVGB.BO,Invesco India Corporate Bond Fund,10,,,,,1,,-3.945
0P0000XVGC.BO,Invesco India Corporate Bond Fund,10,,0.0,,,0,,0.0
0P0000XVGE.BO,Invesco India Corporate Bond Fund,10,11.106672389550564,0.45878787878787874,0.04895303318973091,120.4189938952138,3,,1.045
0P0000XVGF.BO,Invesco India Arbitrage Fund,10,,0.0,,,0,,0.0
0P0000XVGH.BO,Invesco India Arbitrage Fund,10,,-0.3707878787878788,0.41624712696597393,148.7147000398881,2,,0.0
0P0000XVGI.BO,Invesco India Financial Services Fund,10,,-0.3533939393939394,0.16498316498316506,299.99999999999994,1,,0.0
0P0000XVGK.BO,Invesco India Large Cap Fund,10,,0.5652121212121213,0.09405054698566542,101.41151607025589,1,,-4.465
0P0000XVGL.BO,Invesco India Banking and PSU Debt Fund,10,15.136213058133418,0.13339393939393937,0.024930711199853108,47.1823115943759,3,89.53503565651296,-2.7799999999999994
0P0000XVGM.BO,Invesco India Contra Fund,10,,-0.6587878787878789,0.16043572596963354,102.60929821027844,1,,0.0
0P0000XVGN.BO,Invesco India Financial Services Fund,10,,0.0,,,0,,0.0
0P0000XVGP.BO,Invesco India Large Cap Fund,10,,0.0,,,0,,0.0
0P0000XVGR.BO,Invesco India Contra Fund,10,,0.0,,,0,,0.0
0P0000XVGS.BO,Invesco India Large & Mid Cap Fund,10,,0.0,,,0,,0.0
0P0000XVGU.BO,Invesco India Balanced Advantage Fund,10,16.84995652717154,0.17606060606060603,0.03246379963348366,41.28045266988298,3,98.54614063465232,-1.7950000000000002
0P0000XVGW.BO,Invesco India Gilt Fund,10,,0.0,,,0,,0.0
0P0000XVGX.BO,Invesco India Large & Mid Cap Fund,10,,0.633878787878788,0.2733874572149982,200.0069693393011,2,,-4.32
0P0000XVGY.BO,Invesco India Gilt Fund,10,,-0.34509090909090917,0.08285825136530581,82.65580223569971,2,,-2.135
0P0000XVGZ.BO,Invesco India Balanced Advantage Fund,10,,0.0,,,0,,0.0
0P0000XVH3.BO,Invesco India Gilt Fund,10,,1.1375151515151514,0.12368734909818732,260.1546981960536,1,,-15.569999999999999
0P0000XVH4.BO,Invesco India Gold ETF Fund of Fund,10,,0.0,,,0,,0.0
0P0000XVH7.BO,Invesco India Gold ETF Fund of Fund,10,,0.0,,,0,,0.0
0P0000XVHA.BO,Invesco India Liquid Fund,10,,0.0,,,0,,0.0
0P0000XVHB.BO,Invesco India Liquid Fund,10,77.2849173497479,0.4175757575757576,0.2818625154590031,55.97478481485578,4,2935.4010172326216,-1.8250000000000002
0P0000XVHC.BO,Invesco India Multi Cap Fund,10,,0.0,,,0,,0.0
0P0000XVHE.BO,Invesco India Mid Cap Fund,10,,0.0,,,0,,0.0
0P0000XVHF.BO,Invesco India Multi Cap Fund,10,,0.0,,,0,,0.0
0P0000XVHH.BO,Invesco India Mid Cap Fund,10,,-0.8795151515151516,0.28484332137532675,84.2830377325602,2,,-4.115
0P0000XVHW.BO,Invesco India ELSS Tax Saver Fund,10,,-0.3215757575757575,0.02089755439544743,93.24921602253349,3,,-4.075
0P0000XVI2.BO,Invesco India ELSS Tax Saver Fund,10,,0.0,,,0,,0.0
0P0000XVJ9.BO,SBI Arbitrage Fund,10,,-0.4018787878787879,0.3075395919054785,190.08919080471426,2,,0.0
0P0000XVJA.BO,SBI DYNAMIC TERM FUND,10,,-0.2767272727272727,0.34530333538643515,181.80491291884573,2,,0.0
0P0000XVJE.BO,SBI Arbitrage Fund,10,,0.0,,,0,,0.0
0P0000XVJF.BO,SBI GOLD FUND,10,,0.0,,,0,,0.0
0P0000XVJG.BO,SBI DYNAMIC TERM FUND,10,,0.0,,,0,,0.0
0P0000XVJH.BO,SBI INFRASTRUCTURE FUND,10,,-0.6583636363636364,0.2727272727272726,300.0,0,,0.0
0P0000XVJJ.BO,SBI AGGRESSIVE HYBRID FUND,10,,-0.38957575757575763,0.6331650172177703,152.852524152814,1,,0.0
0P0000XVJK.BO,SBI GOLD FUND,10,,0.0,,,0,,0.0
0P0000XVJL.BO,SBI Large Cap Fund,10,,0.0,,,0,,0.0
0P0000XVJM.BO,SBI INFRASTRUCTURE FUND,10,,0.0,,,0,,0.0
0P0000XVJN.BO,SBI CHILDREN'S FUND - SAVINGS PLAN,10,,0.0,,,0,,0.0
0P0000XVJO.BO,SBI AGGRESSIVE HYBRID FUND,10,,0.0,,,0,,0.0
0P0000XVJP.BO,SBI COMMA FUND,10,,0.0,,,0,,0.0
0P0000XVJQ.BO,SBI Large Cap Fund,10,,0.0,,,0,,0.0
0P0000XVJR.BO,SBI CONTRA FUND,10,,0.0,,,0,,0.0
0P0000XVJS.BO,SBI COMMA FUND,10,,-0.9414545454545455,0.2727272727272726,300.0,0,,0.0
0P0000XVJT.BO,SBI FOCUSED FUND,10,,0.0,,,0,,0.0
0P0000XVJU.BO,SBI CONTRA FUND,10,,0.0,,,0,,0.0
0P0000XVJV.BO,SBI ESG Exclusionary Strategy Fund,10,,0.0,,,0,,0.0
0P0000XVJW.BO,SBI FOCUSED FUND,10,,0.0,,,0,,0.0
0P0000XVJX.BO,SBI CONSUMPTION OPPORTUNITIES FUND,10,,0.0,,,0,,0.0
0P0000XVJY.BO,SBI ESG Exclusionary Strategy Fund,10,,-0.5929090909090909,0.27272727272727293,300.0,0,,0.0
0P0000XVJZ.BO,SBI GILT FUND,10,,-0.2920606060606061,0.3009165057660967,143.05374974314174,2,,0.0
0P0000XVK0.BO,SBI CONSUMPTION OPPORTUNITIES FUND,10,,-0.904909090909091,0.2727272727272727,300.0,0,,0.0
0P0000XVK1.BO,SBI MNC FUND,10,,0.0,,,0,,0.0
0P0000XVK2.BO,SBI GILT FUND,10,,0.0,,,0,,0.0
0P0000XVK3.BO,SBI 10 YEAR CONSTANT MATURITY GILT FUND,10,,0.0,,,0,,0.0
0P0000XVK5.BO,SBI MNC FUND,10,,0.0,,,0,,0.0
0P0000XVKC.BO,SBI CREDIT RISK FUND,10,,-0.23103030303030309,0.41241346787723965,171.07736945369385,2,,0.0
0P0000XVKD.BO,SBI NIFTY INDEX FUND,10,,0.0,,,0,,0.0
0P0000XVKE.BO,SBI CREDIT RISK FUND,10,,0.0,,,0,,0.0
0P0000XVKH.BO,SBI NIFTY INDEX FUND,10,,0.0,,,0,,0.0
0P0000XVKI.BO,SBI OVERNIGHT FUND,10,,0.0,,,0,,0.0
0P0000XVKJ.BO,SBI OVERNIGHT FUND,10,,-0.30903030303030304,0.3166812067083582,191.18902035935218,1,,0.0
0P0000XVKM.BO,SBI TECHNOLOGY OPPORTUNITIES FUND,10,,-0.8792727272727274,0.2727272727272727,300.00000000000006,0,,0.0
0P0000XVKO.BO,SBI MIDCAP FUND,10,,0.0,,,0,,0.0
0P0000XVKP.BO,SBI TECHNOLOGY OPPORTUNITIES FUND,10,,0.0,,,0,,0.0
0P0000XVKQ.BO,SBI CONSERVATIVE HYBRID FUND,10,,0.0,,,0,,0.0
0P0000XVKR.BO,SBI MIDCAP FUND,10,,-0.2896363636363636,0.2727272727272727,300.0,0,,0.0
0P0000XVKS.BO,SBI CONSERVATIVE HYBRID FUND,10,,-0.29636363636363633,0.331750946759856,184.27712815841707,2,,0.0
0P0000XVKT.BO,SBI MULTI ASSET ALLOCATION FUND,10,,0.0,,,0,,0.0
0P0000XVKU.BO,SBI CONSERVATIVE HYBRID FUND,10,38.0940914555413,0.2895151515151515,0.14398388466786685,140.3907276424484,2,,1.735
0P0000XVKV.BO,SBI MULTI ASSET ALLOCATION FUND,10,,-0.2209090909090909,0.20590739550060486,216.12266262678094,2,,0.0
0P0000XVKW.BO,SBI CONSERVATIVE HYBRID FUND,10,,-0.3284242424242424,0.4853738488210915,200.0024545535993,0,,0.0
0P0000XVKX.BO,SBI FLEXICAP FUND,10,,0.0,,,0,,0.0
0P0000XVKY.BO,SBI MULTI ASSET ALLOCATION FUND,10,,-0.2101818181818182,0.26588911444576846,200.47443259297512,2,,0.0
0P0000XVKZ.BO,SBI MULTI ASSET ALLOCATION FUND,10,,-0.3399393939393939,0.4850201796506985,200.00025437457495,0,,0.0
0P0000XVL0.BO,SBI LARGE & MIDCAP FUND,10,,0.0,,,0,,0.0
0P0000XVL1.BO,SBI HEALTHCARE OPPORTUNITIES FUND,10,,-0.9300000000000002,0.2727272727272728,300.0,0,,0.0
0P0000XVL2.BO,SBI FLEXICAP FUND,10,,0.0,,,0,,0.0
0P0000XVL3.BO,SBI ELSS Tax Saver Fund,10,,-0.5914545454545455,0.12884716638693053,124.51252562227909,2,,0.0
0P0000XVL5.BO,SBI LARGE & MIDCAP FUND,10,,0.0,,,0,,0.0
0P0000XVL7.BO,SBI HEALTHCARE OPPORTUNITIES FUND,10,,0.0,,,0,,0.0
0P0000XVL8.BO,SBI LIQUID FUND,10,,0.0,,,0,,0.0
0P0000XVL9.BO,SBI ELSS Tax Saver Fund,10,,0.0,,,0,,0.0
0P0000XVLA.BO,SBI PSU FUND,10,,0.0,,,0,,0.0
0P0000XVLB.BO,SBI LIQUID FUND,10,,-0.3530909090909091,0.2986218005972176,197.01616117313344,1,,0.0
0P0000XVLD.BO,SBI LIQUID FUND,10,28.751330910300112,0.07472727272727274,0.008462502373990396,121.96682958112468,1,,1.7499999999999998
0P0000XVLF.BO,SBI PSU FUND,10,,0.0,,,0,,0.0
0P0000XVLZ.BO,Sundaram Infrastructure Advantage Fund (Erstwhile Sundaram Capex Opportunities),10,,0.0,,,0,,0.0
0P0000XVM0.BO,Sundaram Large and Midcap Fund,10,,-0.369939393939394,0.10232401311559812,51.967521733544174,2,inf,-4.27
0P0000XVM5.BO,Sundaram Financial Services Opportunities Fund,10,,0.0,,,0,,0.0
0P0000XVM6.BO,Sundaram Large and Midcap Fund,10,,0.0,,,0,,0.0
0P0000XVMA.BO,Sundaram Financial Services Opportunities Fund,10,-2.651681424322616,0.06721212121212111,0.0043969610598590825,40.2068193842657,2,inf,-0.055000000000000604
0P0000XVMB.BO,Sundaram Corporate Bond Fund,10,,0.16303030303030303,0.04099712700002423,93.10371424886841,3,61.63176050476008,-0.785
0P0000XVMC.BO,Sundaram Corporate Bond Fund,10,,0.0,,,0,,0.0
0P0000XVMF.BO,Sundaram Banking and PSU Debt Fund (Formerly Known as Sundaram Banking and PSU Fund),10,,0.4058181818181819,0.16063312106713865,71.31710489566375,4,inf,-3.805
0P0000XVMI.BO,Sundaram Banking and PSU Debt Fund (Formerly Known as Sundaram Banking and PSU Fund),10,,0.0,,,0,,0.0
0P0000XVML.BO,Sundaram Global Brand Theme-Equity Active FOF,10,,0.2778787878787879,0.164983164983165,300.0,1,,0.0
0P0000XVMQ.BO,Sundaram Global Brand Theme-Equity Active FOF,10,,0.0,,,0,,0.0
0P0000XVMS.BO,Sundaram Conservative Hybrid Fund (Formerly Known as Sundaram Debt Oriented Hybrid Fund),10,,0.0,,,0,,0.0
0P0000XVMT.BO,Mirae Asset Large & Midcap Fund,10,,-0.02357575757575758,0.00034480645533392645,51.558619368432105,3,inf,-4.09
0P0000XVMZ.BO,Sundaram Conservative Hybrid Fund (Formerly Known as Sundaram Debt Oriented Hybrid Fund),10,,-0.06315151515151515,0.013728842302845998,83.77063816066162,3,74.07987453535829,-0.37
0P0000XVNE.BO,Sundaram Consumption Fund (Formerly Known as Sundaram Rural and Consumption Fund),10,,0.0,,,0,,0.0
0P0000XVNH.BO,Sundaram Consumption Fund (Formerly Known as Sundaram Rural and Consumption Fund),10,1.2642354357129237,0.24436363636363637,0.07977613368946893,35.079105349162695,2,inf,-0.7300000000000004
0P0000XVNP.BO,Sundaram Mid Cap Fund,10,,0.0,,,0,,0.0
0P0000XVNU.BO,Sundaram Mid Cap Fund,10,0.568473874423514,0.29648484848484846,0.13297332461649056,35.170548021116694,2,inf,-0.6400000000000001
0P0000XVNW.BO,Sundaram Small Cap Fund,10,,0.0,,,0,,0.0
0P0000XVNY.BO,Sundaram Value Fund,10,,0.0,,,0,,0.0
0P0000XVNZ.BO,Sundaram Small Cap Fund,10,1.4555258580121189,0.3068484848484848,0.06721058485820253,48.36582240338892,2,inf,-0.9449999999999998
0P0000XVO1.BO,Sundaram Value Fund,10,,-0.06266666666666665,0.002071655811340267,72.69522211195572,2,inf,-1.5799999999999998
0P0000XVO5.BO,Tata Aggressive Hybrid Fund,10,,0.3484848484848485,0.055513773937388204,73.95985775906522,2,inf,-3.3799999999999994
0P0000XVO8.BO,Tata Aggressive Hybrid Fund,10,,0.14800000000000002,0.04818001196581742,44.155683381023785,3,inf,0.39499999999999996
0P0000XVOB.BO,Tata Mid Cap Fund,10,,0.0,,,0,,0.0
0P0000XVOC.BO,Tata Aggressive Hybrid Fund,10,,0.0,,,0,,0.0
0P0000XVOF.BO,Tata Mid Cap Fund,10,,-0.07551515151515154,0.013575606754725595,211.06336731876402,1,,1.54
0P0000XVOJ.BO,Tata Large & Mid Cap Fund,10,,0.0,,,0,,0.0
0P0000XVOL.BO,Tata Value Fund,10,,0.14696969696969697,0.048355776951042165,112.45973843137608,2,,-2.06
0P0000XVON.BO,Tata Ethical Fund,10,,-0.06890909090909089,0.014025423881896672,211.28516915727835,1,,1.375
0P0000XVOO.BO,Tata Large & Mid Cap Fund,10,,0.3238787878787879,0.25701612096156995,286.71427959730227,1,,3.0700000000000003
0P0000XVOQ.BO,Tata Value Fund,10,,0.0,,,0,,0.0
0P0000XVOS.BO,Tata Value Fund,10,,0.15630303030303025,0.02200775426423831,124.6914662365525,1,,-2.675
0P0000XVOU.BO,Tata Ethical Fund,10,,0.0,,,0,,0.0
0P0000XVOV.BO,Tata Gilt Fund,10,,0.0,,,0,,0.0
0P0000XVOZ.BO,Tata Nifty 50 Index Fund,10,,0.0,,,0,,0.0
0P0000XVP2.BO,Tata Infrastructure Fund,10,,0.0,,,0,,0.0
0P0000XVP3.BO,Tata BSE Sensex Index Fund,10,,0.0,,,0,,0.0
0P0000XVP4.BO,Tata Money Market Fund,10,,0.0,,,0,,0.0
0P0000XVP5.BO,Tata Infrastructure Fund,10,,0.4036363636363636,0.2727272727272727,300.00000000000006,1,,3.7
0P0000XVPB.BO,Tata Liquid Fund,10,,0.0,,,0,,0.0
0P0000XVPC.BO,Tata Large Cap Fund,10,,0.39709090909090916,0.2727272727272728,300.00000000000006,1,,3.64
0P0000XVPD.BO,Tata Large Cap Fund,10,,0.0,,,0,,0.0
0P0000XVPE.BO,Tata Retirement Savings Fund-Conservative Plan,10,,0.0,,,0,,0.0
0P0000XVPF.BO,Tata Retirement Savings Fund-Moderate Plan,10,,0.0,,,0,,0.0
0P0000XVPH.BO,Tata Retirement Savings Fund-Progressive Plan,10,,0.0,,,0,,0.0
0P0000XVPJ.BO,Tata ELSS - Tax Saver Fund,10,,-0.19424242424242424,0.05097745432780835,96.79015314215378,2,,-0.88
0P0000XVPK.BO,Tata Childrens Fund,10,,0.0,,,0,,0.0
0P0000XVPM.BO,Taurus Banking & Financial Services Fund,10,,0.0,,,0,,0.0
0P0000XVPN.BO,Taurus Banking & Financial Services Fund,10,,0.0,,,0,,0.0
0P0000XVPO.BO,Taurus Large Cap Fund,10,,0.0,,,0,,0.0
0P0000XVPP.BO,Taurus Large Cap Fund,10,,0.8110909090909091,0.2727272727272727,300.0,1,,7.4350000000000005
0P0000XVPQ.BO,Taurus Mid Cap Fund,10,,0.0,,,0,,0.0
0P0000XVPR.BO,Taurus Mid Cap Fund,10,,0.648,0.2727272727272727,299.99999999999994,1,,5.94
0P0000XVPU.BO,Taurus Ethical Fund,10,,0.0,,,0,,0.0
0P0000XVPV.BO,Taurus Ethical Fund,10,,0.0,,,0,,0.0
0P0000XVPY.BO,Taurus Infrastructure Fund,10,,0.0,,,0,,0.0
0P0000XVPZ.BO,Taurus Infrastructure Fund,10,,0.0,,,0,,0.0
0P0000XVQ4.BO,Taurus Nifty 50 Index Fund,10,-0.1058657077752545,-0.0027272727272727878,1.3940802889873291e-05,200.0028398536659,1,,2.61
0P0000XVQ7.BO,Taurus Nifty 50 Index Fund,10,,0.0,,,0,,0.0
0P0000XVQ8.BO,Taurus Flexi Cap Fund,10,24.173368382322934,0.1132121212121212,0.004133054060477493,150.0019113861823,2,,7.509999999999999
0P0000XVQA.BO,Taurus ELSS Tax Saver Fund,10,,0.0,,,0,,0.0
0P0000XVQB.BO,Taurus Flexi Cap Fund,10,,0.0,,,0,,0.0
0P0000XVQD.BO,Taurus ELSS Tax Saver Fund,10,,0.0,,,0,,0.0
0P0000XVQG.BO,Franklin India Money Market Fund,10,-19.882411743919015,-8.22187878787879,0.45786206063548895,100.73144843740118,2,12.8976511759979,-3.99
0P0000XVQH.BO,Franklin India Money Market Fund,10,,0.0,,,0,,0.0
0P0000XVQI.BO,Franklin India Floating Interest Rates Fund,10,17.319636731136168,0.2772727272727274,0.12758304288028252,46.81198626986494,2,137.56475437834587,-2.75
0P0000XVQJ.BO,Franklin India Floating Interest Rates Fund,10,,0.0,,,0,,0.0
0P0000XVQP.BO,Templeton India Value Fund,10,,-0.004363636363636454,1.1260138229665897e-05,50.16266873813727,2,inf,-4.655
0P0000XVQQ.BO,Templeton India Value Fund,10,,0.0,,,0,,0.0
0P0000XVQR.BO,Franklin India Dividend Yield Fund,10,,0.08503030303030304,0.003634973621714985,56.870510265325734,1,inf,-1.5949999999999995
0P0000XVQS.BO,Franklin India Dividend Yield Fund,10,,0.0,,,0,,0.0
0P0000XVQT.BO,Franklin India Gilt Fund,10,,0.0,,,0,,0.0
0P0000XVQV.BO,Franklin India Gilt Fund,10,10.043805293786301,0.2046060606060606,0.16021330706354736,35.29415956931319,4,26.384391802016477,-1.095
0P0000XVR2.BO,Franklin India Corporate Bond Fund,10,,-0.3292727272727273,0.19975282139841669,34.6163982160614,4,-9.879701341134368,-3.42
0P0000XVR3.BO,Franklin India Corporate Bond Fund,10,,0.0,,,0,,0.0
0P0000XVR5.BO,Franklin India Corporate Bond Fund,10,27.46749002218165,0.2795757575757577,0.018332713559415768,83.68558868055791,2,135.13751053364456,-1.2500000000000002
0P0000XVR6.BO,Franklin India Corporate Bond Fund,10,,-8.330606060606062,0.5756777990435397,103.92659290917723,3,-11.0725686563952,-3.65
0P0000XVR7.BO,Franklin India Corporate Bond Fund,10,-17.396539828409363,-7.7852727272727265,0.4655669636530031,100.3598583021936,1,11.7769575118082,-1.6049999999999998
0P0000XVRE.BO,Franklin India Retirement Fund,10,,0.269030303030303,0.05193328481712783,53.306464959626496,5,inf,-4.715
0P0000XVRF.BO,Franklin India Retirement Fund,10,,0.0,,,0,,0.0
0P0000XVRK.BO,Franklin India Liquid Fund,10,23.859172273219965,0.3425454545454546,0.24654855528187955,44.62836559117603,3,123.5073555990178,-2.0549999999999997
0P0000XVRL.BO,Franklin India Liquid Fund,10,,0.0,,,0,,0.0
0P0000XVRM.BO,Franklin India Liquid Fund,10,36.86388963125291,0.3702424242424244,0.2985015040740508,43.24450002786726,3,269.81116755481844,-1.7650000000000001
0P0000XVRU.BO,Union Dynamic Term Fund,10,,-0.2184848484848485,0.16498316498316493,300.00000000000006,1,,0.0
0P0000XVRV.BO,Union Dynamic Term Fund,10,,0.0,,,0,,0.0
0P0000XVRW.BO,Union Flexi Cap Fund,10,0.2554561110212905,-0.18096969696969703,0.023919514673521707,159.58728445338664,1,,4.185
0P0000XVRX.BO,Union Flexi Cap Fund,10,,0.0,,,0,,0.0
0P0000XVRZ.BO,Union Liquid Fund,10,36.81870508549638,0.4765454545454545,0.44563484346858157,47.16850324536143,3,143.3050776545201,-1.875
0P0000XVS0.BO,Union Liquid Fund,10,,0.0,,,0,,0.0
0P0000XVS1.BO,Union Liquid Fund,10,27.15936294073671,0.46739393939393936,0.44473769118205203,46.04451779127541,3,72.39758848017411,-1.8699999999999999
0P0000XVS3.BO,Union ELSS Tax Saver Fund (Formerly Union Tax Saver (ELSS) Fund,10,,0.0,,,0,,0.0
0P0000XVS4.BO,Union ELSS Tax Saver Fund (Formerly Union Tax Saver (ELSS) Fund,10,,0.0,,,0,,0.0
0P0000XVSA.BO,UTI Aggressive Hybrid Fund,10,9.168220067548539,0.12369696969696972,0.022289576213439462,43.182195378004614,2,77.90751673980398,-2.91
0P0000XVSB.BO,UTI Aggressive Hybrid Fund,10,,0.0,,,0,,0.0
0P0000XVSC.BO,UTI - Banking and Financial Services Fund,10,,0.0,,,0,,0.0
0P0000XVSD.BO,UTI - Banking and Financial Services Fund,10,,0.0,,,0,,0.0
0P0000XVSE.BO,UTI Children's Hybrid Fund,10,,0.0,,,0,,0.0
0P0000XVSH.BO,UTI Children's Equity Fund,10,,0.0,,,0,,0.0
0P0000XVSK.BO,UTI - Dividend Yield Fund,10,,0.0,,,0,,0.0
0P0000XVSL.BO,UTI - Credit Risk Fund.,10,,0.0,,,0,,0.0
0P0000XVSM.BO,UTI - Dividend Yield Fund,10,,-0.598969696969697,0.6363126134071042,70.09209857798012,1,,-1.105
0P0000XVSO.BO,UTI - Flexi Cap Fund.,10,,0.0,,,0,,0.0
0P0000XVSP.BO,UTI Dynamic Term Fund,10,,0.0,,,0,,0.0
0P0000XVSQ.BO,UTI ELSS Tax Saver Fund,10,,0.0,,,0,,0.0
0P0000XVST.BO,UTI - Flexi Cap Fund.,10,,-0.2461818181818182,0.2753757111519806,100.10944954145089,1,,0.0
0P0000XVSV.BO,UTI ELSS Tax Saver Fund,10,,-0.2853939393939393,0.0972934494741179,202.00058319555936,1,,0.0
0P0000XVSW.BO,UTI - Infrastructure Fund,10,,0.0,,,0,,0.0
0P0000XVSZ.BO,UTI - Gilt Fund,10,,0.0,,,0,,0.0
0P0000XVT2.BO,UTI - Infrastructure Fund,10,,0.0,,,0,,0.0
0P0000XVT7.BO,UTI - Liquid Fund,10,,0.0,,,0,,0.0
0P0000XVT8.BO,Axis Gilt Fund,10,,0.0,,,0,,0.0
0P0000XVTB.BO,Axis Gilt Fund,10,,0.13896969696969697,0.015149637960076035,56.52767299000373,3,inf,-2.885
0P0000XVTC.BO,UTI - Large Cap Fund,10,,0.0,,,0,,0.0
0P0000XVTE.BO,Axis Dynamic Term Fund,10,,0.0,,,0,,0.0
0P0000XVTG.BO,UTI - Mid Cap Fund,10,,0.0,,,0,,0.0
0P0000XVTH.BO,Axis Dynamic Term Fund,10,0.6482691175720534,-0.33848484848484856,0.13499561892779174,50.315662980570394,2,23.755059649762856,-0.97
0P0000XVTI.BO,UTI - Large Cap Fund,10,,-0.28896969696969693,0.10922982336477353,99.65707135977888,2,,-1.255
0P0000XVTJ.BO,UTI Conservative Hybrid Fund,10,21.839005300458968,0.158969696969697,0.07932695065436192,37.993412046899934,1,116.20623980853121,-1.4700000000000002
0P0000XVTK.BO,Axis Large Cap Fund,10,,-0.8297575757575758,0.5344659175483529,52.319121294330394,3,-10.371051890529912,-2.645
0P0000XVTL.BO,Axis Large Cap Fund,10,,0.0,,,0,,0.0
0P0000XVTM.BO,UTI - Mid Cap Fund,10,,-0.12272727272727273,0.030303030303030307,299.99999999999994,1,,0.0
0P0000XVTN.BO,UTI - MNC Fund,10,,0.0,,,0,,0.0
0P0000XVTO.BO,Axis Focused Fund,10,,0.22393939393939388,0.028219545762463046,55.53262372392388,2,inf,-4.355
0P0000XVTP.BO,UTI Conservative Hybrid Fund,10,,0.0,,,0,,0.0
0P0000XVTQ.BO,UTI - Money Market Fund,10,,0.0,,,0,,0.0
0P0000XVTR.BO,Axis Focused Fund,10,,0.0,,,0,,0.0
0P0000XVTS.BO,UTI - MNC Fund,10,,-0.09454545454545456,0.0841750841750842,300.0,1,,0.0
0P0000XVTU.BO,Axis Gold Fund,10,,0.0,,,0,,0.0
0P0000XVTW.BO,UTI Nifty 50 Index Fund,10,,0.0,,,0,,0.0
0P0000XVTX.BO,Axis Gold Fund,10,,0.0,,,0,,0.0
0P0000XVTY.BO,UTI - Money Market Fund,10,25.484017118273506,0.13096969696969693,0.03755677331096872,51.230554350152026,2,302.8275713337535,-1.205
0P0000XVU1.BO,Axis Conservative Hybrid Fund,10,,0.0,,,0,,0.0
0P0000XVU2.BO,UTI Nifty 50 Index Fund,10,,0.0,,,0,,0.0
0P0000XVU3.BO,UTI - Healthcare Fund,10,,0.0,,,0,,0.0
0P0000XVU4.BO,Axis ELSS- Tax Saver Fund,10,,0.03793939393939403,0.0013272277254348216,43.70535374437322,2,4.401691639960847,-4.4
0P0000XVU6.BO,UTI Retirement Fund,10,,0.0,,,0,,0.0
0P0000XVU7.BO,Axis ELSS- Tax Saver Fund,10,,0.0,,,0,,0.0
0P0000XVU8.BO,UTI - Healthcare Fund,10,,0.0,,,0,,0.0
0P0000XVUB.BO,Axis Liquid Fund,10,,0.0,,,0,,0.0
0P0000XVUE.BO,Axis Midcap Fund,10,,0.052363636363636355,0.001429958480679228,51.56029863796709,3,inf,-4.8
0P0000XVUG.BO,UTI Large & Mid Cap Fund,10,,0.0,,,0,,0.0
0P0000XVUH.BO,Axis Midcap Fund,10,,0.0,,,0,,0.0
0P0000XVUI.BO,UTI Large & Mid Cap Fund,10,,-0.6183636363636364,0.21501421230535597,204.2848033723725,1,,0.0
0P0000XVUO.BO,Axis Multi Asset Allocation Fund,10,,0.5977575757575758,0.2845659267311923,59.088537268522245,3,,-1.9749999999999996
0P0000XVUQ.BO,UTI Multi Asset Allocation Fund,10,,0.0,,,0,,0.0
0P0000XVUR.BO,Axis Multi Asset Allocation Fund,10,,0.0,,,0,,0.0
0P0000XVUU.BO,UTI Multi Asset Allocation Fund,10,,-0.18630303030303033,0.08633191196631407,57.706431529563886,1,inf,-1.65
0P0000XVUZ.BO,Baroda BNP Paribas Banking and Financial Services Fund,10,,-0.2773333333333333,0.042346855650045465,52.29610944279298,2,inf,-4.9
0P0000XVV0.BO,Baroda BNP Paribas Banking and Financial Services Fund,10,,0.0,,,0,,0.0
0P0000XVV4.BO,BARODA BNP PARIBAS GILT FUND,10,,0.0,,,0,,0.0
0P0000XVV5.BO,Baroda BNP Paribas Multi Cap Fund,10,-8.45152668632262,-0.24006060606060603,0.10503802730339673,26.85251316362396,3,-0.3823963926377374,-2.6550000000000002
0P0000XVV6.BO,Baroda BNP Paribas Multi Cap Fund,10,,0.0,,,0,,0.0
0P0000XVV9.BO,BARODA BNP PARIBAS LIQUID FUND,10,22.61952279181514,0.31139393939393945,0.20683592412544802,43.41361419284516,2,115.8620373157615,-2.04
0P0000XVVA.BO,BARODA BNP PARIBAS LIQUID FUND,10,,0.0,,,0,,0.0
0P0000XVVI.BO,Aditya Birla Sun Life Aggressive Hybrid Fund,10,,0.178,0.041377060380308736,64.56285937975373,2,inf,-2.91
0P0000XVVJ.BO,Aditya Birla Sun Life Aggressive Hybrid Fund,10,,0.0,,,0,,0.0
0P0000XVVK.BO,Aditya Birla Sun Life Large & Mid Cap Fund,10,,0.42424242424242425,0.13057832886025272,82.97587057762755,4,,-4.065
0P0000XVVL.BO,Aditya Birla Sun Life Large & Mid Cap Fund,10,,0.0,,,0,,0.0
0P0000XVVX.BO,Aditya Birla Sun Life Liquid Fund,10,13.71606561835872,0.2565454545454546,0.1444214162173479,39.92155003865376,1,62.58651366538814,-2.41
0P0000XVVY.BO,Aditya Birla Sun Life Liquid Fund,10,,0.0,,,0,,0.0
0P0000XVVZ.BO,Aditya Birla Sun Life Liquid Fund,10,37.04344418554233,0.3898787878787879,0.3228223650732467,43.137365275970005,3,253.57149058663143,-1.8949999999999998
0P0000XVW6.BO,Aditya Birla Sun Life Dividend Yield Fund,10,,0.45666666666666667,0.252638201205337,55.4883483246922,3,inf,-2.955
0P0000XVW7.BO,Aditya Birla Sun Life Dividend Yield Fund,10,,0.0,,,0,,0.0
0P0000XVW8.BO,Aditya Birla Sun Life Dynamic Term Fund,10,,0.0,,,0,,0.0
0P0000XVW9.BO,Aditya Birla Sun Life Dynamic Term Fund,10,,0.2016969696969697,0.08026119812584655,44.01435307455862,2,inf,-2.41
0P0000XVWA.BO,Aditya Birla Sun Life Dynamic Term Fund,10,10.361289070598056,0.2655757575757576,0.14195585573845027,46.996233468511875,6,59.82404172534049,-2.6450000000000005
0P0000XVWB.BO,ADITYA BIRLA SUN LIFE ARBITRAGE FUND,10,,0.0,,,0,,0.0
0P0000XVWC.BO,Aditya Birla Sun Life Flexi Cap Fund,10,,0.43927272727272715,0.12986607851367757,82.18711813619784,2,,-3.855
0P0000XVWD.BO,Aditya Birla Sun Life Flexi Cap Fund,10,,0.0,,,0,,0.0
0P0000XVWE.BO,Aditya Birla Sun Life Floating Interest Rates Fund,10,17.19122765556602,0.26266666666666666,0.13074014592459743,39.26502734933502,3,81.31164589663237,-2.395
0P0000XVWF.BO,Aditya Birla Sun Life Floating Interest Rates Fund,10,,0.0,,,0,,0.0
0P0000XVWK.BO,Aditya Birla Sun Life Large Cap Fund,10,,0.6321212121212121,0.2619610941098522,123.0877871784962,2,,-4.03
0P0000XVWM.BO,Aditya Birla Sun Life Consumption Fund,10,-1.2190381893168456,0.25133333333333335,0.09883305211708081,38.27781153948509,4,inf,0.1299999999999999
0P0000XVWN.BO,Aditya Birla Sun Life Consumption Fund,10,,0.0,,,0,,0.0
0P0000XVWT.BO,Aditya Birla Sun Life Gilt Fund,10,,0.0,,,0,,0.0
0P0000XVWU.BO,Aditya Birla Sun Life Gilt Fund,10,,0.3013939393939394,0.15366581297975304,50.849071945010174,3,inf,-2.655
0P0000XVX2.BO,Aditya Birla Sun Life Nifty 50 Index Fund,10,-16.478941653496047,-0.8682424242424243,0.3741524556049458,140.9760663555439,1,,1.065
0P0000XVX3.BO,Aditya Birla Sun Life Nifty 50 Index Fund,10,,0.0,,,0,,0.0
0P0000XVX8.BO,Aditya Birla Sun Life Infrastructure Fund,10,,0.0,,,0,,0.0
0P0000XVX9.BO,Aditya Birla Sun Life Infrastructure Fund,10,-2.825935547453051,0.059333333333333314,0.0027340812511423888,53.38685595012996,1,inf,-0.09000000000000075
0P0000XVXA.BO,Aditya Birla Sun Life International Equity Fund,10,,0.0,,,0,,0.0
0P0000XVXC.BO,Aditya Birla Sun Life International Equity Fund,10,,0.396,0.2727272727272728,300.0,1,,3.63
0P0000XVXJ.BO,Aditya Birla Sun Life Midcap Fund,10,,0.20927272727272728,0.034868686428071546,66.88149206531612,4,inf,-4.01
0P0000XVXK.BO,Aditya Birla Sun Life Midcap Fund,10,,0.0,,,0,,0.0
0P0000XVXP.BO,Aditya Birla Sun Life Conservative Hybrid Fund,10,,0.0,,,0,,0.0
0P0000XVXQ.BO,Aditya Birla Sun Life Conservative Hybrid Fund,10,,0.3252121212121212,0.17766645460686104,56.562233297668676,2,inf,-2.4050000000000002
0P0000XVXR.BO,Aditya Birla Sun Life MNC Fund,10,,0.37642424242424244,0.15175384115920149,201.26601454146774,1,,3.795
0P0000XVXS.BO,Aditya Birla Sun Life MNC Fund,10,,0.0,,,0,,0.0
0P0000XVXV.BO,Aditya Birla Sun Life Digital India Fund,10,,0.0,,,0,,0.0
0P0000XVXW.BO,Aditya Birla Sun Life Value Fund,10,,0.0,,,0,,0.0
0P0000XVXX.BO,Aditya Birla Sun Life Corporate Bond Fund,10,,0.0,,,0,,0.0
0P0000XVXY.BO,Aditya Birla Sun Life Corporate Bond Fund,10,14.565330684879928,0.15915151515151513,0.05371687246768218,44.24277185730976,3,131.50217787428397,-2.675
0P0000XVXZ.BO,Aditya Birla Sun Life Short Term Fund,10,,0.6667272727272731,0.04306925141718799,88.22697114643081,2,inf,-3.0100000000000002
0P0000XVY0.BO,Aditya Birla Sun Life Short Term Fund,10,,0.0,,,0,,0.0
0P0000XVY1.BO,Aditya Birla Sun Life Short Term Fund,10,8.00597388923061,0.3023636363636364,0.10257406700757442,49.43802518136521,2,40.12860187513581,-4.8149999999999995
0P0000XVY6.BO,Aditya Birla Sun Life Small Cap Fund,10,,0.0,,,0,,0.0
0P0000XVYB.BO,Aditya Birla Sun Life ELSS Tax Saver Fund,10,,0.39406060606060606,0.25863885886852833,219.0530979432143,2,,-1.525
0P0000XVYC.BO,Aditya Birla Sun Life ELSS Tax Saver Fund,10,,0.0,,,0,,0.0
0P0000XVYD.BO,Aditya Birla Sun Life Focused Fund,10,,0.7333333333333334,0.5482025299855665,51.932096414022425,3,,0.040000000000000036
0P0000XVYE.BO,Aditya Birla Sun Life Focused Fund,10,,0.0,,,0,,0.0
0P0000XVYF.BO,Aditya Birla Sun Life Banking & PSU Debt Fund,10,,0.13696969696969694,0.041988755010888806,44.40166798461224,3,inf,-2.375
0P0000XVYG.BO,Aditya Birla Sun Life Banking & PSU Debt Fund,10,,0.09278787878787874,0.0007621921941574358,114.04047300346365,2,inf,-3.145
0P0000XVYH.BO,Aditya Birla Sun Life Banking & PSU Debt Fund,10,,0.0,,,0,,0.0
0P0000XVYI.BO,Aditya Birla Sun Life Banking & PSU Debt Fund,10,0.8776414117215525,0.3952727272727274,0.0889788066089734,68.20973107306578,3,43.610345864541365,-7.2299999999999995
0P0000XVYJ.BO,BARODA BNP PARIBAS CORPORATE BOND FUND,10,,-0.35751515151515156,0.1162062994597534,102.56581703942791,3,,0.0
0P0000XVYK.BO,BARODA BNP PARIBAS CORPORATE BOND FUND,10,,0.0,,,0,,0.0
0P0000XVYL.BO,BARODA BNP PARIBAS CORPORATE BOND FUND,10,19.627865304544034,0.42078787878787893,0.2930974428226876,54.06787458655924,2,768.580997838241,-2.0300000000000002
0P0000XVYM.BO,BARODA BNP PARIBAS CORPORATE BOND FUND,10,15.778473169036623,0.39957575757575764,0.2795216825031306,51.16174198331069,5,inf,-2.0149999999999997
0P0000XVYP.BO,BARODA BNP PARIBAS LARGE CAP FUND,10,,0.8518181818181819,0.2119320468375354,77.73381525134081,2,,-4.715
0P0000XVYQ.BO,BARODA BNP PARIBAS LARGE CAP FUND,10,,0.0,,,0,,0.0
0P0000XVYS.BO,Baroda BNP Paribas Dynamic Term Fund,10,,0.0,,,0,,0.0
0P0000XVYU.BO,Baroda BNP Paribas Dynamic Term Fund,10,,0.3547272727272728,0.21598619740522712,51.71840686288848,4,inf,-1.905
0P0000XVYV.BO,Baroda BNP Paribas Dynamic Term Fund,10,75.38354746818776,0.40612121212121216,0.25138222741452354,57.177830530241316,2,inf,-1.9999999999999996
0P0000XVYZ.BO,Baroda BNP Paribas Mid Cap Fund,10,,0.7853333333333334,0.2607839089277633,94.14182363968186,2,,-4.83
0P0000XVZ0.BO,Baroda BNP Paribas Mid Cap Fund,10,,0.0,,,0,,0.0
0P0000XVZ1.BO,BARODA BNP PARIBAS CONSERVATIVE HYBRID FUND,10,,0.0,,,0,,0.0
0P0000XVZ2.BO,BARODA BNP PARIBAS CONSERVATIVE HYBRID FUND,10,23.635976591845555,0.5440606060606061,0.43868753711673364,51.70661867045661,2,92.51055095656211,-2.255
0P0000XVZ3.BO,BARODA BNP PARIBAS CONSERVATIVE HYBRID FUND,10,15.716065859544193,0.5517575757575758,0.4785842333332987,50.682455861298884,4,37.58277132684349,-2.2749999999999995
0P0000XVZH.BO,Baroda BNP Paribas ELSS Tax Saver Fund,10,,0.3853939393939394,0.09987115355784701,57.60190128066316,6,inf,-4.85
0P0000XVZI.BO,Baroda BNP Paribas ELSS Tax Saver Fund,10,,0.0,,,0,,0.0
0P0000XVZJ.BO,BANK OF INDIA LARGE & MID CAP FUND,10,,-1.3755757575757577,0.4138084735535853,149.042176298229,1,,0.0
0P0000XVZK.BO,BANK OF INDIA LARGE & MID CAP FUND,10,,0.0,,,0,,0.0
0P0000XVZM.BO,BANK OF INDIA MANUFACTURING & INFRASTRUCTURE FUND,10,,0.0,,,0,,0.0
0P0000XVZO.BO,BANK OF INDIA LIQUID FUND,10,,0.0,,,0,,0.0
0P0000XVZQ.BO,BANK OF INDIA ELSS TAX SAVER FUND,10,,-0.1812121212121212,0.031219288717459878,200.12203308231707,1,,0.0
0P0000XVZR.BO,BANK OF INDIA ELSS TAX SAVER FUND,10,,0.0,,,0,,0.0
0P0000XVZU.BO,Canara Robeco Aggressive Hybrid Fund,10,17.057981266992716,-0.05921212121212122,0.005466926736707528,38.458484327970254,3,98.34417319418512,-1.4149999999999998
0P0000XVZV.BO,Canara Robeco Aggressive Hybrid Fund,10,,0.0,,,0,,0.0
0P0000XVZX.BO,Canara Robeco Dynamic Term Fund,10,,0.22866666666666666,0.1914757182638302,39.572194855330864,3,inf,-1.2349999999999999
0P0000XVZY.BO,Canara Robeco Dynamic Term Fund,10,,0.0,,,0,,0.0
0P0000XVZZ.BO,Canara Robeco Large and Mid Cap Fund,10,,-0.0009090909090909328,7.771597515596836e-07,70.77561900509724,3,inf,-2.78
0P0000XW00.BO,Canara Robeco Large and Mid Cap Fund,10,,0.0,,,0,,0.0
0P0000XW01.BO,Canara Robeco Flexi Cap Fund,10,,-0.0846060606060606,0.004515124593293435,86.72763903581301,3,inf,-2.895
0P0000XW02.BO,Canara Robeco Flexi Cap Fund,10,,0.0,,,0,,0.0
0P0000XW03.BO,Canara Robeco ELSS - Tax Saver Fund,10,,-0.2698787878787879,0.0723922653427298,68.84211101783244,2,inf,-1.255
0P0000XW04.BO,Canara Robeco ELSS - Tax Saver Fund,10,,0.0,,,0,,0.0
0P0000XW05.BO,Canara Robeco Consumption Fund,10,,0.35945454545454547,0.1587919786885696,71.16000909861116,1,,2.25
0P0000XW06.BO,Canara Robeco Consumption Fund,10,,0.0,,,0,,0.0
0P0000XW0D.BO,Canara Robeco Gilt Fund,10,,0.17618181818181822,0.09511689683581873,39.9321858783284,3,inf,-1.2399999999999998
0P0000XW0E.BO,Canara Robeco Gilt Fund,10,,0.0,,,0,,0.0
0P0000XW0L.BO,Canara Robeco Infrastructure Fund,10,,0.2732727272727273,0.13963465316503645,45.63370022867595,2,inf,-0.2400000000000002
0P0000XW0M.BO,Canara Robeco Infrastructure Fund,10,,0.0,,,0,,0.0
0P0000XW0N.BO,Canara Robeco Large Cap Fund,10,,-0.14963636363636365,0.019342711975038226,98.57525117480853,2,inf,-2.685
0P0000XW0O.BO,Canara Robeco Large Cap Fund,10,,0.0,,,0,,0.0
0P0000XW0P.BO,Canara Robeco Liquid Fund,10,,0.39709090909090916,0.2727272727272728,300.00000000000006,1,,3.64
0P0000XW0R.BO,Canara Robeco Liquid Fund,10,,0.0,,,0,,0.0
0P0000XW0S.BO,Canara Robeco Liquid Fund,10,27.366399098930195,0.3776363636363636,0.3067937442346327,43.124694304467475,4,136.5546682353702,-1.825
0P0000XW0T.BO,Canara Robeco Liquid Fund,10,37.22113621688106,0.3886060606060608,0.3131411840633926,44.168486299270924,4,276.5080616802284,-1.815
0P0000XW0U.BO,Canara Robeco Conservative Hybrid Fund,10,,0.0,,,0,,0.0
0P0000XW0V.BO,Canara Robeco Conservative Hybrid Fund,10,25.703783459395613,0.264909090909091,0.11638764510175567,35.72539679150299,5,119.12186981312772,-1.76
0P0000XW0W.BO,Canara Robeco Conservative Hybrid Fund,10,10.700101696215892,0.014424242424242477,0.00034320224587711015,35.16315304389596,3,58.847841446474,-1.815
0P0000XW1A.BO,SBI SMALL CAP FUND,10,,0.0,,,0,,0.0
0P0000XW1B.BO,SBI SMALL CAP FUND,10,,0.0,,,0,,0.0
0P0000XW1F.BO,SBI BANKING & PSU DEBT FUND,10,,0.0,,,0,,0.0
0P0000XW1G.BO,DSP Aggressive Hybrid Fund,10,,-0.06472727272727274,0.011585561318081267,46.18321264672496,2,inf,-1.1349999999999998
0P0000XW1H.BO,DSP Aggressive Hybrid Fund,10,,0.0,,,0,,0.0
0P0000XW1L.BO,DSP Flexi Cap Fund,10,,-0.169030303030303,0.0047304274422461535,83.27203315655355,1,,-4.125
0P0000XW1M.BO,DSP Flexi Cap Fund,10,,0.0,,,0,,0.0
0P0000XW1N.BO,DSP Focused Fund,10,,0.8207272727272727,0.23528040545065643,101.46060465181283,1,,-4.385
0P0000XW1O.BO,DSP Focused Fund,10,,0.0,,,0,,0.0
0P0000XW1P.BO,DSP Gilt Fund,10,,0.2078787878787879,0.02779636082083889,60.72092958429438,2,inf,-1.1950000000000003
0P0000XW1Q.BO,DSP Gilt Fund,10,,0.0,,,0,,0.0
0P0000XW1R.BO,DSP Gilt Fund,10,,0.11684848484848485,0.009296601664804137,67.66856833842907,3,inf,-3.795
0P0000XW1S.BO,DSP Credit Risk Fund,10,,1.1659393939393938,0.09946975076819832,125.12797266485549,2,inf,-9.945
0P0000XW1U.BO,DSP Credit Risk Fund,10,,0.0,,,0,,0.0
0P0000XW1V.BO,DSP Credit Risk Fund,10,,1.4213939393939394,0.49832109469065217,87.82760062679806,3,inf,-4.580000000000001
0P0000XW1W.BO,DSP Credit Risk Fund,10,26.067189854333648,1.2953939393939395,0.4357122004389587,88.21209094227747,3,99.85678663176303,-4.775
0P0000XW1X.BO,DSP Credit Risk Fund,10,,,,,1,,0.10999999999999942
0P0000XW21.BO,DSP Liquid Fund,10,,0.0,,,0,,0.0
0P0000XW23.BO,DSP Small Cap Fund,10,,-0.18430303030303033,0.013469671502720834,53.57945782796831,3,inf,-4.63
0P0000XW24.BO,DSP Small Cap Fund,10,,0.0,,,0,,0.0
0P0000XW25.BO,DSP Conservative Hybrid Fund,10,,0.0,,,0,,0.0
0P0000XW26.BO,DSP Conservative Hybrid Fund,10,,0.3466666666666666,0.19217911631204235,48.720719542148096,2,inf,-2.485
0P0000XW27.BO,DSP Conservative Hybrid Fund,10,2.292358144097828,0.10642424242424244,0.019994728482343974,38.3837268428206,3,27.304550119625567,-2.6
0P0000XW2F.BO,DSP Large & Mid Cap Fund,10,,0.765818181818182,0.23654575178968773,88.50629700052197,2,,-4.32
0P0000XW2G.BO,DSP Large & Mid Cap Fund,10,,0.0,,,0,,0.0
0P0000XW2H.BO,DSP Short Term Fund,10,,0.029818181818181858,0.000536857165973285,62.971009317590386,3,13.805980128504379,-3.8749999999999996
0P0000XW2I.BO,DSP Short Term Fund,10,,0.0,,,0,,0.0
0P0000XW2J.BO,DSP Short Term Fund,10,,0.26981818181818173,0.09970975549108083,49.10583591260046,3,inf,-3.0899999999999994
0P0000XW2L.BO,DSP Midcap Fund,10,,0.2923030303030304,0.03018225627442586,68.24798703234052,2,,-4.2
0P0000XW2M.BO,DSP Midcap Fund,10,,0.0,,,0,,0.0
0P0000XW2N.BO,DSP Dynamic Term Fund,10,,0.0,,,0,,0.0
0P0000XW2P.BO,DSP Dynamic Term Fund,10,,0.0,,,0,,0.0
0P0000XW2Q.BO,DSP Dynamic Term Fund,10,,0.1424848484848485,0.012256910501194209,74.33386121629528,3,inf,-4.385
0P0000XW2S.BO,DSP ELSS Tax Saver Fund,10,,0.24824242424242418,0.3370104502628231,59.913878307127725,4,,-0.825
0P0000XW2T.BO,DSP ELSS Tax Saver Fund,10,,0.0,,,0,,0.0
0P0000XW2W.BO,DSP Large Cap Fund,10,,0.15703030303030313,0.006166037676781909,60.95623923731795,2,inf,-8.65
0P0000XW2X.BO,DSP Large Cap Fund,10,,0.0,,,0,,0.0
0P0000XW31.BO,DSP US Specific Equity Omni FoF,10,,0.3902424242424242,0.18574315860281873,108.68318154082179,1,,-2.715
0P0000XW32.BO,DSP US Specific Equity Omni FoF,10,,0.0,,,0,,0.0
0P0000XW35.BO,DSP Global Clean Energy Overseas Equity Omni FoF,10,,0.5172727272727273,0.2961729443643123,100.9268211426951,2,,-2.645
0P0000XW37.BO,DSP Global Clean Energy Overseas Equity Omni FoF,10,,0.0,,,0,,0.0
0P0000XW38.BO,DSP World Gold Mining Overseas Equity Omni FoF,10,,0.033636363636363756,0.000638886808354166,117.28424925184132,2,,-2.785
0P0000XW39.BO,DSP World Gold Mining Overseas Equity Omni FoF,10,,0.0,,,0,,0.0
0P0000XW3A.BO,DSP World Mining Overseas Equity Omni FoF,10,,0.46175757575757587,0.27877561440452164,202.4145984654265,2,,-2.67
0P0000XW3B.BO,DSP World Mining Overseas Equity Omni FoF,10,,0.0,,,0,,0.0
0P0000XW3C.BO,PGIM India Large Cap Fund,10,-5.870610954136357,0.12115151515151515,0.020765752738367328,33.90150985478211,2,17.79913644100761,-2.48
0P0000XW3D.BO,PGIM India Large Cap Fund,10,,0.0,,,0,,0.0
0P0000XW3G.BO,PGIM India Gilt Fund,10,18.604137331727898,0.3707272727272727,0.2837206325037584,35.51442619755497,3,38.71987283751977,-1.9049999999999994
0P0000XW3H.BO,PGIM India Gilt Fund,10,,0.0,,,0,,0.0
0P0000XW3I.BO,PGIM India Global Equity Opportunities Fund of Fund,10,,0.0,,,0,,0.0
0P0000XW3J.BO,PGIM India Emerging Markets Equity Fund of Fund,10,,0.0,,,0,,0.0
0P0000XW3K.BO,PGIM India Liquid Fund,10,,-0.23775757575757578,0.12827701675426428,101.5833755174587,1,,0.0
0P0000XW3L.BO,PGIM India Liquid Fund,10,,0.0,,,0,,0.0
0P0000XW3M.BO,PGIM India Aggressive Hybrid Equity Fund,10,,-0.2284848484848485,0.058144713305395876,36.39517422532465,2,-4.379248250146799,-4.51
0P0000XW3N.BO,PGIM India Aggressive Hybrid Equity Fund,10,,0.0,,,0,,0.0
0P0000XW3Q.BO,PGIM India Corporate Bond Fund,10,,0.0,,,0,,0.0
0P0000XW3Y.BO,PGIM India Equity Savings Fund,10,,0.0,,,0,,0.0
0P0000XW42.BO,Edelweiss Large Cap Fund,10,-10.460108239289456,-0.5243636363636365,0.4455731941748343,39.26760297885506,2,-3.7185056543592796,0.29499999999999993
0P0000XW43.BO,Edelweiss Large Cap Fund,10,,0.0,,,0,,0.0
0P0000XW44.BO,Nippon India Index Fund - BSE Sensex Plan,10,,0.0,,,0,,0.0
0P0000XW45.BO,Edelweiss Aggressive Hybrid Fund,10,25.759273724283595,0.4215757575757576,0.12852788745402638,55.29742271864192,2,inf,-1.2600000000000002
0P0000XW46.BO,Edelweiss Aggressive Hybrid Fund,10,,0.0,,,0,,0.0
0P0000XW49.BO,Quant Aggressive Hybrid Fund,10,,0.0,,,0,,0.0
0P0000XW4A.BO,Quant Aggressive Hybrid Fund,10,,0.0,,,0,,0.0
0P0000XW4B.BO,Quant Multi Asset Allocation Fund,10,,0.0,,,0,,0.0
0P0000XW4C.BO,Quant Multi Asset Allocation Fund,10,,0.0,,,0,,0.0
0P0000XW4D.BO,Quant Multi Cap Fund,10,,0.0,,,0,,0.0
0P0000XW4E.BO,Quant Multi Cap Fund,10,,0.0,,,0,,0.0
0P0000XW4G.BO,Quant Large & Mid Cap Fund,10,,-0.14254545454545456,0.1649831649831651,300.00000000000006,1,,0.0
0P0000XW4H.BO,Quant Large & Mid Cap Fund,10,,0.0,,,0,,0.0
0P0000XW4J.BO,Quant Small Cap Fund,10,,0.0,,,0,,0.0
0P0000XW4N.BO,Quant Infrastructure Fund,10,,0.0,,,0,,0.0
0P0000XW4O.BO,Quant Infrastructure Fund,10,,0.0,,,0,,0.0
0P0000XW4P.BO,Quant Focused Fund,10,,0.0,,,0,,0.0
0P0000XW4R.BO,Quant Liquid Fund,10,,0.0,,,0,,0.0
0P0000XW4S.BO,Quant Liquid Fund,10,,0.6,0.4807735889861731,73.44759325649933,2,,-1.8749999999999998
0P0000XW4T.BO,Quant Liquid Fund,10,,0.6196969696969697,0.4726069794877637,82.69385031266502,3,,-2.105
0P0000XW4U.BO,Quant Mid Cap Fund,10,,0.0,,,0,,0.0
0P0000XW4V.BO,Quant Mid Cap Fund,10,,0.0,,,0,,0.0
0P0000XW4W.BO,Quant Flexi Cap Fund,10,,0.0,,,0,,0.0
0P0000XW4X.BO,Quant Flexi Cap Fund,10,,0.0,,,0,,0.0
0P0000XW50.BO,Quant ELSS Tax Saver Fund,10,,0.0,,,0,,0.0
0P0000XW51.BO,Quant ELSS Tax Saver Fund,10,,0.0,,,0,,0.0
0P0000XW52.BO,Franklin Asian Equity Fund,10,,-1.352666666666667,0.07028476835480126,184.27065131752764,2,,0.0
0P0000XW53.BO,Franklin Asian Equity Fund,10,,0.0,,,0,,0.0
0P0000XW54.BO,Franklin Build India Fund,10,,0.1354545454545455,0.010911358796755062,50.62678898720774,4,inf,-4.92
0P0000XW55.BO,Franklin Build India Fund,10,,0.0,,,0,,0.0
0P0000XW56.BO,Franklin India Large Cap Fund,10,,-0.30612121212121235,0.012666625497131694,53.57998941087584,2,inf,-9.745
0P0000XW57.BO,Franklin India Large Cap Fund,10,,0.0,,,0,,0.0
0P0000XW58.BO,Franklin India Large & Mid Cap Fund,10,,0.22090909090909086,0.009174934580287872,94.02819019532433,1,inf,-4.26
0P0000XW59.BO,Franklin India Large & Mid Cap Fund,10,,0.0,,,0,,0.0
0P0000XW5A.BO,Franklin India Focused Equity Fund,10,,0.6121212121212122,0.4397450025594961,35.693739721388035,5,inf,-0.2600000000000007
0P0000XW5B.BO,Franklin India Focused Equity Fund,10,,0.0,,,0,,0.0
0P0000XW5F.BO,Franklin India NSE Nifty 50 Index Fund,10,,0.0,,,0,,0.0
0P0000XW5G.BO,Franklin India Opportunities Fund,10,,0.14709090909090908,0.01260054650416583,53.1074786119517,2,inf,-5.175
0P0000XW5H.BO,Franklin India Opportunities Fund,10,,0.0,,,0,,0.0
0P0000XW5I.BO,Franklin India Mid Cap Fund,10,,0.9625454545454545,0.5814732950520475,52.2876950253015,3,,0.9299999999999997
0P0000XW5J.BO,Franklin India Mid Cap Fund,10,,0.0,,,0,,0.0
0P0000XW5K.BO,Franklin India Flexi Cap Fund,10,,0.005030303030303032,2.2296725673240636e-05,50.769090775661766,2,inf,-3.58
0P0000XW5L.BO,Franklin India Flexi Cap Fund,10,,0.0,,,0,,0.0
0P0000XW5M.BO,Franklin India Small Cap Fund,10,,0.42793939393939406,0.09367563199788939,56.61949165058713,3,inf,-5.3
0P0000XW5N.BO,Franklin India Small Cap Fund,10,,0.0,,,0,,0.0
0P0000XW5O.BO,Franklin India ELSS Tax Saver Fund,10,,-7.704606060606061,0.29783000470352633,111.18787361849326,3,inf,-7.32
0P0000XW5P.BO,Franklin India ELSS Tax Saver Fund,10,,0.0,,,0,,0.0
0P0000XW5Q.BO,Franklin India Technology Fund,10,,0.1296363636363637,0.010183108761906257,50.80396162507266,2,inf,-5.205
0P0000XW5R.BO,Franklin India Technology Fund,10,,0.0,,,0,,0.0
0P0000XW5S.BO,Franklin India Aggressive Hybrid Fund,10,,-7.739757575757576,0.40987203054529775,92.57767788783278,1,inf,-7.815
0P0000XW5T.BO,Franklin India Aggressive Hybrid Fund,10,,0.0,,,0,,0.0
0P0000XW5U.BO,Franklin India Dynamic Asset Allocation Active Fund of Funds,10,,0.3378787878787879,0.08586806808492502,62.40551451443861,3,inf,-3.89
0P0000XW5V.BO,Franklin India Dynamic Asset Allocation Active Fund of Funds,10,,0.0,,,0,,0.0
0P0000XW5W.BO,Franklin U. S. Opportunities Equity Active Fund of Funds,10,,0.22690909090909095,0.2727272727272728,299.99999999999994,1,,2.08
0P0000XW5X.BO,Franklin U. S. Opportunities Equity Active Fund of Funds,10,,0.0,,,0,,0.0
0P0000XW6B.BO,Franklin India Conservative Hybrid Fund,10,,0.0,,,0,,0.0
0P0000XW6C.BO,Franklin India Conservative Hybrid Fund,10,,0.13181818181818183,0.012423666100072648,57.04211766807234,3,104.63133422601426,-3.8399999999999994
0P0000XW6D.BO,Franklin India Conservative Hybrid Fund,10,,-8.02139393939394,0.4607328684593044,92.78903295088934,3,7.131322922696057,-7.919999999999999
0P0000XW6Q.BO,HDFC Value Fund,10,,-0.6658181818181819,0.1569167333287371,70.35537493285534,3,,-3.58
0P0000XW6R.BO,HDFC Value Fund,10,,0.0,,,0,,0.0
0P0000XW6T.BO,HDFC Overnight Fund,10,,0.0,,,0,,0.0
0P0000XW6V.BO,HDFC Money Market Fund,10,,0.0,,,0,,0.0
0P0000XW6W.BO,HDFC Money Market Fund,10,37.440693779000014,0.31090909090909086,0.20400003125474975,39.81425218601907,3,300.74614773405114,-1.845
0P0000XW74.BO,HDFC Focused Fund,10,,-0.26339393939393946,0.03244300207183495,53.80760823597367,3,inf,-3.795
0P0000XW75.BO,HDFC Focused Fund,10,,0.0,,,0,,0.0
0P0000XW76.BO,HDFC Flexi Cap Fund,10,,-0.6795757575757577,0.41012088583515854,35.175505052824434,1,-12.201546270250523,-4.095
0P0000XW77.BO,HDFC Flexi Cap Fund,10,,0.0,,,0,,0.0
0P0000XW7B.BO,HDFC Floating Interest Rates Fund,10,,0.0,,,0,,0.0
0P0000XW7C.BO,HDFC Floating Interest Rates Fund,10,-3.2164626413205277,0.14363636363636356,0.022970361302202928,51.30269942869937,3,103.39961242143025,-3.5300000000000002
0P0000XW7D.BO,HDFC Floating Interest Rates Fund,10,33.87100463817063,0.2501818181818182,0.08610180787893827,45.13326935938382,3,268.8979489660844,-2.465
0P0000XW7E.BO,HDFC Gilt Fund,10,,0.07745454545454548,0.013970136238260591,54.46278296633334,3,60.049362914522526,-2.935
0P0000XW7F.BO,HDFC Gilt Fund,10,,0.0,,,0,,0.0
0P0000XW7I.BO,HDFC Gold ETF Fund of Fund,10,,0.0,,,0,,0.0
0P0000XW7L.BO,HDFC Dynamic Term Fund,10,,0.0,,,0,,0.0
0P0000XW7M.BO,HDFC Dynamic Term Fund,10,10.064241629820891,0.1535757575757575,0.05642558929432657,46.728702912483826,3,32.85811903581973,-1.76
0P0000XW7N.BO,HDFC Dynamic Term Fund,10,,0.029030303030303017,0.001952303935366903,53.93378333342002,3,63.16984982116914,-2.645
0P0000XW7O.BO,HDFC Dynamic Term Fund,10,,-0.06333333333333331,0.009189298815077978,49.66393145139571,2,-2.214477771771671,-2.555
0P0000XW7T.BO,HDFC Nifty 50 Index Fund,10,,0.0,,,0,,0.0
0P0000XW7U.BO,HDFC BSE Sensex Index Fund,10,,0.0,,,0,,0.0
0P0000XW7W.BO,HDFC Infrastructure Fund,10,,-0.5634545454545457,0.20346318866684585,86.60201648993213,1,,-2.545
0P0000XW7X.BO,HDFC Infrastructure Fund,10,,0.0,,,0,,0.0
0P0000XW89.BO,HDFC Liquid Fund,10,,0.0,,,0,,0.0
0P0000XW8A.BO,HDFC Liquid Fund,10,18.59550224560198,0.28533333333333327,0.1582795974608955,46.271316916576474,2,133.51368695669566,-2.3449999999999998
0P0000XW8C.BO,HDFC Corporate Bond Fund,10,,-0.06921212121212131,0.004548460895339837,56.90456942912234,1,48.34927483557931,-3.5499999999999994
0P0000XW8D.BO,HDFC Corporate Bond Fund,10,,0.0,,,0,,0.0
0P0000XW8E.BO,HDFC Mid Cap Fund,10,,-0.06715151515151516,0.0034230650471695307,51.753030060118036,3,inf,-3.515
0P0000XW8F.BO,HDFC Mid Cap Fund,10,,0.0,,,0,,0.0
0P0000XW8G.BO,HDFC Conservative Hybrid Fund,10,,0.0,,,0,,0.0
0P0000XW8I.BO,HDFC Conservative Hybrid Fund,10,,-0.0164242424242424,0.0002936235621991878,48.07172274890685,3,115.12653161132815,-3.6099999999999994
0P0000XW8J.BO,HDFC Conservative Hybrid Fund,10,,-0.029090909090909108,0.0010600104488321651,44.30988686070936,3,24.93213010737387,-3.625
0P0000XW8N.BO,HDFC Multi Asset Allocation Fund,10,,0.38872727272727264,0.10303563671804002,83.77624897376967,2,,-3.1849999999999996
0P0000XW8O.BO,HDFC Multi Asset Allocation Fund,10,,0.0,,,0,,0.0
0P0000XW8P.BO,HDFC Equity Savings Fund,10,,-0.16842424242424242,0.04727782797158484,42.097647489022755,1,15.78983962550363,-2.95
0P0000XW8Q.BO,HDFC Equity Savings Fund,10,,0.0,,,0,,0.0
0P0000XW8Y.BO,HDFC ELSS - Tax Saver Fund,10,,-0.598969696969697,0.3385129648636018,38.668122160249276,2,-10.565965436571146,-3.7799999999999994
0P0000XW8Z.BO,HDFC ELSS - Tax Saver Fund,10,,0.0,,,0,,0.0
0P0000XW90.BO,HDFC Large Cap Fund,10,,-0.24163636363636376,0.02590335283806062,52.20097958964727,3,inf,-4.215
0P0000XW91.BO,HDFC Large Cap Fund,10,,0.0,,,0,,0.0
0P0000XW92.BO,HSBC Brazil Fund,10,,0.0,,,0,,0.0
0P0000XW93.BO,HSBC Brazil Fund,10,,0.0,,,0,,0.0
0P0000XW95.BO,HSBC Liquid Fund,10,,0.0,,,0,,0.0
0P0000XW96.BO,HSBC Liquid Fund,10,,0.5509696969696971,0.53236768890436,52.63155832258888,3,inf,-1.855
0P0000XW97.BO,HSBC Liquid Fund,10,37.3970063071718,0.5541818181818183,0.43638467984472934,67.49572764028872,4,233.28605947626698,-1.8099999999999998
0P0000XW98.BO,HSBC Global Emerging Markets Fund,10,,0.0,,,0,,0.0
0P0000XW99.BO,HSBC Large Cap Fund,10,,0.5711515151515152,0.13259058768795803,66.70538627760169,2,,-5.135
0P0000XW9A.BO,HSBC Large Cap Fund,10,,0.0,,,0,,0.0
0P0000XW9K.BO,HSBC Flexi Cap Fund,10,,0.11042424242424244,0.005420163845989817,94.22778307606107,2,inf,-4.415
0P0000XW9L.BO,HSBC Flexi Cap Fund,10,,0.0,,,0,,0.0
0P0000XW9P.BO,HSBC Conservative Hybrid Fund,10,17.137858954113373,0.2330909090909092,0.08529137655105916,41.48478728072462,3,124.67922782104958,-2.835
0P0000XW9Y.BO,ICICI Prudential Multi Sector Passive FOF,10,,0.1320606060606061,0.008682635457082328,154.13670663458808,1,,0.0
0P0000XW9Z.BO,ICICI Prudential Multi Sector Passive FOF,10,,0.0,,,0,,0.0
0P0000XWA0.BO,ICICI Prudential Diversified Debt Strategy Active FOF,10,,0.0,,,0,,0.0
0P0000XWA1.BO,ICICI Prudential Aggressive Hybrid Fund,10,,-0.30151515151515157,0.13846957676715296,62.37832139888448,2,inf,-1.02
0P0000XWA2.BO,ICICI Prudential Aggressive Hybrid Fund,10,,0.0,,,0,,0.0
0P0000XWA3.BO,ICICI Prudential Banking & Financial Services Fund,10,,0.0,,,0,,0.0
0P0000XWA4.BO,ICICI Prudential Banking & Financial Services Fund,10,,0.23175757575757575,0.03930820795222883,53.56613400016672,3,inf,-4.27
0P0000XWA7.BO,ICICI Prudential Children's Fund,10,,0.0,,,0,,0.0
0P0000XWAA.BO,ICICI Prudential Value Fund (erstwhile Value Discovery Fund),10,,-0.8172727272727273,0.7323124295754982,59.15734605053701,1,,-1.845
0P0000XWAB.BO,ICICI Prudential Value Fund (erstwhile Value Discovery Fund),10,,0.0,,,0,,0.0
0P0000XWAH.BO,ICICI Prudential Multi Asset Allocation Fund,10,,-0.23381818181818184,0.06885618407303508,61.405329708409276,2,inf,-1.1300000000000001
0P0000XWAI.BO,ICICI Prudential Multi Asset Allocation Fund,10,,0.0,,,0,,0.0
0P0000XWAJ.BO,ICICI Prudential Balanced Advantage Fund,10,,-0.009575757575757578,0.0001457604064195303,44.845267556299014,1,2.4564139636769777,-2.92
0P0000XWAK.BO,ICICI Prudential Balanced Advantage Fund,10,,0.0,,,0,,0.0
0P0000XWAL.BO,ICICI Prudential Arbitrage Fund,10,13.992408292122827,-0.015333333333333327,0.0006474185645020359,59.41970514044825,2,123.21018225303204,-0.7899999999999999
0P0000XWAM.BO,ICICI Prudential Arbitrage Fund,10,,0.0,,,0,,0.0
0P0000XWAQ.BO,ICICI Prudential FMCG Fund,10,,-0.09896969696969697,0.01114680273521689,82.16325114430948,1,,-2.625
0P0000XWAR.BO,ICICI Prudential FMCG Fund,10,,0.0,,,0,,0.0
0P0000XWAS.BO,ICICI Prudential Large Cap Fund (erstwhile Bluechip Fund),10,,-0.14036363636363638,0.02666687189374058,54.070407254580445,3,inf,-2.295
0P0000XWAT.BO,ICICI Prudential Large Cap Fund (erstwhile Bluechip Fund),10,,0.0,,,0,,0.0
0P0000XWAW.BO,Invesco India Banking and PSU Debt Fund,10,,0.0,,,0,,0.0
0P0000XWAY.BO,Sundaram Equity Savings Fund (Formerly Known as Principal Equity Savings Fund),10,,1.195151515151515,0.5225324643843909,77.72345386624086,2,inf,3.794999999999999
0P0000XWBG.BO,Tata Gilt Fund,10,,-0.10078787878787879,0.1890018497868136,222.70556203826874,2,,0.0
0P0000XWBK.BO,UTI Children's Equity Fund,10,,0.0,,,0,,0.0
0P0000XWBN.BO,UTI Dynamic Term Fund,10,,-0.0055151515151515155,0.16498316498316493,299.99999999999994,1,,0.0
0P0000XWBW.BO,Kotak Infrastructure and Economic Reform Fund,10,,0.0,,,0,,0.0
0P0000XWBZ.BO,LIC MF Conservative Hybrid Fund,10,,-0.09363636363636363,0.4854604392526955,200.00335576663352,0,,0.0
0P0000XWC0.BO,LIC MF Conservative Hybrid Fund,10,,0.10696969696969695,0.013535313417525587,81.88867848318309,1,inf,-2.57
0P0000XWC1.BO,Kotak Multi Asset Omni FOF,10,,0.0,,,0,,0.0
0P0000XWC2.BO,LIC MF Conservative Hybrid Fund,10,,0.19727272727272732,0.09698845382415328,65.56484178435831,3,inf,-0.2250000000000001
0P0000XWC9.BO,BANDHAN LARGE CAP FUND,10,,-0.054666666666666655,0.001625133523557712,66.60359619458754,1,inf,-3.715
0P0000XWCA.BO,ICICI Prudential Ultra Short term Fund,10,,0.0,,,0,,0.0
0P0000XWCC.BO,LIC MF Conservative Hybrid Fund,10,,0.0,,,0,,0.0
0P0000XWCE.BO,LIC MF Gilt Fund,10,,0.0,,,0,,0.0
0P0000XWCV.BO,Quant Focused Fund,10,,0.0,,,0,,0.0
0P0000XWDK.BO,HSBC Balanced Advantage Fund,10,12.676561805338448,0.15090909090909094,0.03171495743501912,40.11111537297759,3,92.7053539663872,-3.0150000000000006
0P0000XX0F.BO,ICICI Prudential Focused Fund,10,,0.0,,,0,,0.0
0P0000XX0H.BO,Bandhan 10 year Constant Maturity Gilt Fund,10,,,,,3,,-4.715
0P0000XX0I.BO,LIC MF Banking & PSU Debt Fund,10,31.15091379763262,0.162,0.04733450587601289,92.38512899079882,2,,-0.355
0P0000XX0M.BO,Nippon India Corporate Bond Fund,10,,0.0,,,0,,0.0
0P0000XX0N.BO,Nippon India Floating Interest Rates Fund,10,24.57807185317442,0.28787878787878785,0.13569916903091447,41.0355935203018,3,112.94069174449186,-2.1500000000000004
0P0000XX0O.BO,Nippon India Corporate Bond Fund,10,14.424758315215724,0.24472727272727268,0.11445400838820795,39.56116968873262,3,46.67746080971142,-1.9349999999999998
0P0000XX0P.BO,Edelweiss Liquid Fund,10,32.84379483720621,0.3373333333333334,0.2497160942801066,42.46460200599205,3,214.9396674933961,-1.9
0P0000XX0R.BO,UTI - Liquid Fund,10,,0.027090909090909093,0.10009783897598211,59.84066078557541,2,inf,-0.265
0P0000XXSZ.BO,BANK OF INDIA MANUFACTURING & INFRASTRUCTURE FUND,10,,0.0,,,0,,0.0
0P0000XXT0.BO,Axis Conservative Hybrid Fund,10,2.0748392439572827,0.1105454545454545,0.009720864203508707,49.72886943526555,4,29.88311172591147,-3.6100000000000003
0P0000XXT5.BO,Kotak Mid Cap Fund,10,,-0.7798787878787881,0.43939103109103184,175.09396579063326,1,,0.0
0P0000XXT6.BO,HSBC Conservative Hybrid Fund,10,4.783125209587147,0.4599393939393938,0.2586006266762135,52.74806850702819,3,51.589794988033645,-2.795
0P0000XXY6.BO,Kotak Banking and PSU Debt Fund,10,,0.0578181818181819,0.003075970297619997,55.14428454210125,1,inf,-3.735
0P0000XXY7.BO,LIC MF Children's Fund,10,,0.0,,,0,,0.0
0P0000XXYB.BO,UTI - Gilt Fund,10,,-0.06327272727272726,0.05489758531132382,70.38584245167742,3,,-0.865
0P0000XXYC.BO,UTI - Credit Risk Fund.,10,,-0.14557575757575755,0.3459943576860518,223.53956673937208,1,,0.0
0P0000XXYD.BO,Nippon India Floating Interest Rates Fund,10,24.409118619770155,0.29921212121212126,0.14512442893503288,43.0284832652744,3,100.652942762501,-2.25
0P0000XXYE.BO,BANDHAN Arbitrage Fund,10,,0.0,,,0,,0.0
0P0000XXYG.BO,UTI - Overnight Fund,10,,-0.29303030303030303,0.7787490533061703,102.0068018763595,1,,0.0
0P0000XXYH.BO,Kotak Flexi Cap Fund,10,,-0.47921212121212126,0.33606065330856655,155.28819780337898,2,,0.0
0P0000XXYI.BO,Nippon India Floating Interest Rates Fund,10,21.935977316337762,0.34745454545454546,0.13914229417153776,53.56238408668074,3,60.56935005521254,-2.02
0P0000XY05.BO,UTI - Overnight Fund,10,,0.0,,,0,,0.0
0P0000XY0B.BO,Axis Banking and PSU Debt Fund,10,34.67993793165671,0.22357575757575757,0.08931488369889358,42.04205013849961,3,333.3122998708749,-2.4450000000000003
0P0000XY0C.BO,BARODA BNP PARIBAS GILT FUND,10,,0.026242424242424234,0.0008240770752336356,156.01375654285792,3,,0.0
0P0000XY0G.BO,Aditya Birla Sun Life Value Fund,10,-4.140111681056391,0.48896969696969705,0.11673609216101667,87.45980128149837,3,,-0.03500000000000014
0P0000XY0H.BO,HSBC Global Emerging Markets Fund,10,,0.480909090909091,0.17633844311102953,157.61371697368796,2,,-2.545
0P0000XY0K.BO,HSBC Conservative Hybrid Fund,10,,0.0,,,0,,0.0
0P0000XY0N.BO,ICICI Prudential Dynamic Asset Allocation Active FOF,10,,0.0,,,0,,0.0
0P0000XY0P.BO,ICICI Prudential Corporate Bond Fund,10,19.535430483478166,0.16915151515151514,0.041517470139628546,42.63267723724226,3,90.89372165710023,-2.6499999999999995
0P0000XY0T.BO,ICICI Prudential Corporate Bond Fund,10,,0.44066666666666665,0.1536033988443881,81.61513656025848,2,inf,-2.4749999999999996
0P0000XY0V.BO,BANDHAN LIQUID Fund,10,27.93949961585296,0.40509090909090917,0.3694890574118177,42.55584610093589,3,117.54404026124247,-1.7799999999999998
0P0000XY0X.BO,Aditya Birla Sun Life Digital India Fund,10,,0.4484848484848485,0.3077867207543935,38.68599928218461,3,inf,-0.20999999999999994
0P0000XY0Z.BO,BANK OF INDIA CONSERVATIVE HYBRID FUND,10,,0.0,,,0,,0.0
0P0000XY13.BO,BANDHAN Arbitrage Fund,10,22.86899697398672,2.264242424242424,0.08355022499560001,208.40743565290572,2,273.5320608146673,-37.95
0P0000XY1I.BO,BANDHAN Dynamic Term Fund,10,,-0.25533333333333336,0.05500842438256282,60.02961098695696,2,41.46322509487845,-3.58
0P0000XYE4.BO,Edelweiss Balanced Advantage Fund,10,,0.0,,,0,,0.0
0P0000XYE5.BO,PGIM India Corporate Bond Fund,10,13.977859163766414,0.3311515151515151,0.3019958699553431,30.863502794234844,2,33.242720838174726,-1.7499999999999998
0P0000XYE8.BO,Bandhan Gilt Fund,10,,0.02430303030303026,0.0005587583246871386,58.14296657143192,2,inf,-0.77
0P0000XYE9.BO,LIC MF Banking & PSU Debt Fund,10,35.30565693841001,0.41872727272727267,0.21820526045837993,52.32054384060777,2,109.68236048089676,-2.46
0P0000XYEA.BO,LIC MF Banking & PSU Debt Fund,10,,-0.2601818181818182,0.2290309425078288,167.7286136691103,2,,0.0
0P0000XYEB.BO,Kotak Gilt Fund,10,,0.0,,,0,,0.0
0P0000XYEC.BO,PGIM India Liquid Fund,10,31.469375803134447,0.3625454545454546,0.2882086333264553,41.71411103902007,3,184.3957216801108,-1.8350000000000002
0P0000XYED.BO,Kotak Global Emerging Market Overseas Equity Active FOF,10,,0.0,,,0,,0.0
0P0000XYEF.BO,UTI - Arbitrage Fund,10,,0.0,,,0,,0.0
0P0000XYEI.BO,UTI Conservative Hybrid Fund,10,,-0.13018181818181818,0.04208874418476345,54.4388414217264,4,5.453489257246613,-1.495
0P0000XYO7.BO,Edelweiss ELSS Tax Saver Fund,10,,-0.5511515151515152,0.6128674117814068,79.86399189853715,1,,0.0
0P0000XYOA.BO,Edelweiss ELSS Tax Saver Fund,10,,0.0,,,0,,0.0
0P0000XZRL.BO,Edelweiss Balanced Advantage Fund,10,,-0.1858181818181818,0.08709375083384473,54.80343034848669,2,44.318200838124525,-2.22
0P0000XZRR.BO,ICICI Prudential Dynamic Term Fund,10,,0.4526060606060608,0.16026725546918857,51.87410373966864,3,inf,-1.2400000000000002
0P0000XZRU.BO,Kotak Conservative Hybrid Fund,10,,0.0,,,0,,0.0
0P0000XZRV.BO,BARODA BNP PARIBAS LIQUID FUND,10,37.04344418554233,0.37606060606060615,0.3065183380634589,42.86963139203692,3,255.55768143170897,-1.8349999999999997
0P0000Y0I3.BO,ICICI Prudential Diversified Debt Strategy Active FOF,10,,0.08630303030303033,0.014677189781856656,152.9239301935634,3,,0.0
0P0000Y0I9.BO,Axis Liquid Fund,10,27.131205410950976,0.3634545454545455,0.2927132225937731,41.43331392035622,3,134.32592804645768,-1.845
0P0000Y0IA.BO,Navi Liquid Fund,10,,0.7360606060606062,0.48912110207801907,130.01976956858542,3,inf,-1.94
0P0000Y0IB.BO,Navi Liquid Fund,10,,0.7167272727272728,0.5387744397718442,128.18290066820873,4,inf,-2.01
0P0000Y1BP.BO,ICICI Prudential Dynamic Asset Allocation Active FOF,10,,0.13909090909090915,0.010300158592551088,153.22853870065532,1,,0.0
0P0000Y1BR.BO,Axis Liquid Fund,10,36.12394027468502,0.3706666666666668,0.2858775243927251,43.00703570514137,3,265.9479291744435,-1.8699999999999999
0P0000Y1CZ.BO,Kotak Multi Asset Omni FOF,10,,0.0,,,0,,0.0
0P0000Y1GC.BO,Nippon India Interval Fund-Quarterly Interval Fund Serie-II,10,,-0.4452727272727273,0.3499211069304527,135.04442754389962,1,,0.0
0P0000Y40W.BO,UTI - Arbitrage Fund,10,,-0.41757575757575754,0.35584875536253174,132.80170511879192,2,,0.0
0P0000Y4XL.BO,Axis Banking and PSU Debt Fund,10,20.752341686560214,0.18581818181818183,0.06274483073594259,41.16536181280766,3,124.01196623151006,-2.555
0P0000Y5Y9.BO,SBI 10 YEAR CONSTANT MATURITY GILT FUND,10,,-0.21393939393939398,0.30500165609322366,191.1805259565852,2,,0.0
0P0000Y7XT.BO,Bandhan Banking and PSU Debt Fund,10,,0.0,,,0,,0.0
0P0000Y7XU.BO,Bandhan Banking and PSU Debt Fund,10,,-0.6287878787878788,0.12719966564596857,206.10237392719327,1,,0.0
0P0000Y7XV.BO,Bandhan Banking and PSU Debt Fund,10,,0.0,,,0,,0.0
0P0000Y7XW.BO,Bandhan Banking and PSU Debt Fund,10,,-0.6773939393939394,0.12675064565523225,208.35066947204464,1,,0.0
0P0000YBTG.BO,Kotak Conservative Hybrid Fund,10,,0.11690909090909091,0.008461488394246023,54.13756478862961,2,inf,-4.105
0P0000YCH8.BO,Bandhan Banking and PSU Debt Fund,10,10.655671148020684,0.016121212121212102,0.00032892236338853204,52.577421975875374,3,61.86965156231003,-2.165
0P0000YCJ0.BO,Aditya Birla Sun Life Liquid Fund,10,,2.240727272727273,0.3760964026185994,177.27385052198113,1,,-11.17
0P0000YF31.BO,BANK OF INDIA CONSERVATIVE HYBRID FUND,10,,-0.14121212121212118,0.18337314992032624,138.07242825443166,2,,0.0
0P0000YF37.BO,ICICI Prudential Dynamic Term Fund,10,,0.18321212121212124,0.03044957162934867,54.543624452994955,3,inf,-3.315
0P0000YF4U.BO,ICICI Prudential Balanced Advantage Fund,10,,-0.0924848484848485,0.02169470694748312,44.975530743747825,1,inf,-1.21
0P0000YF56.BO,ICICI Prudential Banking and PSU Debt Fund,10,,0.0,,,0,,0.0
0P0000YG7Z.BO,Bandhan Gilt   Fund,10,,,,,1,,-0.4699999999999997
0P0000YG82.BO,ICICI Prudential Balanced Advantage Fund,10,,-0.09866666666666664,0.03131986863915907,46.12195929514905,1,inf,-1.035
0P0000YK1E.BO,ICICI Prudential Aggressive Hybrid Active FOF,10,,0.0,,,0,,0.0
0P0000YK42.BO,ICICI Prudential Income plus Arbitrage Omni FOF,10,,0.0,,,0,,0.0
0P0000YN26.BO,Bandhan Gilt   Fund,10,,-0.2897575757575757,0.05719402745107318,63.2392806553807,2,115.07141238939958,-3.7049999999999996
0P0000YR3X.BO,ICICI Prudential Banking and PSU Debt Fund,10,6.70342794334724,-0.018424242424242426,0.00048731068621039,52.47924167750273,3,38.67487535749059,-2.4749999999999996
0P0000YRX4.BO,Edelweiss Liquid Fund,10,,0.28727272727272735,0.12890389895223167,45.04513477232371,3,inf,-2.445
0P0000YU91.BO,PGIM India Corporate Bond Fund,10,,0.6387272727272727,0.6479388370074535,39.88037136730567,3,inf,-0.7950000000000004
0P0000YU92.BO,Motilal Oswal Focused Fund,10,,0.0,,,0,,0.0
0P0000YU93.BO,Motilal Oswal Focused Fund,10,,-0.3029090909090909,0.02250596649473697,86.35346335641732,2,,-3.225
0P0000YU94.BO,Motilal Oswal Focused Fund,10,,0.0,,,0,,0.0
0P0000YU95.BO,Motilal Oswal Focused Fund,10,,-0.2526060606060606,0.01600376255655952,86.19397196390346,2,,-3.2449999999999997
0P0000YWGO.BO,BANDHAN Dynamic Term Fund,10,,-0.15672727272727274,0.01973410728238394,66.34614253846213,2,inf,-3.2699999999999996
0P0000YWKN.BO,BANDHAN LIQUID Fund,10,,-0.9356363636363637,0.09955203360035964,262.7217257031671,1,,0.0
0P0000YWL0.BO,Parag Parikh Flexi Cap Fund,10,,0.0,,,0,,0.0
0P0000YWL1.BO,Parag Parikh Flexi Cap Fund,10,,0.0,,,0,,0.0
0P0000YWVH.BO,Edelweiss Liquid Fund,10,37.132520448167305,0.1813939393939394,0.0470351417742364,71.39264127764667,1,,-1.7
0P0000Z11P.BO,PGIM India Corporate Bond Fund,10,,-0.20430303030303035,0.08080512980594436,35.390796753396195,2,-7.654063463133489,-3.51
0P0000Z1JG.BO,360 ONE Dynamic Term Fund,10,,0.0,,,0,,0.0
0P0000Z1JH.BO,360 ONE Dynamic Term Fund,10,,0.0,,,0,,0.0
0P0000Z1JI.BO,360 ONE Dynamic Term Fund,10,19.16022160346955,0.13787878787878793,0.06295936156820074,40.52162109803363,1,115.40353042801651,-1.6299999999999997
0P0000Z1JJ.BO,360 ONE Dynamic Term Fund,10,,0.0,,,0,,0.0
0P0000Z1JK.BO,360 ONE Dynamic Term Fund,10,,0.0,,,0,,0.0
0P0000Z1JL.BO,360 ONE Dynamic Term Fund,10,,0.0,,,0,,0.0
0P0000Z1JM.BO,360 ONE Dynamic Term Fund,10,18.51543832303799,0.14181818181818182,0.0720553248458698,42.29347917826636,1,117.1358176524826,-1.5250000000000004
0P0000Z2GY.BO,PGIM India Dynamic Term Fund,10,15.456847918642346,0.3483030303030303,0.2541602511959546,35.278319155950946,2,35.67786750845396,-2.315
0P0000Z34R.BO,SBI CONSUMPTION OPPORTUNITIES FUND,10,,0.0,,,0,,0.0
0P0000Z34X.BO,SBI TECHNOLOGY OPPORTUNITIES FUND,10,,0.0,,,0,,0.0
0P0000Z38Z.BO,Axis Conservative Hybrid Fund,10,0.21739814642764976,-0.06569696969696971,0.009977526755734312,38.10257611364551,2,11.65599108801762,-1.115
0P0000Z3EI.BO,BANDHAN Dynamic Term Fund,10,,-0.18266666666666662,0.030250389633528354,71.04619144590536,2,inf,-2.86
0P0000Z5BN.BO,Nippon India Money Market Fund,10,13.578406953493637,0.4193333333333334,0.3813064094911241,39.572226824565284,3,24.621841039119726,-1.8649999999999998
0P0000Z6XG.BO,ADITYA BIRLA SUN LIFE ARBITRAGE FUND,10,9.551005814685753,0.13684848484848489,0.04787735228052598,43.099694804260594,5,61.99339838357371,-1.7599999999999998
0P0000Z6XJ.BO,Nippon India Gilt Fund,10,,0.0,,,0,,0.0
0P0000Z8L5.BO,ICICI Prudential Banking and PSU Debt Fund,10,,0.07393939393939387,0.006114010405187994,58.68761001136359,3,inf,-2.585
0P0000Z9UY.BO,Nippon India Money Market Fund,10,13.518641316433634,0.40818181818181826,0.3756135829842924,39.565212923052314,3,24.687955668386827,-1.8399999999999999
0P0000Z9UZ.BO,Nippon India Money Market Fund,10,,0.0,,,0,,0.0
0P0000Z9V4.BO,SBI LIQUID FUND,10,,-0.34818181818181826,0.29890544720871487,196.90213911662968,1,,0.0
0P0000Z9VZ.BO,Axis Dynamic Term Fund,10,-0.34992364339450077,-0.2556969696969697,0.11616969911035684,47.831205638015376,3,14.679673566457021,-0.865
0P0000ZA71.BO,Nippon India Interval Fund-Quarterly Interval Fund Serie-II,10,,0.0,,,0,,0.0
0P0000ZADB.BO,Edelweiss US Value Equity Offshore Fund,10,,0.0,,,0,,0.0
0P0000ZADC.BO,Edelweiss US Value Equity Offshore Fund,10,,0.0,,,0,,0.0
0P0000ZARP.BO,UTI Annual Interval Fund - I,10,,0.0,,,0,,0.0
0P0000ZBRH.BO,UTI Annual Interval Fund - I,10,,-0.13375757575757574,0.023812371507410366,102.16179366176159,1,,-2.19
0P0000ZCR5.BO,Axis Gilt Fund,10,,,,,2,,0.3750000000000001
0P0000ZJXP.BO,Axis Conservative Hybrid Fund,10,,-0.3680606060606061,0.3200404197873062,58.78321940502589,1,inf,-1.6049999999999998
0P0000ZK6M.BO,Edelweiss Banking and PSU Debt Fund,10,,0.0,,,0,,0.0
0P0000ZK6N.BO,Edelweiss Banking and PSU Debt Fund,10,30.112664239398114,0.41012121212121216,0.3574487810048582,42.80468658249744,3,116.8233890862773,-1.6550000000000002
0P0000ZK6O.BO,Edelweiss Banking and PSU Debt Fund,10,,0.0,,,0,,0.0
0P0000ZK6R.BO,Edelweiss Banking and PSU Debt Fund,10,,,,,2,,-1.9249999999999998
0P0000ZKDJ.BO,Motilal Oswal Ultra Short Term Fund,10,,0.0,,,0,,0.0
0P0000ZKDM.BO,Motilal Oswal Ultra Short Term Fund,10,,0.3368484848484849,0.3180234208914353,131.97408746914527,2,,-0.06999999999999984
0P0000ZKDN.BO,Motilal Oswal Ultra Short Term Fund,10,,0.0,,,0,,0.0
0P0000ZKHS.BO,ICICI Prudential Global Stable Equity Fund (FOF),10,,0.0,,,0,,0.0
0P0000ZKHT.BO,ICICI Prudential Global Stable Equity Fund (FOF),10,,0.0,,,0,,0.0
0P0000ZKHU.BO,ICICI Prudential Global Stable Equity Fund (FOF),10,,0.0,,,0,,0.0
0P0000ZKHV.BO,ICICI Prudential Global Stable Equity Fund (FOF),10,,0.0,,,0,,0.0
0P0000ZKJO.BO,Motilal Oswal Ultra Short Term Fund,10,,0.4053939393939394,0.342267941664964,132.42260709385835,2,,-0.20000000000000018
0P0000ZKJP.BO,Motilal Oswal Ultra Short Term Fund,10,,0.2058181818181818,0.12375854240522707,166.38023945166128,2,,-1.415
0P0000ZKJT.BO,Edelweiss Banking and PSU Debt Fund,10,13.278877154852164,0.2697575757575758,0.04592240511205349,65.22940739775126,2,3692.601947779232,-2.74
0P0000ZKLL.BO,DSP Banking and PSU Debt Fund,10,,0.0,,,0,,0.0
0P0000ZKLO.BO,DSP Banking and PSU Debt Fund,10,,0.1947878787878787,0.047644927014832555,55.3365422965419,3,inf,-3.135
0P0000ZKLP.BO,DSP Banking and PSU Debt Fund,10,10.428225573794192,0.008606060606060641,8.699827592922764e-05,53.73447170611174,2,60.34159554285681,-2.545
0P0000ZKLQ.BO,DSP Banking and PSU Debt Fund,10,,-0.1383636363636364,0.010537210552221583,65.01361972569538,1,17.778372942585438,-3.6799999999999997
0P0000ZKLR.BO,DSP Banking and PSU Debt Fund,10,,0.0,,,0,,0.0
0P0000ZKLV.BO,DSP Banking and PSU Debt Fund,10,,0.20581818181818184,0.050383931420630405,54.5955677195512,3,inf,-3.2250000000000005
0P0000ZKLW.BO,DSP Banking and PSU Debt Fund,10,10.272845286563914,0.011939393939393928,0.00016084575098878614,52.57604766908888,2,59.114716743410185,-2.645
0P0000ZKLX.BO,DSP Banking and PSU Debt Fund,10,,-0.14072727272727267,0.01031005072704573,64.12437366544776,1,16.36197500082594,-3.82
0P0000ZLWY.BO,ICICI Prudential Dynamic Term Fund,10,,-0.018787878787878784,0.0005937554718490086,280.33273886588995,1,,0.23999999999999996
0P0000ZN0V.BO,Nippon India Floating Interest Rates Fund,10,,0.0,,,0,,0.0
0P0000ZN4C.BO,Nippon India Floating Interest Rates Fund,10,,0.43739393939393945,0.5032091180389577,90.49709925456796,1,,-1.3550000000000002
0P0000ZO13.BO,Aditya Birla Sun Life Corporate Bond Fund,10,,0.46727272727272734,0.04749626122179981,78.03341604252083,2,inf,0.19500000000000026
0P0000ZQO0.BO,Nippon India Aggressive Hybrid Fund (Existing Number of Segregated Portfolios - 2),10,,0.24290909090909096,0.047027907239649315,106.39252832518041,1,,-4.075
0P0000ZRGD.BO,Aditya Birla Sun Life Corporate Bond Fund,10,,0.46369696969696983,0.14457974585684996,56.0886595218944,2,inf,0.22000000000000017
0P0000ZRWQ.BO,BANDHAN EQUITY SAVINGS FUND,10,26.0839362949133,2.7003636363636367,0.121186860707194,210.2313806491417,7,197.74631279226767,-37.085
0P0000ZRWT.BO,ICICI Prudential Liquid Fund -,10,,-0.10624242424242425,0.03161589367576259,200.25870021748028,1,,0.0
0P000101RU.BO,360 ONE Liquid Fund,10,37.23276217153524,0.38363636363636366,0.3327603088352904,44.94610382597081,3,261.9655190271835,-1.6900000000000002
0P000101RY.BO,360 ONE Liquid Fund,10,,0.0,,,0,,0.0
0P000101S1.BO,360 ONE Liquid Fund,10,,0.0,,,0,,0.0
0P00011MAR.BO,PGIM India Midcap Fund,10,,0.0,,,0,,0.0
0P00011MAS.BO,PGIM India Midcap Fund,10,,-0.2807878787878788,0.06167250032613057,42.770679740498274,2,6.022187960586507,-4.485
0P00011MAT.BO,PGIM India Midcap Fund,10,,0.0,,,0,,0.0
0P00011MAU.BO,PGIM India Midcap Fund,10,,0.0,,,0,,0.0
0P00011MAV.BO,Axis Small Cap Fund,10,,0.0,,,0,,0.0
0P00011MAW.BO,Axis Small Cap Fund,10,,0.045939393939393905,0.0004752819503518973,76.01764333640017,2,,-4.84
0P00011MAX.BO,Axis Small Cap Fund,10,,0.0,,,0,,0.0
0P00011MAY.BO,Axis Small Cap Fund,10,,0.06618181818181823,0.0010231092321688366,74.82983436217063,2,,-4.855
0P00011MCJ.BO,Shriram Aggressive Hybrid Fund,10,,0.0,,,0,,0.0
0P00011MCK.BO,Shriram Aggressive Hybrid Fund,10,,0.0,,,0,,0.0
0P00011MCL.BO,Shriram Aggressive Hybrid Fund,10,,0.0,,,0,,0.0
0P00011MCM.BO,Shriram Aggressive Hybrid Fund,10,,0.0,,,0,,0.0
0P00011MKU.BO,Aditya Birla Sun Life Banking and Financial Services Fund,10,,0.0,,,0,,0.0
0P00011MKX.BO,Aditya Birla Sun Life Banking and Financial Services Fund,10,,0.022727272727272728,0.0004913412259103521,51.24382013052422,2,inf,-3.625
0P00011MKZ.BO,Aditya Birla Sun Life Banking and Financial Services Fund,10,,0.0,,,0,,0.0
0P00011ML1.BO,Aditya Birla Sun Life Banking and Financial Services Fund,10,,0.0223636363636364,0.00047334465340438957,51.213133198297186,2,inf,-3.6349999999999993
0P00011MS9.BO,BANK OF INDIA LARGE & MID CAP FUND,10,,-0.11333333333333331,0.03441866346883826,203.55434156513397,1,,0.0
0P00011MT4.BO,Nippon India Corporate Bond Fund,10,,0.0,,,0,,0.0
0P00011OMI.BO,BANDHAN EQUITY SAVINGS FUND,10,,0.0,,,0,,0.0
0P00011RGQ.BO,ICICI Prudential Ultra Short term Fund,10,3.357942433558714,0.01563636363636369,0.0005486019600528404,40.91963717810349,2,28.462252585166148,-2.56
0P00011W4E.BO,Invesco India - Invesco Pan European Equity Fund of Fund,10,,0.0,,,0,,0.0
0P00011W4F.BO,Invesco India - Invesco Pan European Equity Fund of Fund,10,,0.0,,,0,,0.0
0P00011W4G.BO,Invesco India - Invesco Pan European Equity Fund of Fund,10,,0.0,,,0,,0.0
0P00011W4H.BO,Invesco India - Invesco Pan European Equity Fund of Fund,10,,0.0,,,0,,0.0
0P00011WHN.BO,UTI Banking & PSU Debt Fund,10,,-0.23581818181818184,0.26266901752080324,139.85178939747763,1,,0.0
0P00011WHO.BO,UTI Banking & PSU Debt Fund,10,,-0.2559393939393939,0.26190801907307987,139.86829150114903,1,,0.0
0P00011WHP.BO,UTI Banking & PSU Debt Fund,10,,0.0,,,0,,0.0
0P00011XC7.BO,Canara Robeco Corporate Bond Fund,10,,0.21775757575757573,0.10705234321105042,43.614478877453635,3,inf,-1.235
0P00011XC8.BO,Canara Robeco Corporate Bond Fund,10,,0.0,,,0,,0.0
0P00011XC9.BO,Canara Robeco Corporate Bond Fund,10,,0.21842424242424238,0.10559777087256617,44.058333285807834,1,inf,-1.255
0P00011XCA.BO,Canara Robeco Corporate Bond Fund,10,,0.0,,,0,,0.0
0P00011XCB.BO,DSP Dynamic Asset Allocation Fund,10,,0.2911515151515151,0.36305216819945607,42.08340387959294,3,inf,-0.18999999999999995
0P00011XCC.BO,DSP Dynamic Asset Allocation Fund,10,,0.0,,,0,,0.0
0P00011XCD.BO,DSP Dynamic Asset Allocation Fund,10,,0.3378181818181819,0.3797047829237465,43.23615042150676,3,inf,-0.38499999999999973
0P00011XCE.BO,DSP Dynamic Asset Allocation Fund,10,,0.0,,,0,,0.0
0P00011XDA.BO,Edelweiss Europe Dynamic Equity Offshore Fund,10,,0.0,,,0,,0.0
0P00011XDB.BO,Edelweiss Europe Dynamic Equity Offshore Fund,10,,0.0,,,0,,0.0
0P000123FW.BO,Edelweiss Liquid Fund,10,,0.0,,,0,,0.0
0P000123HD.BO,ICICI Prudential Dynamic Term Fund,10,15.922719549071939,0.20193939393939395,0.0541327665958635,40.6419127759601,3,52.19448220948138,-2.715
0P000123Q6.BO,Edelweiss Gilt Fund,10,,0.0,,,0,,0.0
0P000123Q8.BO,Edelweiss Gilt Fund,10,,,,,2,,-1.9600000000000004
0P000123Q9.BO,Edelweiss Gilt Fund,10,,0.39327272727272733,0.2727272727272728,300.00000000000006,1,,3.605
0P000123QA.BO,Edelweiss Gilt Fund,10,,0.39327272727272733,0.2727272727272728,300.00000000000006,1,,3.605
0P000123QB.BO,Edelweiss Gilt Fund,10,,0.0,,,0,,0.0
0P000123QC.BO,Edelweiss Gilt Fund,10,,-0.14406060606060606,0.01746467740681475,58.93212642017488,2,246.2947990303195,-4.22
0P000124IS.BO,Nippon India Aggressive Hybrid Fund (Existing Number of Segregated Portfolios - 2),10,,0.21054545454545454,0.03594912105747835,105.19606844023473,1,,-3.92
0P000124IT.BO,Taurus Ethical Fund,10,,0.0,,,0,,0.0
0P000125VE.BO,Edelweiss Money Market Fund,10,,0.3245454545454546,0.2727272727272727,300.00000000000006,1,,2.975
0P00012ALR.BO,Motilal Oswal Midcap Fund,10,,-0.7212121212121212,0.1850606759082369,59.65567529188887,1,8.268290778297313,-3.495
0P00012ALS.BO,Motilal Oswal Midcap Fund,10,,0.0,,,0,,0.0
0P00012ALT.BO,Motilal Oswal Midcap Fund,10,,-0.39745454545454545,0.03950538613310678,95.25087518166971,1,,-1.625
0P00012ALU.BO,Motilal Oswal Midcap Fund,10,,0.0,,,0,,0.0
0P00012AV1.BO,HSBC Asia Pacific (Ex Japan) Dividend Yield Fund,10,,0.0,,,0,,0.0
0P00012AV2.BO,HSBC Asia Pacific (Ex Japan) Dividend Yield Fund,10,,0.9720606060606062,0.3524304292235105,123.73305857335683,2,,-4.55
0P00012AV3.BO,HSBC Asia Pacific (Ex Japan) Dividend Yield Fund,10,,0.0,,,0,,0.0
0P00012AV4.BO,HSBC Asia Pacific (Ex Japan) Dividend Yield Fund,10,,0.9326666666666669,0.32708417110893806,101.67295681990758,3,,-4.585
0P00012IEH.BO,BANK OF INDIA BALANCED ADVANTAGE FUND,10,,-0.798,0.2156046983110621,187.62033510234443,1,,0.0
0P00012IEI.BO,BANK OF INDIA BALANCED ADVANTAGE FUND,10,,0.0,,,0,,0.0
0P00012IEJ.BO,BANK OF INDIA BALANCED ADVANTAGE FUND,10,,-0.03042424242424243,0.007373942982534688,279.57316043350517,1,,0.0
0P00012IEK.BO,BANK OF INDIA BALANCED ADVANTAGE FUND,10,,0.0,,,0,,0.0
0P00012JRN.BO,Kotak Credit Risk Fund,10,,0.0,,,0,,0.0
0P00012K18.BO,Kotak Medium Term Fund,10,,0.0,,,0,,0.0
0P00012K19.BO,Kotak Medium Term Fund,10,,-0.43321212121212127,0.31336626978846654,157.19981857003987,2,,0.0
0P00012K1B.BO,Kotak Medium Term Fund,10,,0.0,,,0,,0.0
0P00012K1C.BO,Kotak Medium Term Fund,10,,0.0,,,0,,0.0
0P00012K1E.BO,HDFC Credit Risk Fund,10,,0.0,,,0,,0.0
0P00012K1F.BO,HDFC Credit Risk Fund,10,,-0.09133333333333321,0.010837092556598808,46.43442473108366,3,2.914318089376135,-3.58
0P00012K1G.BO,HDFC Credit Risk Fund,10,,0.0,,,0,,0.0
0P00012K1H.BO,HDFC Credit Risk Fund,10,,-0.14551515151515151,0.03055936677321995,41.258133270424,3,-2.914432810125215,-3.8399999999999994
0P00012KBL.BO,HDFC Banking and PSU Debt Fund,10,14.157788198187205,0.06363636363636356,0.0036145351878885453,53.943002538275266,3,132.11945166307027,-3.0749999999999997
0P00012KBM.BO,HDFC Banking and PSU Debt Fund,10,,0.0,,,0,,0.0
0P00012KBN.BO,HDFC Banking and PSU Debt Fund,10,14.984144592008475,0.08933333333333333,0.009275800415597332,51.412344289396785,3,137.04407348513058,-2.9050000000000002
0P00012KBO.BO,HDFC Banking and PSU Debt Fund,10,,0.0,,,0,,0.0
0P00012KCD.BO,Groww Liquid Fund,10,36.63676317175402,0.36860606060606066,0.28578819428445307,43.97126114169529,3,276.49141129005886,-1.875
0P00012M99.BO,Bandhan Banking and PSU Debt Fund,10,,,,,3,,-3.5499999999999994
0P00012M9A.BO,HDFC Arbitrage Fund,10,7.473838445624437,0.06993939393939394,0.012121554364185915,47.367820642466434,4,119.31460454466514,-2.23
0P00012M9B.BO,HDFC Arbitrage Fund,10,,0.0,,,0,,0.0
0P00012M9D.BO,HDFC Arbitrage Fund,10,6.966810981838623,0.042969696969696984,0.004484642827609679,45.63010646199553,2,114.46830316994131,-2.2800000000000002
0P00012N5W.BO,Nippon India Arbitrage Fund,10,,-0.42981818181818177,0.4361201549540661,151.9859934893159,2,,0.0
0P00012N5X.BO,Nippon India Arbitrage Fund,10,,-0.41539393939393937,0.4375532605764937,152.08520898406584,2,,0.0
0P00012NRR.BO,Edelweiss Banking and PSU Debt Fund,10,12.673538148761331,0.29593939393939395,0.03460965111824938,87.64828418574994,2,inf,-2.675
0P00012O30.BO,Sundaram Infrastructure Advantage Fund (Erstwhile Sundaram Capex Opportunities),10,,0.37630303030303036,0.09967345169208967,71.96839036339509,2,inf,-4.29
0P00012O31.BO,Sundaram Infrastructure Advantage Fund (Erstwhile Sundaram Capex Opportunities),10,,0.30418181818181816,0.06649409281570712,68.54536330779337,2,inf,-4.29
0P00012OOS.BO,Bandhan Banking and PSU Debt Fund,10,10.48098771930408,0.026181818181818174,0.0008330617080068356,51.59371645167988,3,59.65117392126059,-2.26
0P00012RQJ.BO,ICICI Prudential Income plus Arbitrage Omni FOF,10,,0.15618181818181823,0.012649008450654625,152.7644621794039,1,,0.0
0P00012U43.BO,Franklin India Banking & PSU Debt Fund,10,,0.0,,,0,,0.0
0P00012U45.BO,Franklin India Banking & PSU Debt Fund,10,-19.78572155437872,-8.22521212121212,0.47352668719342933,107.24796067973132,3,13.415695876487693,-1.1249999999999998
0P00012U47.BO,Franklin India Banking & PSU Debt Fund,10,,0.0,,,0,,0.0
0P00012U48.BO,Franklin India Banking & PSU Debt Fund,10,-19.084695482733103,-7.969939393939393,0.4730154761739779,106.82545346897037,3,14.2678715571921,-1.0850000000000002
0P00012UA0.BO,PGIM India Equity Savings Fund,10,19.392997298624515,0.22915151515151513,0.0863354380673346,47.01021679022798,3,118.45003993610739,-1.37
0P00012UA1.BO,Franklin India Money Market Fund,10,35.76104684337788,0.33618181818181825,0.282656115688675,41.268685336140834,4,218.17744328385757,-1.5199999999999998
0P00012UA2.BO,Franklin India Money Market Fund,10,36.4792554203849,0.33,0.1233986876755419,51.68112399438011,3,222.58945146282758,-1.5899999999999999
0P00012ZRK.BO,Motilal Oswal Flexi Cap Fund,10,,-0.35854545454545456,0.03901037679489635,72.0182487667446,2,22.98700724262508,-3.57
0P00012ZRM.BO,Motilal Oswal Flexi Cap Fund,10,,0.0,,,0,,0.0
0P00012ZRN.BO,Motilal Oswal Flexi Cap Fund,10,,-0.21703030303030305,0.013941062988760505,77.99646005396697,2,inf,-3.6949999999999994
0P00012ZRO.BO,Motilal Oswal Flexi Cap Fund,10,,0.0,,,0,,0.0
0P0001314C.BO,HSBC Aggressive Hybrid Active FOF (erstwhile HSBC Managed Solutions India - Growth fund),10,,0.0,,,0,,0.0
0P0001314D.BO,HSBC Aggressive Hybrid Active FOF (erstwhile HSBC Managed Solutions India - Growth fund),10,,1.2694545454545454,0.7399987139518673,123.07376996262343,2,,-0.2649999999999997
0P0001314E.BO,HSBC Aggressive Hybrid Active FOF (erstwhile HSBC Managed Solutions India - Growth fund),10,,0.0,,,0,,0.0
0P0001314F.BO,HSBC Aggressive Hybrid Active FOF (erstwhile HSBC Managed Solutions India - Growth fund),10,,1.1950303030303033,0.7327056179329771,123.0052170153775,2,,-0.375
0P0001314G.BO,HSBC Multi Asset Active FOF (erstwhile HSBC Managed Solutions India - Moderate Fund),10,,0.0,,,0,,0.0
0P0001314H.BO,HSBC Multi Asset Active FOF (erstwhile HSBC Managed Solutions India - Moderate Fund),10,,1.1721212121212123,0.7623073196874561,125.19406423232797,2,,0.04999999999999982
0P0001314I.BO,HSBC Multi Asset Active FOF (erstwhile HSBC Managed Solutions India - Moderate Fund),10,,0.0,,,0,,0.0
0P0001314J.BO,HSBC Income Plus Arbitrage Active FOF (erstwhile HSBC Managed Solution India - Conservative Plan),10,,0.0,,,0,,0.0
0P0001314K.BO,HSBC Income Plus Arbitrage Active FOF (erstwhile HSBC Managed Solution India - Conservative Plan),10,,1.1832727272727273,0.7477403812033101,122.82490395375851,2,,0.0
0P0001314L.BO,HSBC Income Plus Arbitrage Active FOF (erstwhile HSBC Managed Solution India - Conservative Plan),10,,0.0,,,0,,0.0
0P000131TM.BO,Invesco India - Invesco Global Equity Income Fund of Fund,10,,0.0,,,0,,0.0
0P000131TN.BO,Invesco India - Invesco Global Equity Income Fund of Fund,10,,0.0,,,0,,0.0
0P000131TO.BO,Invesco India - Invesco Global Equity Income Fund of Fund,10,,0.0,,,0,,0.0
0P000131TP.BO,Invesco India - Invesco Global Equity Income Fund of Fund,10,,0.0,,,0,,0.0
0P000133S9.BO,HSBC Small Cap Fund,10,,0.0,,,0,,0.0
0P000133SA.BO,HSBC Small Cap Fund,10,,0.9212727272727274,0.5807848610996235,55.65350997132715,4,inf,0.040000000000000036
0P000133SB.BO,HSBC Small Cap Fund,10,,0.0,,,0,,0.0
0P000133SC.BO,HSBC Small Cap Fund,10,,0.8310909090909092,0.5736048611859654,54.50243456164415,3,inf,0.17499999999999982
0P000134CG.BO,ICICI Prudential Dividend Yield Fund,10,,0.0,,,0,,0.0
0P000134CH.BO,ICICI Prudential Dividend Yield Fund,10,,0.5912727272727273,0.10893045573877416,71.72635957396159,2,inf,-5.535
0P000134CI.BO,ICICI Prudential Dividend Yield Fund,10,,0.0,,,0,,0.0
0P000134CJ.BO,ICICI Prudential Dividend Yield Fund,10,,0.4233333333333331,0.08446173842641524,70.44758459347767,2,inf,-4.405
0P000134CT.BO,BANK OF INDIA MANUFACTURING & INFRASTRUCTURE FUND,10,,0.0,,,0,,0.0
0P000135C7.BO,ICICI Prudential Money Market Fund - Cash Option,10,,-0.28993939393939394,0.035430543412358115,206.93673542679406,1,,0.0
0P00013DE2.BO,Union Small Cap Fund,10,,0.0,,,0,,0.0
0P00013DE3.BO,Union Small Cap Fund,10,7.679838397483851,0.3556363636363636,0.05607127531603271,212.50388796434092,1,,6.705
0P00013DE4.BO,Union Small Cap Fund,10,,0.0,,,0,,0.0
0P00013DE5.BO,Union Small Cap Fund,10,-4.610638637223907,-0.4036363636363634,0.025480169144811805,205.4016129137746,1,,6.99
0P00013LDL.BO,HSBC Arbitrage Fund,10,,0.0,,,0,,0.0
0P00013LDM.BO,HSBC Arbitrage Fund,10,24.17594018753264,0.3880606060606061,0.34262036007905744,42.382203233474605,4,92.20959751413007,-1.5799999999999998
0P00013LDN.BO,HSBC Arbitrage Fund,10,4.358520816055345,0.36236363636363633,0.1583200483733792,58.21933063809529,2,39.4114417530959,-2.965
0P00013LDP.BO,HSBC Arbitrage Fund,10,,0.0,,,0,,0.0
0P00013LDQ.BO,HSBC Arbitrage Fund,10,22.39305144660073,0.4771515151515151,0.3260697636022807,46.468397028902444,5,97.88083973525306,-2.635
0P00013LDR.BO,HSBC Arbitrage Fund,10,5.823196606698855,0.4284242424242424,0.21462597985285875,55.23382113210323,3,35.03758059749052,-3.3
0P00013LLI.BO,Edelweiss Arbitrage Fund,10,,0.0,,,0,,0.0
0P00013LLJ.BO,Edelweiss Arbitrage Fund,10,,-0.32806060606060605,0.27585984998769053,206.45101997310968,1,,0.0
0P00013LLK.BO,Edelweiss Arbitrage Fund,10,,-0.2535151515151516,0.2742956538576827,207.82381539596545,1,,0.0
0P00013LLL.BO,Edelweiss Arbitrage Fund,10,,0.0,,,0,,0.0
0P00013LLM.BO,Edelweiss Arbitrage Fund,10,,-0.3803030303030303,0.27315460114251394,200.00286163562527,1,,0.0
0P00013LLY.BO,JM Arbitrage Fund,10,,0.0,,,0,,0.0
0P00013MAM.BO,JM Arbitrage Fund,10,,0.0,,,0,,0.0
0P00013MFL.BO,Edelweiss Emerging Markets Opportunities Equity Offshore Fund,10,,0.0,,,0,,0.0
0P00013MFM.BO,Edelweiss Emerging Markets Opportunities Equity Offshore Fund,10,,0.0,,,0,,0.0
0P00013OLM.BO,Axis Credit Risk Fund,10,,0.0,,,0,,0.0
0P00013OLN.BO,Axis Credit Risk Fund,10,24.99296673878437,0.43557575757575756,0.29038410774435747,44.86357714269562,3,109.89765445286324,-1.995
0P00013OLO.BO,Axis Credit Risk Fund,10,37.42171287701748,0.4745454545454544,0.3649887811711129,43.7744421371537,3,222.20437715187273,-1.83
0P00013OLP.BO,Axis Credit Risk Fund,10,,0.0,,,0,,0.0
0P00013OLQ.BO,Axis Credit Risk Fund,10,24.837077379221984,0.43315151515151507,0.27012965058552124,41.278848608150945,2,105.56822934497876,-2.185
0P00013OLR.BO,Axis Credit Risk Fund,10,34.95775504987946,0.4587272727272728,0.28377600816850357,42.72579457724514,3,220.68273619440117,-2.215
0P00013OT5.BO,SBI BANKING & PSU DEBT FUND,10,,-0.41000000000000003,0.2838615113203803,195.77788555839933,2,,0.0
0P00013TMV.BO,Invesco India Arbitrage Fund,10,,0.0,,,0,,0.0
0P00013TXG.BO,JM Aggressive Hybrid Fund,10,,0.0,,,0,,0.0
0P00013XWY.BO,PGIM India Equity Savings Fund,10,,-0.47406060606060607,0.33104649062936214,37.37450430074546,2,-12.2772140527781,-3.49
0P00013Y7P.BO,Axis Arbitrage Fund,10,,0.0,,,0,,0.0
0P00013Y7Q.BO,Axis Arbitrage Fund,10,21.106622838086373,0.21424242424242423,0.14567945154539313,41.09746092264062,2,109.07416089050533,-1.3800000000000001
0P00013Y7R.BO,Axis Arbitrage Fund,10,,0.0,,,0,,0.0
0P00013Y7S.BO,Axis Arbitrage Fund,10,20.314090814546848,0.056545454545454565,0.00810629846676717,38.536719125612315,3,101.17865940033576,-1.2949999999999997
0P00013YAJ.BO,Motilal Oswal Ultra Short Term Fund,10,,0.2586060606060606,0.1382781473148875,168.5662193756102,2,,-1.705
0P000142VP.BO,PGIM India Arbitrage Fund,10,,0.0,,,0,,0.0
0P000142VQ.BO,PGIM India Arbitrage Fund,10,,-0.11927272727272727,0.023632419920640954,50.03383753063252,1,24.914482808209307,-3.6
0P000142VR.BO,PGIM India Arbitrage Fund,10,22.870335489124493,0.12709090909090912,0.07146528745802379,37.71076679369594,2,106.60638710096184,-0.5950000000000002
0P000142VU.BO,PGIM India Arbitrage Fund,10,,0.0,,,0,,0.0
0P000142VV.BO,PGIM India Arbitrage Fund,10,,-0.08230303030303025,0.012717513937748793,47.94701066992258,3,18.26536925019694,-3.615
0P000142VW.BO,PGIM India Arbitrage Fund,10,21.760290449414587,0.07490909090909086,0.021763368244847602,35.79953790494955,3,104.04299583912031,-0.7949999999999999
0P0001472H.BO,SBI BANKING & PSU DEBT FUND,10,,-0.009939393939393961,0.00016826953155304043,71.45513083550293,3,inf,-0.2250000000000001
0P000147CH.BO,BANK OF INDIA CONSERVATIVE HYBRID FUND,10,,-0.38872727272727275,0.21257379322865755,207.69142882132118,1,,0.0
0P000147EI.BO,Invesco India Credit Risk Fund,10,,0.0,,,0,,0.0
0P000147EJ.BO,Invesco India Credit Risk Fund,10,22.229532631447846,1.0371515151515152,0.21975840405879923,225.42462625541106,1,,2.04
0P000147EK.BO,Invesco India Credit Risk Fund,10,,0.0,,,0,,0.0
0P000147EL.BO,Invesco India Credit Risk Fund,10,23.513670783231987,0.899151515151515,0.4338404159849316,103.72968306485872,1,inf,-2.83
0P000147EM.BO,Invesco India Credit Risk Fund,10,,0.0,,,0,,0.0
0P000148GR.BO,ICICI Prudential 10 year Constant Maturity Gilt Fund,10,,0.0,,,0,,0.0
0P000148GU.BO,ICICI Prudential 10 year Constant Maturity Gilt Fund,10,,-0.1555757575757576,0.01544952537616621,68.4129956089442,2,inf,-2.54
0P000148GW.BO,ICICI Prudential 10 year Constant Maturity Gilt Fund,10,,0.0,,,0,,0.0
0P000148OJ.BO,Bandhan Money  Market Fund,10,,-0.524060606060606,0.1247239895355273,213.85834089712694,1,,0.0
0P000148OK.BO,Bandhan 10 year Constant Maturity Gilt Fund,10,,-1.3106666666666666,0.10563801008850354,250.27402176913833,1,,0.0
0P000148OM.BO,Bandhan Gilt   Fund,10,,,,,1,,0.0
0P000148ON.BO,BANDHAN Dynamic Term Fund,10,,-1.3493333333333333,0.1074608063585875,246.72000573476492,1,,0.0
0P00014B45.BO,ICICI Prudential Aggressive Hybrid Fund,10,,0.9359393939393938,0.5552555621206764,70.06568154484066,2,,-1.8950000000000005
0P00014B46.BO,JM Aggressive Hybrid Fund,10,,-4.206969696969697,0.5802295445151399,176.2796529722869,0,,0.0
0P00014B47.BO,JM Aggressive Hybrid Fund,10,,-3.6081212121212123,0.4481347188272563,218.16756803230075,0,,0.0
0P00014CFF.BO,ICICI Prudential Liquid Fund -,10,,-0.1041818181818182,0.031170108730685472,200.10886919772486,1,,0.0
0P00014CY4.BO,DSP 10 year Constant Maturity Gilt Fund,10,,0.0,,,0,,0.0
0P00014CY5.BO,DSP 10 year Constant Maturity Gilt Fund,10,,0.14733333333333337,0.0158257585605559,77.45614737807294,2,inf,-3.9350000000000005
0P00014CY6.BO,DSP 10 year Constant Maturity Gilt Fund,10,,0.1781818181818182,0.029976944845334696,69.97981120998944,3,inf,-3.17
0P00014CY7.BO,DSP 10 year Constant Maturity Gilt Fund,10,,-0.20660606060606068,0.03229686686696578,69.59108663772179,3,44.03947040100413,-4.375
0P00014CY8.BO,DSP 10 year Constant Maturity Gilt Fund,10,,0.0,,,0,,0.0
0P00014CY9.BO,DSP 10 year Constant Maturity Gilt Fund,10,,0.0645454545454545,0.00242649532264827,78.22895910738148,3,inf,-4.005
0P00014CYA.BO,DSP 10 year Constant Maturity Gilt Fund,10,,-0.19624242424242422,0.029844247305372888,68.54607734951468,3,37.48712482121294,-4.425
0P00014D1K.BO,ICICI Prudential Aggressive Hybrid Fund,10,,1.0596969696969696,0.5858855844531863,70.19438062221907,2,,-2.0300000000000002
0P00014G9N.BO,BANDHAN Balanced Advantage Fund,10,,0.0,,,0,,0.0
0P00014G9O.BO,BANDHAN Balanced Advantage Fund,10,,0.4076363636363637,0.14770763837657608,70.09849499358857,5,inf,-3.1499999999999995
0P00014G9P.BO,BANDHAN Balanced Advantage Fund,10,,0.0,,,0,,0.0
0P00014G9Q.BO,BANDHAN Balanced Advantage Fund,10,,0.4104848484848485,0.1489340346258856,70.24860762418507,5,inf,-3.155
0P00014GCK.BO,Edelweiss Equity Savings Fund,10,,0.0,,,0,,0.0
0P00014GCL.BO,Edelweiss Equity Savings Fund,10,7.049667092359813,-0.45490909090909104,0.2954568581345453,105.89579017156478,1,,1.6800000000000002
0P00014GCN.BO,Edelweiss Equity Savings Fund,10,,0.0,,,0,,0.0
0P00014GCO.BO,Edelweiss Equity Savings Fund,10,5.8812062386524255,-0.476909090909091,0.30154845295322386,114.164895034442,2,,1.43
0P00014GCP.BO,Edelweiss Equity Savings Fund,10,,0.0,,,0,,0.0
0P00014GLS.BO,Tata ELSS - Tax Saver Fund,10,,0.0,,,0,,0.0
0P00014GLT.BO,Tata ELSS - Tax Saver Fund,10,,0.0,,,0,,0.0
0P00014HE4.BO,Kotak Equity Savings Fund,10,,0.0,,,0,,0.0
0P00014HE5.BO,Kotak Equity Savings Fund,10,,0.0,,,0,,0.0
0P00014HE6.BO,Kotak Equity Savings Fund,10,,-0.3695151515151515,0.3411756897066529,148.57431237738805,1,,0.0
0P00014HE7.BO,Kotak Equity Savings Fund,10,,-0.4041212121212121,0.3259559253389184,146.6884605591981,1,,0.0
0P00014JBK.BO,Edelweiss Money Market Fund,10,,,,,1,,3.0899999999999994
0P00014JBL.BO,HDFC Corporate Bond Fund,10,,0.15254545454545454,0.03445952419077974,203.65176172980867,2,,0.0
0P00014JBM.BO,HDFC Corporate Bond Fund,10,,0.1484242424242424,0.03441517737530456,203.54613821991694,2,,0.0
0P00014JBR.BO,Nippon India Credit Risk Fund (Existing Number of Segregated Portfolios - 1),10,,0.0,,,0,,0.0
0P00014JNK.BO,Nippon India Credit Risk Fund (Existing Number of Segregated Portfolios - 1),10,,0.0,,,0,,0.0
0P00014KAS.BO,360 ONE Focused Fund,10,,0.0,,,0,,0.0
0P00014KAT.BO,360 ONE Focused Fund,10,,0.0,,,0,,0.0
0P00014KAU.BO,360 ONE Focused Fund,10,,0.0,,,0,,0.0
0P00014KAV.BO,360 ONE Focused Fund,10,,0.0,,,0,,0.0
0P00014M5R.BO,Kotak Aggressive Hybrid Fund,10,,0.0,,,0,,0.0
0P00014MH9.BO,Kotak Aggressive Hybrid Fund,10,,0.0,,,0,,0.0
0P00014N9U.BO,DSP 10 year Constant Maturity Gilt Fund,10,,0.18157575757575764,0.0309035131378877,67.64135286513199,3,inf,-3.2399999999999998
0P00014NH9.BO,BANK OF INDIA CONSERVATIVE HYBRID FUND,10,,-0.3276969696969697,0.26302103582680836,249.0213997101284,1,,0.0
0P00014NYU.BO,Aditya Birla Sun Life Dynamic Term Fund,10,,0.0897575757575758,0.010531920263888701,53.873959058853316,2,inf,-3.47
0P00014OJH.BO,Bandhan 10 year Constant Maturity Gilt Fund,10,,-0.13672727272727273,0.013579409761462245,67.24045078650185,3,130.33807349406044,-3.915
0P00014OJM.BO,HDFC Credit Risk Fund,10,,0.0,,,0,,0.0
0P00014OJQ.BO,HDFC Credit Risk Fund,10,,0.0,,,0,,0.0
0P00014Z4X.BO,UTI Dynamic Term Fund,10,,-0.2161818181818182,0.0788700845030443,124.28366115612224,1,,0.0
0P0001508L.BO,Franklin India Income Plus Arbitrage Active Fund of Funds,10,,0.0,,,0,,0.0
0P0001508M.BO,Franklin India Income Plus Arbitrage Active Fund of Funds,10,,0.4363636363636364,0.2727272727272727,300.00000000000006,1,,4.0
0P0001508N.BO,Franklin India Income Plus Arbitrage Active Fund of Funds,10,,0.0,,,0,,0.0
0P0001508O.BO,Franklin India Income Plus Arbitrage Active Fund of Funds,10,,0.4778181818181818,0.2727272727272727,299.99999999999994,1,,4.38
0P000150PP.BO,Aditya Birla Sun Life Equity Savings Fund,10,,0.0,,,0,,0.0
0P000150PQ.BO,Aditya Birla Sun Life Equity Savings Fund,10,6.0146999648536426,0.49418181818181806,0.3328406981610762,55.48809771345199,5,27.2085699460791,-2.665
0P000150PR.BO,Aditya Birla Sun Life Equity Savings Fund,10,,0.0,,,0,,0.0
0P000150PS.BO,Aditya Birla Sun Life Equity Savings Fund,10,,0.5912727272727273,0.38114083223207207,64.90992844275479,5,,-2.665
0P000150Y5.BO,BANDHAN Dynamic Term Fund,10,,-1.0932121212121213,0.10951058687641327,242.80006820996834,1,,0.0
0P000151C3.BO,UTI - Credit Risk Fund.,10,,-0.251030303030303,0.2450945416441589,228.27882379077394,1,,0.0
0P000151PF.BO,ICICI Prudential Equity Savings Fund,10,,0.0,,,0,,0.0
0P000151PH.BO,ICICI Prudential Equity Savings Fund,10,-2.5265572126147995,-0.14624242424242426,0.06415613066901396,38.82859704618923,2,14.541260309274598,-1.37
0P000151PJ.BO,ICICI Prudential Equity Savings Fund,10,,0.0,,,0,,0.0
0P000151PL.BO,ICICI Prudential Equity Savings Fund,10,-3.812252948050965,-0.0826666666666667,0.029571753674089703,39.270822195746796,2,8.61003543114979,-1.18
0P000153GC.BO,Nippon India Gilt Fund,10,,0.0,,,0,,0.0
0P000153GQ.BO,UTI - Credit Risk Fund.,10,,-0.3212727272727273,0.4858794436463918,204.61256084527295,0,,0.0
0P0001540X.BO,Bandhan Gilt   Fund,10,,-0.7995757575757576,0.1198987000130434,223.54337783205332,1,,0.0
0P0001540Y.BO,HDFC Dynamic Term Fund,10,,0.0,,,0,,0.0
0P0001540Z.BO,HDFC Dynamic Term Fund,10,,0.0,,,0,,0.0
0P0001551D.BO,JM Aggressive Hybrid Fund,10,,-0.010606060606060608,0.164983164983165,300.00000000000006,1,,0.0
0P0001551E.BO,JM Aggressive Hybrid Fund,10,,-0.010606060606060608,0.164983164983165,300.00000000000006,1,,0.0
0P0001551H.BO,JM Aggressive Hybrid Fund,10,,-1.2523636363636363,0.28829548808758515,289.76816507764096,0,,0.0
0P0001551I.BO,JM Aggressive Hybrid Fund,10,,-0.011454545454545459,0.1649831649831651,299.99999999999994,1,,0.0
0P0001551N.BO,JM Aggressive Hybrid Fund,10,,-0.011454545454545459,0.1649831649831651,299.99999999999994,1,,0.0
0P0001551S.BO,JM Dynamic Term Fund,10,,0.0,,,0,,0.0
0P0001551V.BO,JM Dynamic Term Fund,10,,0.0,,,0,,0.0
0P0001551Z.BO,JM Arbitrage Fund,10,,0.0,,,0,,0.0
0P00015520.BO,360 ONE Dynamic Term Fund,10,,0.0,,,0,,0.0
0P0001553C.BO,UTI - Money Market Fund,10,,-0.40236363636363637,0.33512122657490145,167.34174237497254,1,,0.0
0P000156DD.BO,UTI - Money Market Fund,10,,0.3384848484848485,0.19931736212888682,45.151936381924926,2,inf,-2.285
0P0001580P.BO,Aditya Birla Sun Life Dynamic Term Fund,10,,0.15339393939393944,0.029841825483001135,55.993046927242894,2,inf,-3.48
0P000159PZ.BO,Motilal Oswal ELSS Tax Saver Fund,10,,0.49254545454545456,0.18836864236004636,81.34851765104952,2,,-2.775
0P000159Q0.BO,Motilal Oswal ELSS Tax Saver Fund,10,,0.0,,,0,,0.0
0P000159Q1.BO,Motilal Oswal ELSS Tax Saver Fund,10,,0.37284848484848493,0.05017477403251326,89.69937875468173,1,,-3.505
0P000159Q2.BO,Motilal Oswal ELSS Tax Saver Fund,10,,0.0,,,0,,0.0
0P00015BPD.BO,Aditya Birla Sun Life Manufacturing Equity Fund,10,,0.0,,,0,,0.0
0P00015BPE.BO,Aditya Birla Sun Life Manufacturing Equity Fund,10,,0.367818181818182,0.07965128328158501,101.03586562300693,2,,-3.9949999999999997
0P00015BPF.BO,Aditya Birla Sun Life Manufacturing Equity Fund,10,,0.0,,,0,,0.0
0P00015BPG.BO,Aditya Birla Sun Life Manufacturing Equity Fund,10,,0.3431515151515152,0.06647203517592547,100.65571700047143,1,,-4.0
0P00015BYS.BO,Edelweiss Flexi Cap Fund,10,,0.0,,,0,,0.0
0P00015BYT.BO,Edelweiss Flexi Cap Fund,10,-15.072758241586982,-0.44787878787878793,0.16344585074498932,143.33344658293043,2,,0.855
0P00015BYU.BO,Edelweiss Flexi Cap Fund,10,,0.0,,,0,,0.0
0P00015BYV.BO,Edelweiss Flexi Cap Fund,10,-16.400314885086786,-0.44587878787878793,0.1799474585706787,144.5215089580979,2,,0.73
0P00015BZ3.BO,BANDHAN Arbitrage Fund,10,,0.40836363636363643,0.0600875625893747,67.1672909270372,3,inf,-6.4
0P00015BZ4.BO,UTI Dynamic Term Fund,10,,-0.03236363636363637,0.0016828472730587016,85.06045763234403,1,,-1.915
0P00015D39.BO,HSBC Aggressive Hybrid Fund,10,,0.19339393939393945,0.02595055638211386,56.48209919340701,4,inf,-4.615
0P00015D3A.BO,HSBC Aggressive Hybrid Fund,10,,0.208909090909091,0.03012111430333638,56.94932271955317,4,inf,-4.695
0P00015DXJ.BO,Nippon India Retirement Fund- Wealth Creation Scheme,10,,0.0,,,0,,0.0
0P00015DXK.BO,Nippon India Retirement Fund- Wealth Creation Scheme,10,,0.0,,,0,,0.0
0P00015DXL.BO,Nippon India Retirement Fund- Wealth Creation Scheme,10,,0.5116969696969699,0.10301700988803049,107.06464935851834,2,,-3.835
0P00015DXM.BO,Nippon India Retirement Fund- Wealth Creation Scheme,10,,0.0,,,0,,0.0
0P00015DXN.BO,Nippon India Retirement Fund- Wealth Creation Scheme,10,,0.0,,,0,,0.0
0P00015DXO.BO,Nippon India Retirement Fund- Wealth Creation Scheme,10,,0.4606666666666666,0.0990443149157886,106.73651176595449,2,,-3.915
0P00015DXP.BO,Nippon India Retirement Fund- Income Generation Scheme,10,,0.0,,,0,,0.0
0P00015DXQ.BO,Nippon India Retirement Fund- Income Generation Scheme,10,,0.0,,,0,,0.0
0P00015DXR.BO,Nippon India Retirement Fund- Income Generation Scheme,10,,0.0,,,0,,0.0
0P00015DXS.BO,Nippon India Retirement Fund- Income Generation Scheme,10,,0.0,,,0,,0.0
0P00015DXT.BO,Nippon India Retirement Fund- Income Generation Scheme,10,,0.0,,,0,,0.0
0P00015DXU.BO,Nippon India Retirement Fund- Income Generation Scheme,10,,0.0,,,0,,0.0
0P00015E14.BO,Nippon India ELSS Tax Saver Fund,10,,0.4053939393939394,0.09468314661837099,123.14175095011024,1,,-3.4749999999999996
0P00015E15.BO,Nippon India ELSS Tax Saver Fund,10,,0.45090909090909104,0.10375525976839198,122.8846422798788,1,,-3.7399999999999998
0P00015ESV.BO,UTI Banking & PSU Debt Fund,10,,0.0,,,0,,0.0
0P00015EXX.BO,UTI - Liquid Fund,10,,0.0,,,0,,0.0
0P00015FX2.BO,LIC MF Large & Mid Cap Fund,10,,0.0,,,0,,0.0
0P00015FX3.BO,LIC MF Large & Mid Cap Fund,10,,-0.23666666666666666,0.12163351056189763,174.18363961977028,2,,0.0
0P00015FX4.BO,LIC MF Large & Mid Cap Fund,10,,0.0,,,0,,0.0
0P00015FX5.BO,LIC MF Large & Mid Cap Fund,10,,-0.3021212121212121,0.17935224430813854,132.1122189833565,2,,0.0
0P00015FZN.BO,UTI Banking & PSU Debt Fund,10,,0.03048484848484851,0.002431354796973581,57.043705010544286,5,inf,-2.29
0P00015GVG.BO,BANDHAN EQUITY SAVINGS FUND,10,,0.6477575757575756,0.14080836392038312,75.99959827216504,4,inf,-6.34
0P00015HLL.BO,SBI BANKING & FINANCIAL SERVICES FUND,10,,0.0,,,0,,0.0
0P00015HLM.BO,SBI BANKING & FINANCIAL SERVICES FUND,10,,-0.582,0.2727272727272726,300.0,0,,0.0
0P00015HLN.BO,SBI BANKING & FINANCIAL SERVICES FUND,10,,0.0,,,0,,0.0
0P00015HLO.BO,SBI BANKING & FINANCIAL SERVICES FUND,10,,-0.6070909090909091,0.2727272727272726,300.0000000000001,0,,0.0
0P00015I1O.BO,BANK OF INDIA CREDIT RISK FUND,10,,0.0,,,0,,0.0
0P00015I1P.BO,BANK OF INDIA CREDIT RISK FUND,10,,0.0,,,0,,0.0
0P00015I1Q.BO,PGIM India Flexi Cap Fund,10,,0.0,,,0,,0.0
0P00015I1R.BO,PGIM India Flexi Cap Fund,10,,-0.1166666666666666,0.007095999099295216,57.69427463739197,2,inf,-4.41
0P00015I1S.BO,PGIM India Flexi Cap Fund,10,,0.0,,,0,,0.0
0P00015I1T.BO,PGIM India Flexi Cap Fund,10,,-0.16975757575757572,0.015535540329067265,54.78150059820912,2,inf,-4.44
0P00015LSY.BO,HSBC Credit Risk Fund,10,,0.31690909090909103,0.06356109230953248,77.13071454984618,3,,-4.86
0P00015M8L.BO,BANDHAN Arbitrage Fund,10,,0.4393333333333334,0.06946575915896296,67.97951288668894,3,inf,-6.384999999999999
0P00015O8T.BO,LIC MF Banking and Financial Services Fund,10,,0.0,,,0,,0.0
0P00015O8U.BO,LIC MF Banking and Financial Services Fund,10,,0.0,,,0,,0.0
0P00015O8V.BO,LIC MF Banking and Financial Services Fund,10,,0.0,,,0,,0.0
0P00015O8W.BO,LIC MF Banking and Financial Services Fund,10,,0.0,,,0,,0.0
0P00015OOF.BO,UTI - Liquid Fund,10,,0.0,,,0,,0.0
0P00015SKQ.BO,Tata Childrens Fund,10,,0.0,,,0,,0.0
0P00015W8V.BO,Aditya Birla Sun Life Credit Risk Fund,10,,0.0,,,0,,0.0
0P00015W8W.BO,Aditya Birla Sun Life Credit Risk Fund,10,,-0.018969696969696925,0.0006566814277047434,48.31240220804638,2,29.612360686970824,-3.6
0P00015W8Y.BO,Aditya Birla Sun Life Credit Risk Fund,10,,0.0,,,0,,0.0
0P00015W8Z.BO,Aditya Birla Sun Life Credit Risk Fund,10,,0.05236363636363635,0.005377656583791094,48.28094168009984,4,19.777759389883776,-3.6199999999999997
0P00015W90.BO,Aditya Birla Sun Life Credit Risk Fund,10,,0.0,,,0,,0.0
0P00016249.BO,Nippon India Banking and PSU Debt Fund,10,,0.0,,,0,,0.0
0P0001624B.BO,Nippon India Banking and PSU Debt Fund,10,,0.0,,,0,,0.0
0P0001624C.BO,Nippon India Banking and PSU Debt Fund,10,22.841619127410915,0.20163636363636367,0.07115141906530736,42.21701506925611,3,103.59534284663677,-1.9799999999999998
0P0001624D.BO,Nippon India Banking and PSU Debt Fund,10,22.681983246562897,0.1957575757575758,0.07054492334040346,43.46940625564032,3,93.52714204295422,-2.0250000000000004
0P0001624E.BO,Nippon India Banking and PSU Debt Fund,10,24.573718411992296,0.25781818181818184,0.08806114165328562,52.227857976910705,3,69.68044140865234,-1.655
0P0001624F.BO,Nippon India Banking and PSU Debt Fund,10,,0.0,,,0,,0.0
0P0001624G.BO,Nippon India Banking and PSU Debt Fund,10,,0.0,,,0,,0.0
0P0001624H.BO,Nippon India Banking and PSU Debt Fund,10,,0.0,,,0,,0.0
0P0001624I.BO,Nippon India Banking and PSU Debt Fund,10,23.746189313612632,0.21775757575757573,0.07511103600966927,41.63787614971244,3,109.5098715380797,-2.075
0P0001624J.BO,Nippon India Banking and PSU Debt Fund,10,23.419646216760313,0.22072727272727274,0.08332207644891934,42.515621055645695,3,94.94000781759839,-2.1
0P0001624K.BO,Nippon India Banking and PSU Debt Fund,10,24.409118619770155,0.2758181818181819,0.09030199969285745,51.968037836425474,3,68.05417261777262,-1.735
0P000162IH.BO,Bandhan Money  Market Fund,10,,-0.8221818181818182,0.11002099926617813,241.8350498121383,1,,0.0
0P000162RD.BO,Quantum Dynamic Term Fund,10,,0.2253939393939394,0.04733412196836731,70.06478354759052,3,inf,-3.4899999999999993
0P000162RE.BO,Quantum Dynamic Term Fund,10,,0.0,,,0,,0.0
0P000165Q5.BO,UTI - Money Market Fund,10,,0.0,,,0,,0.0
0P000165VE.BO,UTI Dynamic Term Fund,10,,-0.1581818181818182,0.058227980017599434,177.29364079157807,2,,0.0
0P000165WI.BO,SBI EQUITY SAVINGS FUND,10,,0.0,,,0,,0.0
0P000165WJ.BO,SBI EQUITY SAVINGS FUND,10,,-0.0716969696969697,0.41560507615328723,208.78337908123842,1,,0.0
0P000165WK.BO,SBI EQUITY SAVINGS FUND,10,,-0.19709090909090912,0.4776401878276251,207.89637410981322,0,,0.0
0P000165WL.BO,SBI EQUITY SAVINGS FUND,10,,0.0,,,0,,0.0
0P000165WM.BO,SBI EQUITY SAVINGS FUND,10,,-0.18824242424242427,0.47649396738918903,208.31854481992127,0,,0.0
0P000165WN.BO,SBI EQUITY SAVINGS FUND,10,,-0.08418181818181819,0.3607102172819313,219.99609094765614,1,,0.0
0P00016649.BO,Nippon India Equity Savings Fund (Existing number of Segregated Portfolios - 2),10,,0.0,,,0,,0.0
0P0001664A.BO,Nippon India Equity Savings Fund (Existing number of Segregated Portfolios - 2),10,,0.0,,,0,,0.0
0P0001664B.BO,Nippon India Equity Savings Fund (Existing number of Segregated Portfolios - 2),10,,-0.6993333333333335,0.48980324085454807,202.54919709508007,0,,0.0
0P0001664C.BO,Nippon India Equity Savings Fund (Existing number of Segregated Portfolios - 2),10,,0.0,,,0,,0.0
0P0001664D.BO,Nippon India Equity Savings Fund (Existing number of Segregated Portfolios - 2),10,,-0.2427272727272727,0.29685656592306986,223.31484751485587,1,,0.0
0P0001664E.BO,Nippon India Equity Savings Fund (Existing number of Segregated Portfolios - 2),10,,-0.22684848484848485,0.4699845784543251,200.93699937353065,1,,0.0
0P0001664F.BO,Nippon India Equity Savings Fund (Existing number of Segregated Portfolios - 2),10,,-0.7250909090909091,0.4900192752315742,202.39301398916948,0,,0.0
0P0001664G.BO,Nippon India Equity Savings Fund (Existing number of Segregated Portfolios - 2),10,,0.0,,,0,,0.0
0P0001664H.BO,Nippon India Equity Savings Fund (Existing number of Segregated Portfolios - 2),10,,-0.2536363636363636,0.2973618414682417,223.03296155642562,1,,0.0
0P0001664I.BO,Nippon India Equity Savings Fund (Existing number of Segregated Portfolios - 2),10,,-0.23490909090909096,0.4692951284242727,201.00538636507173,1,,0.0
0P00016BM5.BO,JM Large Cap Fund,10,,-1.2847878787878788,0.2855327278460705,291.5180142513952,0,,0.0
0P00016BM6.BO,JM Large Cap Fund,10,,-0.5332121212121212,0.3164357327926098,273.3536577809454,0,,0.0
0P00016BM7.BO,JM Large Cap Fund,10,,-0.046666666666666676,0.164983164983165,299.99999999999994,1,,0.0
0P00016BM8.BO,JM Large Cap Fund,10,,-0.013151515151515155,0.16498316498316495,300.00000000000006,1,,0.0
0P00016BM9.BO,JM Large Cap Fund,10,,-0.013151515151515155,0.16498316498316495,300.00000000000006,1,,0.0
0P00016BMA.BO,JM Large Cap Fund,10,,-3.7264242424242435,0.4185532700849357,228.57320733740326,0,,0.0
0P00016BMB.BO,JM Large Cap Fund,10,,-0.013151515151515155,0.16498316498316495,300.00000000000006,1,,0.0
0P00016BMC.BO,JM Large Cap Fund,10,,-2.613272727272727,0.22923286326960493,239.6052615112632,1,,0.0
0P00016BX2.BO,UTI - Money Market Fund,10,,0.0,,,0,,0.0
0P00016CWY.BO,UTI - Credit Risk Fund.,10,,-0.3296969696969697,0.4859245808059793,204.59236190002267,0,,0.0
0P00016FTC.BO,HSBC Corporate Bond Fund,10,,0.10703030303030306,0.015876174921223275,46.06942748854609,3,-0.49635664366875354,-4.065
0P00016GYX.BO,JM Arbitrage Fund,10,,-1.042909090909091,0.2727272727272725,300.00000000000006,0,,0.0
0P00016GYY.BO,JM Arbitrage Fund,10,,-0.8363636363636364,0.08748183167177015,295.7758082181599,2,,0.0
0P00016GYZ.BO,JM Arbitrage Fund,10,,-0.017393939393939392,0.1649831649831651,300.00000000000006,1,,0.0
0P00016GZ0.BO,JM Arbitrage Fund,10,,-0.01781818181818182,0.1649831649831651,300.00000000000006,1,,0.0
0P00016GZ1.BO,JM Arbitrage Fund,10,,-0.01654545454545455,0.16498316498316506,300.0,1,,0.0
0P00016GZ2.BO,JM Arbitrage Fund,10,,-1.4588484848484848,0.38836262413405304,240.05200663299573,0,,0.0
0P00016GZ3.BO,JM Arbitrage Fund,10,,0.0,,,0,,0.0
0P00016GZ4.BO,JM Arbitrage Fund,10,,-0.016121212121212123,0.16498316498316495,300.0,1,,0.0
0P00016H6Y.BO,Mirae Asset Aggressive Hybrid Fund,10,,0.0,,,0,,0.0
0P00016H6Z.BO,Mirae Asset Aggressive Hybrid Fund,10,,0.09109090909090908,0.006635424837639158,51.30077662713951,3,inf,-3.4999999999999996
0P00016H70.BO,Mirae Asset Aggressive Hybrid Fund,10,,0.0,,,0,,0.0
0P00016H71.BO,Mirae Asset Aggressive Hybrid Fund,10,,0.1892121212121212,0.020031455205146077,67.39027580396154,1,inf,-3.684999999999999
0P00016K10.BO,UTI - Credit Risk Fund.,10,,-0.26769696969696977,0.32267680105826685,157.9449468369851,1,,0.0
0P00016KOT.BO,Axis Equity Savings Fund,10,,0.0,,,0,,0.0
0P00016KOU.BO,Axis Equity Savings Fund,10,24.646649593708926,0.497939393939394,0.2489801216485975,47.470960007556954,1,139.05009047020917,-1.8949999999999998
0P00016KOV.BO,Axis Equity Savings Fund,10,10.156104158417389,0.43333333333333324,0.24476577797861113,43.300966599553604,2,54.083745247083634,-1.8650000000000002
0P00016KOW.BO,Axis Equity Savings Fund,10,,0.0,,,0,,0.0
0P00016KOX.BO,Axis Equity Savings Fund,10,23.488676044976643,0.5783030303030303,0.25407949192051354,50.402574461143026,2,143.92225147403704,-2.5950000000000006
0P00016KOY.BO,Axis Equity Savings Fund,10,11.88958672508258,0.5229090909090909,0.30166686434047635,43.85137902118257,2,56.64641172378835,-2.02
0P00016LA0.BO,UTI Dynamic Term Fund,10,,-0.2597575757575758,0.18759224749527356,145.73715154509998,1,,0.0
0P00016MTY.BO,UTI - Money Market Fund,10,,0.4730909090909092,0.4008343329583229,48.20964845809363,2,inf,-2.035
0P00016NVL.BO,ICICI Prudential Nifty 50 Index Fund,10,,0.0,,,0,,0.0
0P00016O59.BO,UTI - Credit Risk Fund.,10,,-0.21624242424242424,0.45657047668068534,202.46880067255776,1,,0.0
0P00016QS8.BO,HSBC Credit Risk Fund,10,,0.3058787878787879,0.06203866413546512,76.73095653804864,3,,-4.735
0P00016TIA.BO,UTI Dynamic Term Fund,10,,-0.040242424242424246,0.0028378525305854277,84.69096321533792,1,,-1.8000000000000003
0P00016WF7.BO,UTI - Credit Risk Fund.,10,,0.11430303030303032,0.01861414835533741,139.2577566993161,1,,1.155
0P00016WH0.BO,UTI - Money Market Fund,10,,0.4773333333333333,0.39993214392296633,48.00667736352945,2,inf,-2.055
0P00016Z27.BO,ICICI Prudential 10 year Constant Maturity Gilt Fund,10,,-0.15636363636363634,0.015423523790542149,67.19349619056722,2,inf,-2.58
0P00016ZNO.BO,UTI - Liquid Fund,10,,0.0,,,0,,0.0
0P000170TZ.BO,BANDHAN EQUITY SAVINGS FUND,10,,0.6222424242424244,0.12954326093332463,75.24905514624604,4,inf,-6.365
0P000174O0.BO,Navi Large & Midcap Fund,10,,0.0,,,0,,0.0
0P000174O1.BO,Navi Large & Midcap Fund,10,,0.0,,,0,,0.0
0P000174O2.BO,Navi Large & Midcap Fund,10,,0.0,,,0,,0.0
0P000174O3.BO,Navi Large & Midcap Fund,10,,0.0,,,0,,0.0
0P000175WA.BO,PGIM India ELSS Tax Saver Fund,10,,0.0,,,0,,0.0
0P000175WB.BO,PGIM India ELSS Tax Saver Fund,10,,0.1310303030303031,0.01322451478183656,51.23231010784003,2,0.12701839234567242,-4.455
0P000175WC.BO,PGIM India ELSS Tax Saver Fund,10,,0.0,,,0,,0.0
0P000175WD.BO,PGIM India ELSS Tax Saver Fund,10,,0.04181818181818179,0.001026016732800674,57.51316969330088,2,170.94323075591248,-4.49
0P000175WE.BO,Axis Children's Fund,10,,0.0,,,0,,0.0
0P000175WF.BO,Axis Children's Fund,10,,0.47018181818181815,0.2727272727272727,299.99999999999994,1,,4.31
0P000175WG.BO,Axis Children's Fund,10,,0.0,,,0,,0.0
0P000175WH.BO,Axis Children's Fund,10,,0.47072727272727277,0.2727272727272727,299.99999999999994,1,,4.315
0P000175WI.BO,Axis Children's Fund,10,,0.0,,,0,,0.0
0P000175WJ.BO,Axis Children's Fund,10,,0.4712727272727273,0.2727272727272727,300.00000000000006,1,,4.32
0P000175WK.BO,Axis Children's Fund,10,,0.0,,,0,,0.0
0P000175WL.BO,Axis Children's Fund,10,,0.4723636363636364,0.2727272727272727,300.00000000000006,1,,4.33
0P000176G5.BO,UTI Conservative Hybrid Fund,10,,0.12078787878787879,0.6026663255847969,138.3596145990859,3,,-0.13999999999999996
0P00017842.BO,Mirae Asset ELSS Tax Saver Fund,10,,0.0,,,0,,0.0
0P00017843.BO,Mirae Asset ELSS Tax Saver Fund,10,,0.6798787878787881,0.13768769006911982,71.2527458678037,3,inf,-4.15
0P00017844.BO,Mirae Asset ELSS Tax Saver Fund,10,,0.0,,,0,,0.0
0P00017845.BO,Mirae Asset ELSS Tax Saver Fund,10,,0.7918181818181821,0.17456414575168402,77.39881346972301,1,inf,-4.19
0P00017846.BO,Tata Banking & Financial Services Fund,10,,0.0,,,0,,0.0
0P00017847.BO,Tata Banking & Financial Services Fund,10,,0.23781818181818185,0.2727272727272727,299.99999999999994,1,,2.18
0P00017849.BO,Tata Banking & Financial Services Fund,10,,0.0,,,0,,0.0
0P0001784A.BO,Tata Banking & Financial Services Fund,10,,0.0,,,0,,0.0
0P0001784C.BO,Tata Digital India Fund,10,,0.0,,,0,,0.0
0P0001784D.BO,Tata Digital India Fund,10,,0.0,,,0,,0.0
0P0001784G.BO,Tata Digital India Fund,10,,0.0,,,0,,0.0
0P0001784H.BO,Tata Digital India Fund,10,,0.0,,,0,,0.0
0P0001784J.BO,Tata Resources & Energy Fund,10,,0.0,,,0,,0.0
0P0001784K.BO,Tata Resources & Energy Fund,10,,0.234,0.2727272727272727,300.00000000000006,1,,2.145
0P0001784M.BO,Tata Resources & Energy Fund,10,,0.0,,,0,,0.0
0P0001784N.BO,Tata Resources & Energy Fund,10,,0.0,,,0,,0.0
0P0001784P.BO,Tata India Consumer Fund,10,,0.0,,,0,,0.0
0P0001784Q.BO,Tata India Consumer Fund,10,,0.2241818181818182,0.2727272727272727,300.0,1,,2.055
0P0001784S.BO,Tata India Consumer Fund,10,,0.0,,,0,,0.0
0P0001784T.BO,Tata India Consumer Fund,10,,0.0,,,0,,0.0
0P0001784V.BO,Tata India Pharma & Healthcare Fund,10,,0.0,,,0,,0.0
0P0001784W.BO,Tata India Pharma & Healthcare Fund,10,,0.0,,,0,,0.0
0P00017850.BO,Tata India Pharma & Healthcare Fund,10,,0.22145454545454543,0.2727272727272727,299.99999999999994,1,,2.03
0P00017852.BO,Tata India Pharma & Healthcare Fund,10,,0.18763636363636363,0.2727272727272727,300.00000000000006,1,,1.7199999999999998
0P00017AU9.BO,UTI Banking & PSU Debt Fund,10,,0.03484848484848487,0.003125409050464294,57.074606158251626,5,inf,-2.325
0P00017AYT.BO,BANDHAN Corporate Bond Fund,10,,0.0,,,0,,0.0
0P00017AYU.BO,BANDHAN Corporate Bond Fund,10,,-1.0223636363636364,0.17056188590997037,105.16723059939793,3,,-3.06
0P00017AYV.BO,BANDHAN Corporate Bond Fund,10,,0.0,,,0,,0.0
0P00017AYW.BO,BANDHAN Corporate Bond Fund,10,,-0.647939393939394,0.15406905538303012,74.42109308763283,2,17.773277577079952,-3.165
0P00017BNL.BO,ICICI Prudential Floating Interest Rates Fund,10,,-0.21684848484848493,0.03631325765135062,222.95478137469308,1,,0.0
0P00017BNM.BO,ICICI Prudential Aggressive Hybrid Fund,10,8.296131481129798,0.9024848484848484,0.7412946134912678,47.465357920707945,3,15.331397804274681,0.54
0P00017CAS.BO,ICICI Prudential Aggressive Hybrid Fund,10,7.265974652576679,0.7581818181818182,0.7041842285151503,43.83646105412915,3,13.622436440011624,0.3650000000000002
0P00017EXB.BO,Aditya Birla Sun Life Liquid Fund,10,,2.2411515151515156,0.3761119003568068,177.27381629138438,1,,-11.17
0P00017G1H.BO,UTI - Credit Risk Fund.,10,,-0.316969696969697,0.4854164417306124,204.8173765150473,0,,0.0
0P00017K5R.BO,HDFC Retirement Fund - Equity Plan,10,,0.0,,,0,,0.0
0P00017K5T.BO,HDFC Retirement Fund - Equity Plan,10,,0.0,,,0,,0.0
0P00017K5V.BO,HDFC Retirement Fund - Hybrid-Equity Plan,10,,0.0,,,0,,0.0
0P00017K5W.BO,HDFC Retirement Fund - Hybrid-Equity Plan,10,,0.0,,,0,,0.0
0P00017K5X.BO,HDFC Retirement Fund - Hybrid-Debt Plan,10,,0.0,,,0,,0.0
0P00017K5Y.BO,HDFC Retirement Fund - Hybrid-Debt Plan,10,,0.0,,,0,,0.0
0P00017M9M.BO,PGIM India Liquid Fund,10,30.70719632120671,0.3246666666666666,0.34176432497635756,41.35725199175036,2,125.9215911354998,-1.065
0P00017NRT.BO,UTI Dynamic Term Fund,10,,-0.16496969696969696,0.05724866227622029,177.77197141480235,2,,0.0
0P00017PPQ.BO,UTI - Money Market Fund,10,,,,,0,,0.0
0P00017Q2Y.BO,DSP Equity Savings Fund,10,,0.0,,,0,,0.0
0P00017Q2Z.BO,DSP Equity Savings Fund,10,,0.09381818181818183,0.0037408794146370082,79.04240891660785,2,,-3.3049999999999997
0P00017Q30.BO,DSP Equity Savings Fund,10,,0.4701212121212121,0.32107439619762757,64.77451895786709,2,inf,-2.295
0P00017Q31.BO,DSP Equity Savings Fund,10,0.14826013982947028,0.5540000000000002,0.32408417244115273,82.77072658706669,2,inf,-2.355
0P00017Q32.BO,DSP Equity Savings Fund,10,,0.0,,,0,,0.0
0P00017Q33.BO,DSP Equity Savings Fund,10,,0.05527272727272725,0.001259705229848586,77.57624677778786,3,inf,-3.375
0P00017Q34.BO,DSP Equity Savings Fund,10,,0.4033939393939394,0.31591507943041197,68.16938537027357,2,inf,-1.8949999999999998
0P00017Q35.BO,DSP Equity Savings Fund,10,-1.552898813086967,0.23472727272727276,0.15789537506634313,49.13706861599098,2,24.771454320296698,-1.9400000000000002
0P00017T7M.BO,BANDHAN Corporate Bond Fund,10,12.204422211861932,0.15454545454545454,0.03473062558260924,46.631138497318624,2,47.94956770014343,-1.7799999999999998
0P00017TOX.BO,BANDHAN Corporate Bond Fund,10,13.032240905490289,0.08896969696969695,0.009317107790274348,53.18309816427885,3,57.722688213886194,-1.9799999999999998
0P00017TOY.BO,BANDHAN Corporate Bond Fund,10,13.123449506532747,0.11781818181818189,0.018769417378518036,48.3574070946734,3,54.5868203993106,-2.05
0P00017WUF.BO,Sundaram Arbitrage Fund(Formerly Known as Prinicpal Arbitrage Fund),10,,0.0,,,0,,0.0
0P00017WUI.BO,Sundaram Arbitrage Fund(Formerly Known as Prinicpal Arbitrage Fund),10,30.27353748944568,0.14145454545454547,0.043890084470161454,168.34809034715525,1,,3.08
0P00017WUJ.BO,Sundaram Arbitrage Fund(Formerly Known as Prinicpal Arbitrage Fund),10,,0.0,,,0,,0.0
0P00017WUK.BO,Sundaram Arbitrage Fund(Formerly Known as Prinicpal Arbitrage Fund),10,30.25002240536818,0.13236363636363635,0.03786776064452015,163.08125103279437,1,,3.0749999999999997
0P00017XDY.BO,BANDHAN Corporate Bond Fund,10,19.416885926027085,0.21890909090909086,0.08245242599858892,43.41241785943185,3,74.20140494174295,-2.23
0P00017ZJ8.BO,HSBC Dynamic Term Fund,10,,-0.026060606060606124,0.0010894300585077615,41.054251535162756,2,-4.083806294215654,-3.9599999999999995
0P000180KB.BO,Bandhan 10 year Constant Maturity Gilt Fund,10,,-0.9026666666666667,0.11403306932976853,234.3662545149794,1,,0.0
0P0001839G.BO,BANDHAN Corporate Bond Fund,10,19.978626762798847,0.23993939393939392,0.09665113884016403,42.07235723465412,3,75.34661964871606,-2.295
0P000184G2.BO,UTI Banking & PSU Debt Fund,10,,-0.31387878787878787,0.35444049554833773,145.18874963291321,1,,0.0
0P00018BH8.BO,Mahindra Manulife Liquid Fund,10,,0.0,,,0,,0.0
0P00018BHB.BO,Mahindra Manulife Liquid Fund,10,,0.0,,,0,,0.0
0P00018BOR.BO,Axis Equity Savings Fund,10,,0.41375757575757566,0.08561795979934904,65.94475991177366,3,,-4.335
0P00018DD7.BO,BANDHAN Corporate Bond Fund,10,,-0.178969696969697,0.03052912244456846,53.11509364587128,2,9.921809834037296,-3.82
0P00018ELG.BO,UTI - Money Market Fund,10,,,,,0,,
0P00018G9K.BO,BANK OF INDIA AGGRESSIVE HYBRID FUND,10,,0.0,,,0,,0.0
0P00018G9L.BO,BANK OF INDIA AGGRESSIVE HYBRID FUND,10,-2.0807365147158308,0.019818181818181804,0.0006155896990252889,130.2824013341376,2,,2.4
0P00018G9M.BO,BANK OF INDIA AGGRESSIVE HYBRID FUND,10,,0.0,,,0,,0.0
0P00018G9N.BO,BANK OF INDIA AGGRESSIVE HYBRID FUND,10,-2.046999361568058,0.005333333333333382,3.2843498676090354e-05,133.78441104631506,2,,2.395
0P00018IPZ.BO,Nippon India Aggressive Hybrid Fund (Existing Number of Segregated Portfolios - 2),10,,0.23496969696969702,0.052342509518787265,105.61865313985007,2,,-3.0399999999999996
0P00018IQ0.BO,Nippon India Aggressive Hybrid Fund (Existing Number of Segregated Portfolios - 2),10,,0.1935757575757576,0.04237380740391615,104.2063538936819,2,,-2.775
0P00018JEE.BO,UTI Banking & PSU Debt Fund,10,,-0.42454545454545467,0.4530008949140288,157.40782428206037,1,,0.0
0P00018LBR.BO,UTI - Liquid Fund,10,,0.03248484848484848,0.1502993473161279,64.00905676637738,3,inf,-0.34
0P00018LD2.BO,PGIM India Aggressive Hybrid Equity Fund,10,19.704407683385682,0.15933333333333338,0.028874838049469748,35.63891020881371,2,105.0528822845889,-2.3499999999999996
0P00018O3E.BO,Axis Equity Savings Fund,10,,0.43181818181818193,0.08423592555354904,66.72062234938207,5,,-4.355
0P00018Q6L.BO,PGIM India Aggressive Hybrid Equity Fund,10,20.177596825223265,0.2056969696969697,0.0503920807652447,35.89643058866882,2,106.56133859724277,-2.3499999999999996
0P00018S37.BO,Motilal Oswal Balanced Advantage Fund,10,,0.32921212121212123,0.10378615245539075,68.06977782180672,3,inf,-2.445
0P00018S38.BO,Motilal Oswal Balanced Advantage Fund,10,,0.4116969696969696,0.17754704653340353,76.95062564448774,2,,-2.88
0P00018S39.BO,Motilal Oswal Balanced Advantage Fund,10,,0.0,,,0,,0.0
0P00018S3A.BO,Motilal Oswal Balanced Advantage Fund,10,,0.14745454545454548,0.020131609035964445,60.16953679195236,3,inf,-2.4850000000000003
0P00018S3B.BO,Motilal Oswal Balanced Advantage Fund,10,,0.23533333333333334,0.07476909631223407,57.6359304413414,3,19.509740175069567,-2.895
0P00018S3C.BO,Motilal Oswal Balanced Advantage Fund,10,,0.0,,,0,,0.0
0P00018S3H.BO,UTI - Money Market Fund,10,,0.0,,,0,,0.0
0P00018T8P.BO,UTI - Money Market Fund,10,,,,,0,,0.0
0P00018T8Q.BO,UTI - Liquid Fund,10,,0.0,,,0,,0.0
0P00018X6U.BO,Mahindra Manulife ELSS Tax Saver Fund,10,,0.4197575757575759,0.11405883055632601,87.0717359996575,2,,-2.415
0P00018X6V.BO,Mahindra Manulife ELSS Tax Saver Fund,10,,0.0,,,0,,0.0
0P00018X6W.BO,Mahindra Manulife ELSS Tax Saver Fund,10,,0.5310909090909092,0.1385052201427589,86.49202438929913,2,,-2.905
0P00018X6X.BO,Mahindra Manulife ELSS Tax Saver Fund,10,,0.0,,,0,,0.0
0P0001965H.BO,UTI Banking & PSU Debt Fund,10,,-0.18872727272727274,0.0581502101683909,87.60509035788307,1,,-2.015
0P000197TJ.BO,UTI Banking & PSU Debt Fund,10,,-0.1903636363636364,0.06031909209048142,87.6150883848295,1,,-1.9799999999999998
0P000199K0.BO,SUNDARAM LONG TERM MICRO CAP TAX ADVANTAGE FUND SERIES III,10,,0.0,,,0,,0.0
0P000199K1.BO,SUNDARAM LONG TERM MICRO CAP TAX ADVANTAGE FUND SERIES III,10,,-0.11545454545454545,0.025674349767258912,204.30492598730962,1,,0.0
0P000199K2.BO,SUNDARAM LONG TERM MICRO CAP TAX ADVANTAGE FUND SERIES III,10,,0.0,,,0,,0.0
0P000199K3.BO,SUNDARAM LONG TERM MICRO CAP TAX ADVANTAGE FUND SERIES III,10,,-0.11527272727272728,0.02687648967994755,204.00089626511874,1,,0.0
0P00019BMX.BO,BARODA BNP PARIBAS ARBITRAGE FUND,10,,0.0,,,0,,0.0
0P00019BMY.BO,BARODA BNP PARIBAS ARBITRAGE FUND,10,,0.6883030303030303,0.12104212453505525,100.73543988022541,2,inf,-7.435
0P00019BN2.BO,BARODA BNP PARIBAS ARBITRAGE FUND,10,,0.6841818181818182,0.11777132928301833,100.44484978577803,2,inf,-7.494999999999999
0P00019BN3.BO,BARODA BNP PARIBAS ARBITRAGE FUND,10,,0.0,,,0,,0.0
0P00019BN4.BO,Bandhan Aggressive Hybrid Fund,10,,0.9132727272727273,0.8005152020085626,95.7184537364976,5,,-0.8249999999999997
0P00019BN5.BO,Bandhan Aggressive Hybrid Fund,10,,0.0,,,0,,0.0
0P00019BN6.BO,Bandhan Aggressive Hybrid Fund,10,,0.9152727272727273,0.801471984486943,95.5277304190973,5,,-0.8149999999999998
0P00019BN7.BO,Bandhan Aggressive Hybrid Fund,10,,0.0,,,0,,0.0
0P00019GCF.BO,SUNDARAM LONG TERM MICRO CAP TAX ADVANTAGE FUND SERIES IV,10,,0.0,,,0,,0.0
0P00019GCG.BO,SUNDARAM LONG TERM MICRO CAP TAX ADVANTAGE FUND SERIES IV,10,,0.10690909090909093,0.030303030303030307,300.0,1,,0.0
0P00019GCH.BO,SUNDARAM LONG TERM MICRO CAP TAX ADVANTAGE FUND SERIES IV,10,,0.0,,,0,,0.0
0P00019GCI.BO,SUNDARAM LONG TERM MICRO CAP TAX ADVANTAGE FUND SERIES IV,10,,0.10927272727272729,0.030303030303030307,300.00000000000006,1,,0.0
0P00019J55.BO,Mahindra Manulife Equity Savings Fund,10,,0.0,,,0,,0.0
0P00019J56.BO,Mahindra Manulife Equity Savings Fund,10,19.083596821788507,0.3770303030303031,0.11606677687012636,80.33100843821934,4,64.33745636921373,-0.94
0P00019J57.BO,Mahindra Manulife Equity Savings Fund,10,,0.0,,,0,,0.0
0P00019J58.BO,Mahindra Manulife Equity Savings Fund,10,16.565062583292534,0.2963636363636364,0.09088988825790269,81.46396535463776,4,61.60056668427306,-0.8150000000000001
0P00019JDI.BO,SBI Long Term Advantage Fund - Series IV,10,,0.0,,,0,,0.0
0P00019JDJ.BO,SBI Long Term Advantage Fund - Series IV,10,,-0.8738181818181818,0.2727272727272727,300.00000000000006,0,,0.0
0P00019JDK.BO,SBI Long Term Advantage Fund - Series IV,10,,0.0,,,0,,0.0
0P00019JDL.BO,SBI Long Term Advantage Fund - Series IV,10,,-0.865090909090909,0.2727272727272727,300.00000000000006,0,,0.0
0P00019JTZ.BO,LIC MF Mid Cap Fund,10,,0.0,,,0,,0.0
0P00019JU0.BO,LIC MF Mid Cap Fund,10,,0.0,,,0,,0.0
0P00019JU1.BO,LIC MF Mid Cap Fund,10,,0.0,,,0,,0.0
0P00019JU2.BO,LIC MF Mid Cap Fund,10,,0.0,,,0,,0.0
0P00019K94.BO,UTI - Liquid Fund,10,,0.0,,,0,,0.0
0P00019PNE.BO,Groww Liquid Fund,10,37.04344418554233,0.36406060606060614,0.2966471770459457,42.960586072367164,3,275.8280762172101,-1.8399999999999999
0P00019R15.BO,BANDHAN CREDIT RISK FUND,10,,0.0,,,0,,0.0
0P00019R16.BO,BANDHAN CREDIT RISK FUND,10,14.255679555813416,0.1553939393939394,0.08763885236212453,34.6436644369286,3,41.18121561112793,-1.705
0P00019R17.BO,BANDHAN CREDIT RISK FUND,10,16.484328048369502,0.14339393939393935,0.06795088289987412,38.09092074165844,2,59.848638259605046,-1.795
0P00019R18.BO,BANDHAN CREDIT RISK FUND,10,,-0.16054545454545452,0.06030895918200806,40.51206055494999,3,-4.519134777897452,-3.345
0P00019R19.BO,BANDHAN CREDIT RISK FUND,10,,-0.5373939393939394,0.12549475025358142,212.02893552239465,1,,0.0
0P00019R1A.BO,BANDHAN CREDIT RISK FUND,10,,0.0,,,0,,0.0
0P00019R1B.BO,BANDHAN CREDIT RISK FUND,10,,,,,2,,
0P00019R1C.BO,BANDHAN CREDIT RISK FUND,10,15.028175762623274,0.19618181818181818,0.10428317782521968,36.36033292171732,2,50.970197746312266,-2.025
0P00019R1D.BO,BANDHAN CREDIT RISK FUND,10,,-0.17975757575757575,0.05898054093683815,39.19585300008596,3,-5.463684510919651,-3.845
0P00019R1E.BO,BANDHAN CREDIT RISK FUND,10,,-0.6300000000000002,0.1250371883893639,213.13548615578998,1,,0.0
0P00019VFI.BO,Mirae Asset Dynamic Term Fund,10,,0.0,,,0,,0.0
0P00019VFJ.BO,Mirae Asset Dynamic Term Fund,10,,0.0,,,0,,0.0
0P00019VFK.BO,Mirae Asset Dynamic Term Fund,10,,0.0,,,0,,0.0
0P00019VFL.BO,Mirae Asset Dynamic Term Fund,10,,0.0,,,0,,0.0
0P00019W5V.BO,Groww Large Cap Fund,10,,0.0,,,0,,0.0
0P00019W5W.BO,Groww Large Cap Fund,10,,0.0,,,0,,0.0
0P00019W5X.BO,Groww Large Cap Fund,10,,0.0,,,0,,0.0
0P00019WGY.BO,Groww Large Cap Fund,10,,0.0,,,0,,0.0
0P00019WGZ.BO,Groww Large Cap Fund,10,,0.0,,,0,,0.0
0P00019WH7.BO,UTI - Liquid Fund,10,,0.040484848484848485,0.27052535599270555,56.45732772720048,3,inf,-0.27
0P00019WZ1.BO,Groww Large Cap Fund,10,,0.0,,,0,,0.0
0P00019ZBP.BO,BARODA BNP PARIBAS AGGRESSIVE HYBRID FUND,10,,0.0,,,0,,0.0
0P00019ZBQ.BO,BARODA BNP PARIBAS AGGRESSIVE HYBRID FUND,10,20.94569527473331,0.9135757575757575,0.414090863786575,77.31853048175866,2,inf,-2.5150000000000006
0P00019ZBR.BO,BARODA BNP PARIBAS AGGRESSIVE HYBRID FUND,10,,0.0,,,0,,0.0
0P00019ZBS.BO,BARODA BNP PARIBAS AGGRESSIVE HYBRID FUND,10,12.983096390975302,0.8716363636363637,0.40075206924596535,74.92988082497628,2,inf,-2.535
0P0001A1B6.BO,360 ONE Liquid Fund,10,,,,,3,,-1.6949999999999998
0P0001A36O.BO,SUNDARAM LONG TERM MICRO CAP TAX ADVANTAGE SERIES V,10,,0.0,,,0,,0.0
0P0001A36P.BO,SUNDARAM LONG TERM MICRO CAP TAX ADVANTAGE SERIES V,10,,0.10563636363636361,0.030303030303030297,299.99999999999994,1,,0.0
0P0001A36Q.BO,SUNDARAM LONG TERM MICRO CAP TAX ADVANTAGE SERIES V,10,,0.0,,,0,,0.0
0P0001A36R.BO,SUNDARAM LONG TERM MICRO CAP TAX ADVANTAGE SERIES V,10,,0.10836363636363637,0.030303030303030307,300.0,1,,0.0
0P0001A3EY.BO,Quantum Dynamic Term Fund,10,,0.0,,,0,,0.0
0P0001A3EZ.BO,Quantum Dynamic Term Fund,10,,0.16648484848484849,0.033471156176853874,54.193733388388466,3,inf,-3.3299999999999996
0P0001A3F0.BO,Quantum Diversified Equity All Cap Active FOF,10,,0.0,,,0,,0.0
0P0001A3F1.BO,Quantum Diversified Equity All Cap Active FOF,10,,0.0,,,0,,0.0
0P0001A3F2.BO,Quantum Gold ETF FOF,10,,0.0,,,0,,0.0
0P0001A3F5.BO,Quantum Liquid Fund,10,26.989292565182012,0.349939393939394,0.29331080109042146,44.020521109847785,3,137.14246227549927,-1.88
0P0001A3F6.BO,Quantum Value Fund,10,,0.0,,,0,,0.0
0P0001A3F7.BO,Quantum Value Fund,10,,0.0,,,0,,0.0
0P0001A3F8.BO,Quantum Multi Asset Active FOF,10,,0.0,,,0,,0.0
0P0001A3F9.BO,Quantum ELSS Tax Saver Fund,10,,0.0,,,0,,0.0
0P0001A3FA.BO,Quantum ELSS Tax Saver Fund,10,,0.0,,,0,,0.0
0P0001A98N.BO,Mahindra Manulife Multi Cap Fund,10,,0.2708484848484849,0.04811775593352995,97.03162864743695,2,,-1.82
0P0001A98O.BO,Mahindra Manulife Multi Cap Fund,10,,0.0,,,0,,0.0
0P0001A98P.BO,Mahindra Manulife Multi Cap Fund,10,,0.34218181818181825,0.06190684298878252,95.23044802657384,2,,-2.16
0P0001A98Q.BO,Mahindra Manulife Multi Cap Fund,10,,0.0,,,0,,0.0
0P0001ABM7.BO,Union Largecap Fund,10,,0.0,,,0,,0.0
0P0001ABM8.BO,Union Largecap Fund,10,,0.0,,,0,,0.0
0P0001ABM9.BO,Union Largecap Fund,10,,0.0,,,0,,0.0
0P0001ABMA.BO,Union Largecap Fund,10,,0.0,,,0,,0.0
0P0001AEZS.BO,BARODA BNP PARIBAS ARBITRAGE FUND,10,24.332383971261894,0.18472727272727274,0.05723068202424249,58.48913563662747,2,372.0569783610785,-2.7600000000000002
0P0001AEZT.BO,BARODA BNP PARIBAS ARBITRAGE FUND,10,22.64848348345112,0.2965454545454546,0.19575111374538776,44.16510384777691,2,118.71184317305006,-1.755
0P0001AEZU.BO,BARODA BNP PARIBAS ARBITRAGE FUND,10,3.386137064772443,0.3593939393939393,0.12439455073838394,66.18785506133177,2,inf,-4.0
0P0001AEZV.BO,BARODA BNP PARIBAS ARBITRAGE FUND,10,3.4410947973821493,0.251878787878788,0.05864487716405306,77.55633002294051,2,inf,-4.595
0P0001AFGH.BO,HSBC Dynamic Term Fund,10,,0.03351515151515149,0.0016446020326220361,42.140336457723954,2,-2.0588699063704863,-3.93
0P0001AG9U.BO,UTI Banking & PSU Debt Fund,10,,-0.3235757575757576,0.3701786018981017,143.9732842222649,1,,0.0
0P0001AGI2.BO,BANDHAN Corporate Bond Fund,10,,-0.16587878787878788,0.02739844382910096,54.50529715596259,2,11.22616815911815,-3.655
0P0001AJYO.BO,UTI - Credit Risk Fund.,10,,-0.22163636363636363,0.46661173524772703,201.28396130693025,1,,0.0
0P0001AKSY.BO,LIC MF Small Cap Fund,10,,0.0,,,0,,0.0
0P0001AKSZ.BO,LIC MF Small Cap Fund,10,,0.0,,,0,,0.0
0P0001AKT0.BO,LIC MF Small Cap Fund,10,,0.0,,,0,,0.0
0P0001AKT1.BO,LIC MF Small Cap Fund,10,,0.0,,,0,,0.0
0P0001ANRV.BO,AXIS Corporate Bond Fund,10,,0.0,,,0,,0.0
0P0001ANRY.BO,AXIS Corporate Bond Fund,10,17.268475598660316,0.22406060606060613,0.08777145514359062,44.12512976786543,3,89.55721216314176,-2.17
0P0001ANS0.BO,AXIS Corporate Bond Fund,10,33.96817601725888,0.27212121212121215,0.1099922870473682,46.96535375664468,2,328.4445450451928,-2.4299999999999997
0P0001ANS1.BO,AXIS Corporate Bond Fund,10,20.00056757931401,0.23109090909090915,0.07674951213225822,47.117372749002115,2,131.63728995307088,-2.565
0P0001ANS4.BO,AXIS Corporate Bond Fund,10,,0.0,,,0,,0.0
0P0001ANS6.BO,AXIS Corporate Bond Fund,10,17.52637956432206,0.2320000000000001,0.08234676256431263,42.70242032713282,3,89.7496843217916,-2.305
0P0001ANS7.BO,AXIS Corporate Bond Fund,10,33.929189257952515,0.298969696969697,0.12724507631348403,44.29289877159199,2,332.34857256984964,-2.5900000000000003
0P0001ANS8.BO,AXIS Corporate Bond Fund,10,20.42669566325359,0.2460606060606061,0.07634341126015387,45.562849235354705,2,129.6284655417525,-2.6850000000000005
0P0001ANS9.BO,AXIS Corporate Bond Fund,10,,0.16884848484848483,0.015475932071976227,153.60456295670593,2,,0.0
0P0001B53M.BO,SUNDARAM LONG TERM MICRO CAP TAX ADVANTAGE FUND SERIES VI,10,,0.0,,,0,,0.0
0P0001B53O.BO,SUNDARAM LONG TERM MICRO CAP TAX ADVANTAGE FUND SERIES VI,10,,0.07345454545454545,0.030303030303030297,299.99999999999994,1,,0.0
0P0001B53Q.BO,SUNDARAM LONG TERM MICRO CAP TAX ADVANTAGE FUND SERIES VI,10,,0.0,,,0,,0.0
0P0001B53S.BO,SUNDARAM LONG TERM MICRO CAP TAX ADVANTAGE FUND SERIES VI,10,,0.07018181818181819,0.030303030303030307,299.99999999999994,1,,0.0
0P0001B6NZ.BO,Edelweiss Arbitrage Fund,10,2.3119710139431815,-0.4405454545454547,0.23440538216065504,156.22048016225347,2,,0.995
0P0001B82V.BO,Edelweiss Arbitrage Fund,10,1.574285000854081,-0.4346666666666667,0.24281677058239762,156.78431581044262,2,,0.915
0P0001B9WJ.BO,PGIM India Liquid Fund,10,31.905390808398447,0.34660606060606064,0.4032410101786821,41.75138034033271,2,125.110493134761,-1.02
0P0001B9WL.BO,PGIM India Liquid Fund,10,31.21847394998507,0.3494545454545456,0.27690397512328485,41.70200275796963,3,183.2517833668386,-1.7999999999999996
0P0001BA1D.BO,Edelweiss Banking and PSU Debt Fund,10,22.232558414523673,-0.5384242424242425,0.05720823644702415,92.3421949702724,2,149.44936730072584,-0.615
0P0001BA1F.BO,Edelweiss Banking and PSU Debt Fund,10,,-0.2975151515151515,0.014056451433120789,110.76878887155237,1,,-0.6149999999999998
0P0001BA24.BO,Edelweiss Gilt Fund,10,,0.23327272727272738,0.041433777531489406,75.89693783840465,2,,-3.6500000000000004
0P0001BAEE.BO,ICICI Prudential Liquid Fund -,10,35.8980417656559,0.3587272727272728,0.27738173883072426,43.00673768976859,2,264.3136952282654,-1.79
0P0001BAEN.BO,ICICI Prudential Liquid Fund -,10,36.360162969663804,0.34430303030303033,0.27620601890013213,42.37117201678771,3,275.4004061277147,-1.7749999999999997
0P0001BAF4.BO,ICICI Prudential Money Market Fund,10,,-0.14690909090909093,0.03555773993457321,207.58205646661042,1,,0.0
0P0001BAF7.BO,ICICI Prudential Money Market Fund,10,36.654174675795105,0.34400000000000003,0.23215408453571182,40.671895307336754,3,280.66176193266267,-1.9799999999999998
0P0001BATA.BO,Kotak Gilt Fund,10,,-0.25145454545454543,0.058449946899077544,74.74123266660857,3,,-3.0550000000000006
0P0001BBI1.BO,UTI - Liquid Fund,10,,0.025636363636363645,0.09974229519491754,48.879340721955764,4,inf,-0.28500000000000003
0P0001BBJ1.BO,UTI - Money Market Fund,10,,-0.38751515151515153,0.3127428939469059,147.64952172633167,1,,0.0
0P0001BCQN.BO,Axis Balanced Advantage Fund,10,,0.0,,,0,,0.0
0P0001BCQO.BO,Axis Balanced Advantage Fund,10,,0.3724242424242425,0.037647900400636675,88.13881815729845,3,,-3.8499999999999996
0P0001BCQR.BO,Axis Balanced Advantage Fund,10,,0.0,,,0,,0.0
0P0001BCQT.BO,Axis Balanced Advantage Fund,10,,0.5354545454545454,0.05639664821633786,86.9877775110776,3,,-3.855
0P0001BF17.BO,HDFC Children's Fund,10,,0.0,,,0,,0.0
0P0001BF18.BO,HDFC Children's Fund,10,,0.0,,,0,,0.0
0P0001BI1G.BO,UTI - Liquid Fund,10,,,,,0,,0.0
0P0001BI80.BO,Edelweiss Balanced Advantage Fund,10,19.876409778520788,0.013818181818181757,0.00014432494621713425,37.137477411657514,2,108.1939891619023,-1.7950000000000002
0P0001BIVX.BO,Edelweiss Balanced Advantage Fund,10,17.238732944440226,-0.16193939393939408,0.021674637569229344,40.557026272642204,2,105.79047379700647,-1.27
0P0001BJET.BO,Aditya Birla Sun Life Floating Interest Rates Fund,10,27.15936294073671,0.16684848484848486,0.053480951309479795,40.46643108511794,3,217.605597825934,-2.285
0P0001BJFB.BO,Kotak Corporate Bond Fund,10,,0.2503030303030303,0.08418692974088908,44.565209707314544,2,inf,-2.59
0P0001BL8Y.BO,Baroda BNP Paribas Focused Fund,10,,0.0,,,0,,0.0
0P0001BL8Z.BO,Baroda BNP Paribas Focused Fund,10,,0.8440000000000001,0.30438814521447227,101.90061417325337,3,,-4.61
0P0001BL90.BO,Baroda BNP Paribas Focused Fund,10,,0.0,,,0,,0.0
0P0001BL91.BO,Baroda BNP Paribas Focused Fund,10,,0.8510909090909091,0.3055739275397271,101.87203740074027,3,,-4.645
0P0001BLH8.BO,ICICI Prudential BSE Sensex Index Fund,10,,0.0,,,0,,0.0
0P0001BLHA.BO,ICICI Prudential BSE Sensex Index Fund,10,,0.0,,,0,,0.0
0P0001BLHB.BO,ICICI Prudential BSE Sensex Index Fund,10,,0.0,,,0,,0.0
0P0001BLHD.BO,ICICI Prudential BSE Sensex Index Fund,10,,0.0,,,0,,0.0
0P0001BLNO.BO,Sundaram ELSS Tax Saver Fund,10,,0.7313333333333334,0.4909661298065217,108.11020900099932,2,,0.2899999999999998
0P0001BN79.BO,Groww ELSS Tax Saver Fund,10,,0.0,,,0,,0.0
0P0001BN7A.BO,Groww ELSS Tax Saver Fund,10,,0.0,,,0,,0.0
0P0001BN7D.BO,Groww ELSS Tax Saver Fund,10,,0.0,,,0,,0.0
0P0001BN7E.BO,Groww ELSS Tax Saver Fund,10,,0.0,,,0,,0.0
0P0001BOXZ.BO,DSP Nifty 50 Equal Weight Index Fund,10,,0.0,,,0,,0.0
0P0001BOY0.BO,DSP Nifty 50 Equal Weight Index Fund,10,,0.5213939393939395,0.32393669478823367,122.78369779287755,2,,-2.465
0P0001BOY3.BO,DSP Nifty 50 Equal Weight Index Fund,10,,0.0,,,0,,0.0
0P0001BOY4.BO,DSP Nifty 50 Equal Weight Index Fund,10,,0.5385454545454547,0.3365418632083011,122.7637003966259,2,,-2.615
0P0001BTTI.BO,UTI - Liquid Fund,10,,0.0,,,0,,0.0
0P0001BURC.BO,Axis Flexi Cap Fund,10,,0.0,,,0,,0.0
0P0001BURD.BO,Axis Flexi Cap Fund,10,,-0.037696969696969666,0.00041828698219173617,93.80138162626221,2,,-2.855
0P0001BURF.BO,Axis Flexi Cap Fund,10,,0.0,,,0,,0.0
0P0001BURG.BO,Axis Flexi Cap Fund,10,,-0.021939393939393915,0.00011827534310698271,98.74483470027793,2,,-2.865
0P0001BVDN.BO,LIC MF Focused Fund,10,,0.0,,,0,,0.0
0P0001BVDO.BO,LIC MF Focused Fund,10,,0.0,,,0,,0.0
0P0001BVDQ.BO,LIC MF Focused Fund,10,,0.0,,,0,,0.0
0P0001BVDR.BO,LIC MF Focused Fund,10,,0.0,,,0,,0.0
0P0001C5WA.BO,Edelweiss Equity Savings Fund,10,19.190500958543733,0.056121212121212107,0.005925407623481415,36.6997523354627,1,114.85663336425227,-1.5750000000000002
0P0001C675.BO,BANK OF INDIA MID CAP TAX FUND SERIES 1,10,,0.0,,,0,,0.0
0P0001C676.BO,BANK OF INDIA MID CAP TAX FUND SERIES 1,10,,0.0,,,0,,0.0
0P0001C677.BO,BANK OF INDIA MID CAP TAX FUND SERIES 1,10,,0.0,,,0,,0.0
0P0001C678.BO,BANK OF INDIA MID CAP TAX FUND SERIES 1,10,,0.0,,,0,,0.0
0P0001C6KM.BO,HDFC Housing Opportunities Fund,10,,0.0,,,0,,0.0
0P0001C6KO.BO,HDFC Housing Opportunities Fund,10,,0.0,,,0,,0.0
0P0001C8A6.BO,Edelweiss Equity Savings Fund,10,20.91243464946846,0.10927272727272729,0.02027441824358801,37.003001729193706,1,118.63596742310258,-1.1300000000000001
0P0001CBYP.BO,Union Balanced Advantage Fund,10,,0.540969696969697,0.4862769916510487,200.01974123277523,2,,2.82
0P0001CBYQ.BO,Union Balanced Advantage Fund,10,,0.0,,,0,,0.0
0P0001CBYR.BO,Union Balanced Advantage Fund,10,,0.5427878787878788,0.4907360991073088,200.85995053238815,2,,3.0
0P0001CBYS.BO,Union Balanced Advantage Fund,10,,0.0,,,0,,0.0
0P0001CEVZ.BO,Mahindra Manulife Mid Cap Fund,10,,0.0,,,0,,0.0
0P0001CEW0.BO,Mahindra Manulife Mid Cap Fund,10,,0.4831515151515152,0.1507482406873572,108.63963452899321,1,,-2.155
0P0001CEW2.BO,Mahindra Manulife Mid Cap Fund,10,,0.0,,,0,,0.0
0P0001CEW3.BO,Mahindra Manulife Mid Cap Fund,10,,0.4169696969696968,0.1347570646792003,110.22090840057821,1,,-1.885
0P0001CF5Y.BO,ICICI Prudential Long Term Wealth Enhancement Fund,10,,0.0,,,0,,0.0
0P0001CF5Z.BO,ICICI Prudential Long Term Wealth Enhancement Fund,10,,0.0,,,0,,0.0
0P0001CF60.BO,ICICI Prudential Long Term Wealth Enhancement Fund,10,,0.0,,,0,,0.0
0P0001CF61.BO,ICICI Prudential Long Term Wealth Enhancement Fund,10,,0.0,,,0,,0.0
0P0001CFG8.BO,SBI Long Term Advantage Fund - Series V,10,,0.0,,,0,,0.0
0P0001CFG9.BO,SBI Long Term Advantage Fund - Series V,10,,0.0,,,0,,0.0
0P0001CFGA.BO,SBI Long Term Advantage Fund - Series V,10,,0.0,,,0,,0.0
0P0001CFGB.BO,SBI Long Term Advantage Fund - Series V,10,,0.0,,,0,,0.0
0P0001CGF8.BO,Sundaram Long Term Tax Advantage Fund Series III,10,,0.0,,,0,,0.0
0P0001CGF9.BO,Sundaram Long Term Tax Advantage Fund Series III,10,,0.10945454545454546,0.030303030303030318,299.99999999999994,1,,0.0
0P0001CGFA.BO,Sundaram Long Term Tax Advantage Fund Series III,10,,0.0,,,0,,0.0
0P0001CGFB.BO,Sundaram Long Term Tax Advantage Fund Series III,10,,0.10636363636363635,0.030303030303030297,299.99999999999994,1,,0.0
0P0001CHCB.BO,Edelweiss Banking and PSU Debt Fund,10,,0.7120000000000001,0.6220787959811301,73.53633155262911,4,,-1.6049999999999998
0P0001CHCD.BO,UTI - Money Market Fund,10,,0.0,,,0,,0.0
0P0001CJLD.BO,DSP Arbitrage fund,10,,0.0,,,0,,0.0
0P0001CJLE.BO,DSP Arbitrage fund,10,,0.04648484848484852,0.0015766468501527183,123.57842005530564,2,,-2.59
0P0001CJLG.BO,DSP Arbitrage fund,10,,0.0,,,0,,0.0
0P0001CJLH.BO,DSP Arbitrage fund,10,,0.004787878787878762,1.7510670461350247e-05,120.51291624933198,2,,-2.495
0P0001CJLJ.BO,DSP Arbitrage fund,10,21.1764941181102,0.10042424242424243,0.02029933787973903,74.9548981016325,2,inf,-0.7150000000000001
0P0001CJLL.BO,DSP Arbitrage fund,10,19.66963484452886,0.11127272727272727,0.03650319962419278,76.38465569206599,4,,-0.67
0P0001CN9A.BO,Edelweiss Recently Listed IPO Fund,10,,0.0,,,0,,0.0
0P0001CN9B.BO,Edelweiss Recently Listed IPO Fund,10,,0.0,,,0,,0.0
0P0001CN9D.BO,Edelweiss Recently Listed IPO Fund,10,,0.0,,,0,,0.0
0P0001CN9E.BO,Edelweiss Recently Listed IPO Fund,10,,0.0,,,0,,0.0
0P0001CZNT.BO,Navi Large & Midcap Fund,10,,0.0,,,0,,0.0
0P0001D299.BO,Sundaram Long Term Tax Advantage Fund Series IV,10,,,,,0,,0.0
0P0001D29A.BO,Sundaram Long Term Tax Advantage Fund Series IV,10,,,,,1,,0.0
0P0001D29C.BO,Sundaram Long Term Tax Advantage Fund Series IV,10,,,,,0,,0.0
0P0001D29D.BO,Sundaram Long Term Tax Advantage Fund Series IV,10,,,,,1,,0.0
0P0001D3MU.BO,Navi Large & Midcap Fund,10,,,,,0,,0.0
0P0001D3PY.BO,Navi Aggressive Hybrid Fund,10,,,,,0,,0.0
0P0001D3Q0.BO,Navi Aggressive Hybrid Fund,10,,,,,0,,0.0
0P0001D3Q1.BO,Navi Aggressive Hybrid Fund,10,,,,,0,,0.0
0P0001D3Q3.BO,Navi Aggressive Hybrid Fund,10,,,,,0,,0.0
0P0001D3Q5.BO,Navi Aggressive Hybrid Fund,10,,,,,0,,0.0
0P0001D3Q7.BO,Navi Aggressive Hybrid Fund,10,,,,,0,,0.0
0P0001D3Q9.BO,Navi Aggressive Hybrid Fund,10,,,,,0,,0.0
0P0001D3QB.BO,Navi Aggressive Hybrid Fund,10,,,,,0,,0.0
0P0001D3QC.BO,Navi Aggressive Hybrid Fund,10,,,,,0,,0.0
0P0001D3QE.BO,Navi Aggressive Hybrid Fund,10,,,,,0,,0.0
0P0001D3QG.BO,Navi Aggressive Hybrid Fund,10,,,,,0,,0.0
0P0001D3QI.BO,Navi Aggressive Hybrid Fund,10,,,,,0,,0.0
0P0001D3Y7.BO,SBI Long Term Advantage Fund - Series VI,10,,,,,0,,0.0
0P0001D3Y8.BO,SBI Long Term Advantage Fund - Series VI,10,,,,,0,,0.0
0P0001D3Y9.BO,SBI Long Term Advantage Fund - Series VI,10,,,,,0,,0.0
0P0001D3YA.BO,SBI Long Term Advantage Fund - Series VI,10,,,,,0,,0.0
0P0001D5AC.BO,Navi Large & Midcap Fund,10,,,,,0,,0.0
0P0001D6PR.BO,Parag Parikh Liquid Fund,10,,,,,0,,0.0
0P0001D6PT.BO,Parag Parikh Liquid Fund,10,,,,,0,,0.0
0P0001D6PW.BO,Parag Parikh Liquid Fund,10,,,,,3,,-1.4549999999999998
0P0001D6Q3.BO,Parag Parikh Liquid Fund,10,,,,,3,,-1.435
0P0001D748.BO,Union Corporate Bond Fund,10,,,,,0,,0.0
0P0001D74B.BO,Union Corporate Bond Fund,10,,,,,0,,0.0
0P0001D74C.BO,Union Corporate Bond Fund,10,,,,,0,,0.0
0P0001D74F.BO,Union Corporate Bond Fund,10,,,,,0,,0.0
0P0001DGT6.BO,BANK OF INDIA ARBITRAGE FUND,10,,,,,1,,0.0
0P0001DGT8.BO,BANK OF INDIA ARBITRAGE FUND,10,,,,,0,,0.0
0P0001DGT9.BO,BANK OF INDIA ARBITRAGE FUND,10,,,,,1,,0.0
0P0001DGTB.BO,BANK OF INDIA ARBITRAGE FUND,10,,,,,1,,0.0
0P0001DGTD.BO,BANK OF INDIA ARBITRAGE FUND,10,,,,,1,,0.0
0P0001DGTF.BO,BANK OF INDIA ARBITRAGE FUND,10,,,,,0,,0.0
0P0001DGTG.BO,BANK OF INDIA ARBITRAGE FUND,10,,,,,1,,0.0
0P0001DGTI.BO,BANK OF INDIA ARBITRAGE FUND,10,,,,,1,,0.0
0P0001DJ5C.BO,Invesco India Aggressive Hybrid Fund,10,,,,,0,,0.0
0P0001DJ5D.BO,Invesco India Aggressive Hybrid Fund,10,,,,,0,,0.0
0P0001DJ5F.BO,Invesco India Aggressive Hybrid Fund,10,,,,,0,,0.0
0P0001DJ5G.BO,Invesco India Aggressive Hybrid Fund,10,,,,,0,,0.0
0P0001DJAV.BO,Navi Flexi Cap Fund,10,,,,,0,,0.0
0P0001DJAW.BO,Navi Flexi Cap Fund,10,,,,,0,,0.0
0P0001DJAX.BO,Navi Flexi Cap Fund,10,,,,,0,,0.0
0P0001DJAZ.BO,Navi Flexi Cap Fund,10,,,,,0,,0.0
0P0001DJB1.BO,Navi Flexi Cap Fund,10,,,,,0,,0.0
0P0001DJB3.BO,Navi Flexi Cap Fund,10,,,,,0,,0.0
0P0001DJB5.BO,Navi Flexi Cap Fund,10,,,,,0,,0.0
0P0001DJB7.BO,Navi Flexi Cap Fund,10,,,,,0,,0.0
0P0001DJB9.BO,Navi Flexi Cap Fund,10,,,,,0,,0.0
0P0001DJBB.BO,Navi Flexi Cap Fund,10,,,,,0,,0.0
0P0001DJBD.BO,Navi Flexi Cap Fund,10,,,,,0,,0.0
0P0001DJBF.BO,Navi Flexi Cap Fund,10,,,,,0,,0.0
0P0001DJZH.BO,ICICI Prudential BHARAT 22 FOF,10,,,,,0,,0.0
0P0001DJZI.BO,ICICI Prudential BHARAT 22 FOF,10,,,,,0,,0.0
0P0001DYTE.BO,BANK OF INDIA MID CAP TAX FUND Series 2,10,,,,,0,,0.0
0P0001DYTF.BO,BANK OF INDIA MID CAP TAX FUND Series 2,10,,,,,0,,0.0
0P0001DYTG.BO,BANK OF INDIA MID CAP TAX FUND Series 2,10,,,,,0,,0.0
0P0001DYTH.BO,BANK OF INDIA MID CAP TAX FUND Series 2,10,,,,,0,,0.0
0P0001DZDO.BO,Kotak Balanced Advantage Fund,10,,,,,0,,0.0
0P0001DZDP.BO,Kotak Balanced Advantage Fund,10,,,,,0,,0.0
0P0001DZDR.BO,Kotak Balanced Advantage Fund,10,,,,,0,,0.0
0P0001DZDS.BO,Kotak Balanced Advantage Fund,10,,,,,0,,0.0
0P0001DZTR.BO,Union Equity Savings Fund,10,,,,,1,,3.7799999999999994
0P0001DZTS.BO,Union Equity Savings Fund,10,,,,,0,,0.0
0P0001DZTT.BO,Union Equity Savings Fund,10,,,,,1,,3.615
0P0001DZTU.BO,Union Equity Savings Fund,10,,,,,0,,0.0
0P0001E0GT.BO,UTI - Corporate Bond Fund,10,,,,,0,,0.0
0P0001E0GU.BO,UTI - Corporate Bond Fund,10,,,,,2,,0.0
0P0001E0GW.BO,UTI - Corporate Bond Fund,10,,,,,1,,0.0
0P0001E0GX.BO,UTI - Corporate Bond Fund,10,,,,,1,,0.0
0P0001E0GY.BO,UTI - Corporate Bond Fund,10,,,,,1,,0.0
0P0001E0GZ.BO,UTI - Corporate Bond Fund,10,,,,,0,,0.0
0P0001E0H0.BO,UTI - Corporate Bond Fund,10,,,,,2,,0.0
0P0001E0H1.BO,UTI - Corporate Bond Fund,10,,,,,2,,0.0
0P0001E0H2.BO,UTI - Corporate Bond Fund,10,,,,,1,,0.0
0P0001E0H3.BO,UTI - Corporate Bond Fund,10,,,,,1,,0.0
0P0001E1VK.BO,Axis Aggressive Hybrid Fund,10,,,,,0,,0.0
0P0001E1VL.BO,Axis Aggressive Hybrid Fund,10,,,,,3,,-2.95
0P0001E1VM.BO,Axis Aggressive Hybrid Fund,10,,,,,4,,-3.2599999999999993
0P0001E1VN.BO,Axis Aggressive Hybrid Fund,10,,,,,1,,0.0
0P0001E1VR.BO,Axis Aggressive Hybrid Fund,10,,,,,0,,0.0
0P0001E1VS.BO,Axis Aggressive Hybrid Fund,10,,,,,3,,-2.8
0P0001E1VT.BO,Axis Aggressive Hybrid Fund,10,,,,,4,,-2.9749999999999996
0P0001E1VU.BO,Axis Aggressive Hybrid Fund,10,,,,,1,,0.0
0P0001E1VY.BO,LIC MF Value Fund,10,,,,,0,,0.0
0P0001E1VZ.BO,LIC MF Value Fund,10,,,,,0,,0.0
0P0001E1W2.BO,LIC MF Value Fund,10,,,,,0,,0.0
0P0001E1W3.BO,LIC MF Value Fund,10,,,,,0,,0.0
0P0001E1XW.BO,UTI - Liquid Fund,10,,,,,0,,0.0
0P0001E2DX.BO,Franklin India Equity Savings Fund,10,,,,,0,,0.0
0P0001E2DY.BO,Franklin India Equity Savings Fund,10,,,,,2,,2.82
0P0001E2E0.BO,Franklin India Equity Savings Fund,10,,,,,3,,-0.04499999999999993
0P0001E2E2.BO,Franklin India Equity Savings Fund,10,,,,,2,,-0.33499999999999996
0P0001E2E4.BO,Franklin India Equity Savings Fund,10,,,,,0,,0.0
0P0001E2E5.BO,Franklin India Equity Savings Fund,10,,,,,2,,3.2699999999999996
0P0001E2E7.BO,Franklin India Equity Savings Fund,10,,,,,3,,-0.15000000000000013
0P0001E2E9.BO,Franklin India Equity Savings Fund,10,,,,,2,,0.22999999999999998
0P0001E4SJ.BO,Edelweiss Liquid Fund,10,,,,,0,,0.0
0P0001E4VK.BO,Mahindra Manulife Dynamic Term Fund,10,,,,,0,,0.0
0P0001E4VL.BO,Mahindra Manulife Dynamic Term Fund,10,,,,,1,,-3.9949999999999997
0P0001E4VN.BO,Mahindra Manulife Dynamic Term Fund,10,,,,,2,,-3.4150000000000005
0P0001E4VP.BO,Mahindra Manulife Dynamic Term Fund,10,,,,,0,,0.0
0P0001E4VQ.BO,Mahindra Manulife Dynamic Term Fund,10,,,,,1,,-3.6949999999999994
0P0001E4VS.BO,Mahindra Manulife Dynamic Term Fund,10,,,,,2,,-3.1749999999999994
0P0001EBW0.BO,UTI - Equity Savings Fund,10,,,,,0,,0.0
0P0001EBW1.BO,UTI - Equity Savings Fund,10,,,,,0,,0.0
0P0001EBW3.BO,UTI - Equity Savings Fund,10,,,,,0,,0.0
0P0001EBW5.BO,UTI - Equity Savings Fund,10,,,,,0,,0.0
0P0001EBW7.BO,UTI - Equity Savings Fund,10,,,,,0,,0.0
0P0001EBW8.BO,UTI - Equity Savings Fund,10,,,,,0,,0.0
0P0001EBWA.BO,UTI - Equity Savings Fund,10,,,,,0,,0.0
0P0001EBWC.BO,UTI - Equity Savings Fund,10,,,,,0,,0.0
0P0001ECFN.BO,Baroda BNP Paribas India Consumption Fund,10,,,,,2,,-4.885
0P0001ECFP.BO,Baroda BNP Paribas India Consumption Fund,10,,,,,0,,0.0
0P0001ECFQ.BO,Baroda BNP Paribas India Consumption Fund,10,,,,,2,,-4.84
0P0001ECFS.BO,Baroda BNP Paribas India Consumption Fund,10,,,,,0,,0.0
0P0001ECG5.BO,Tata Flexi Cap Fund,10,,,,,0,,0.0
0P0001ECG8.BO,Tata Flexi Cap Fund,10,,,,,0,,0.0
0P0001ECG9.BO,Tata Flexi Cap Fund,10,,,,,0,,0.0
0P0001ECGC.BO,Tata Flexi Cap Fund,10,,,,,0,,0.0
0P0001EDLC.BO,DSP Corporate Bond Fund,10,,,,,2,,-3.6799999999999997
0P0001EDLE.BO,DSP Corporate Bond Fund,10,,,,,0,,0.0
0P0001EDLF.BO,DSP Corporate Bond Fund,10,,,,,2,,-2.845
0P0001EDLH.BO,DSP Corporate Bond Fund,10,,,,,2,,-2.7699999999999996
0P0001EDLJ.BO,DSP Corporate Bond Fund,10,,,,,2,,-3.555
0P0001EDLL.BO,DSP Corporate Bond Fund,10,,,,,0,,0.0
0P0001EDLM.BO,DSP Corporate Bond Fund,10,,,,,2,,-2.765
0P0001EDLO.BO,DSP Corporate Bond Fund,10,,,,,2,,-2.68
0P0001EEIF.BO,UTI - Money Market Fund,10,,,,,0,,0.0
0P0001EEMS.BO,Sundaram Services Fund,10,,,,,0,,0.0
0P0001EEMT.BO,Sundaram Services Fund,10,,,,,4,,-0.5049999999999994
0P0001EEMW.BO,Sundaram Services Fund,10,,,,,0,,0.0
0P0001EEMX.BO,Sundaram Services Fund,10,,,,,4,,-0.5199999999999996
0P0001EHEZ.BO,Shriram Flexi Cap Fund,10,,,,,0,,0.0
0P0001EHF0.BO,Shriram Flexi Cap Fund,10,,,,,0,,0.0
0P0001EHF2.BO,Shriram Flexi Cap Fund,10,,,,,0,,0.0
0P0001EHF3.BO,Shriram Flexi Cap Fund,10,,,,,0,,0.0
0P0001EI10.BO,HDFC Balanced Advantage Fund,10,,,,,1,,-3.4399999999999995
0P0001EI12.BO,HDFC Balanced Advantage Fund,10,,0.0015151515151515156,0.08417508417508422,300.0,1,,-0.025
0P0001EI13.BO,HDFC Balanced Advantage Fund,10,,,,,1,,-2.16
0P0001EI15.BO,HDFC Balanced Advantage Fund,10,,0.0015151515151515156,0.08417508417508422,300.0,1,,-0.025
0P0001EI16.BO,HDFC Aggressive Hybrid Fund,10,,,,,1,,-2.75
0P0001EI18.BO,HDFC Aggressive Hybrid Fund,10,,0.0,,,0,,0.0
0P0001EI19.BO,HDFC Aggressive Hybrid Fund,10,,,,,1,,-2.25
0P0001EI1B.BO,HDFC Aggressive Hybrid Fund,10,,0.0,,,0,,0.0
0P0001EKFO.BO,Sundaram Money Market Fund,10,,,,,0,,0.0
0P0001EKFY.BO,Sundaram Money Market Fund,10,,,,,6,,-3.565
0P0001EKG4.BO,Sundaram Money Market Fund,10,,,,,0,,0.0
0P0001EKGE.BO,Sundaram Money Market Fund,10,,,,,6,,-3.6199999999999997
0P0001EKI9.BO,Edelweiss Liquid Fund,10,,,,,0,,0.0
0P0001ENC1.BO,HDFC Ultra Short Term Fund,10,,,,,0,,0.0
0P0001ENC3.BO,HDFC Ultra Short Term Fund,10,,,,,2,,-3.315
0P0001ENC5.BO,HDFC Ultra Short Term Fund,10,,,,,4,,-3.025
0P0001ENC7.BO,HDFC Ultra Short Term Fund,10,,,,,0,,0.0
0P0001ENC9.BO,HDFC Ultra Short Term Fund,10,,,,,2,,-3.47
0P0001ENCB.BO,HDFC Ultra Short Term Fund,10,,,,,4,,-3.1599999999999997
0P0001ENJS.BO,ICICI Prudential Manufacturing Fund,10,,,,,2,,-4.455
0P0001ENJU.BO,ICICI Prudential Manufacturing Fund,10,,,,,0,,0.0
0P0001ENJW.BO,ICICI Prudential Manufacturing Fund,10,,,,,2,,-4.87
0P0001ENJX.BO,ICICI Prudential Manufacturing Fund,10,,,,,0,,0.0
0P0001EP9Q.BO,Axis Large & Mid Cap Fund,10,,,,,0,,0.0
0P0001EP9R.BO,Axis Large & Mid Cap Fund,10,,,,,1,,-3.9849999999999994
0P0001EP9T.BO,Axis Large & Mid Cap Fund,10,,,,,0,,0.0
0P0001EP9U.BO,Axis Large & Mid Cap Fund,10,,,,,1,,-4.02
0P0001EPA7.BO,Invesco India Credit Risk Fund,10,,,,,0,,0.0
0P0001EQU2.BO,Invesco India Small Cap Fund,10,,,,,1,,-4.63
0P0001EQU4.BO,Invesco India Small Cap Fund,10,,,,,0,,0.0
0P0001EQU5.BO,Invesco India Small Cap Fund,10,,,,,1,,-5.17
0P0001EQU7.BO,Invesco India Small Cap Fund,10,,,,,0,,0.0
0P0001ESEK.BO,UTI Floating Interest Rates Fund,10,,,,,0,,0.0
0P0001ESEL.BO,UTI Floating Interest Rates Fund,10,,,,,1,,0.0
0P0001ESEM.BO,UTI Floating Interest Rates Fund,10,,,,,1,,0.0
0P0001ESEO.BO,UTI Floating Interest Rates Fund,10,,,,,1,,0.0
0P0001ESEP.BO,UTI Floating Interest Rates Fund,10,,,,,0,,0.0
0P0001ESEQ.BO,UTI Floating Interest Rates Fund,10,,,,,2,,0.0
0P0001ESER.BO,UTI Floating Interest Rates Fund,10,,,,,1,,0.0
0P0001ESES.BO,UTI Floating Interest Rates Fund,10,,,,,1,,0.0
0P0001ESET.BO,UTI Floating Interest Rates Fund,10,,,,,1,,0.0
0P0001EUZV.BO,Tata Small Cap Fund,10,,,,,0,,0.0
0P0001EUZW.BO,Tata Small Cap Fund,10,,,,,1,,2.025
0P0001EUZZ.BO,Tata Small Cap Fund,10,,,,,0,,0.0
0P0001EV00.BO,Tata Small Cap Fund,10,,,,,1,,1.7799999999999998
0P0001EVFO.BO,Baroda BNP Paribas Balanced Advantage Fund,10,,,,,0,,0.0
0P0001EVFP.BO,Baroda BNP Paribas Balanced Advantage Fund,10,,,,,2,,-1.56
0P0001EVFR.BO,Baroda BNP Paribas Balanced Advantage Fund,10,,,,,0,,0.0
0P0001EVFS.BO,Baroda BNP Paribas Balanced Advantage Fund,10,,,,,2,,-1.5599999999999994
0P0001EWON.BO,ADITYA BIRLA SUN LIFE OVERNIGHT FUND,10,,,,,0,,0.0
0P0001EWOO.BO,ADITYA BIRLA SUN LIFE OVERNIGHT FUND,10,,,,,3,,-1.96
0P0001EWOT.BO,ADITYA BIRLA SUN LIFE OVERNIGHT FUND,10,,,,,0,,0.0
0P0001EWOU.BO,ADITYA BIRLA SUN LIFE OVERNIGHT FUND,10,,,,,3,,-1.93
0P0001EWPY.BO,ICICI Prudential Ultra Short term Fund,10,,,,,3,,-1.9099999999999995
0P0001F0CK.BO,Motilal Oswal Nasdaq 100 Fund of Fund,10,,,,,0,,0.0
0P0001F0CL.BO,Motilal Oswal Nasdaq 100 Fund of Fund,10,,,,,0,,0.0
0P0001F1DY.BO,DSP Healthcare Fund,10,,,,,0,,0.0
0P0001F1DZ.BO,DSP Healthcare Fund,10,,,,,1,,-4.57
0P0001F1E1.BO,DSP Healthcare Fund,10,,,,,0,,0.0
0P0001F1E2.BO,DSP Healthcare Fund,10,,,,,1,,-4.545
0P0001F1GH.BO,Union Value Fund,10,,,,,0,,0.0
0P0001F1GJ.BO,Union Value Fund,10,,,,,0,,0.0
0P0001F1GL.BO,Union Value Fund,10,,,,,0,,0.0
0P0001F1GN.BO,Union Value Fund,10,,,,,0,,0.0
0P0001F2J1.BO,ICICI Prudential Overnight Fund,10,,,,,1,,-1.93
0P0001F2JE.BO,ICICI Prudential Overnight Fund,10,,,,,0,,0.0
0P0001F2JG.BO,ICICI Prudential Overnight Fund,10,,,,,1,,-1.85
0P0001F2JT.BO,ICICI Prudential Overnight Fund,10,,,,,0,,0.0
0P0001F40T.BO,Groww Dynamic Term Fund,10,,,,,0,,0.0
0P0001F40Y.BO,Groww Dynamic Term Fund,10,,,,,2,,-2.6750000000000003
0P0001F40Z.BO,Groww Dynamic Term Fund,10,,,,,2,,-2.6100000000000003
0P0001F410.BO,Groww Dynamic Term Fund,10,,,,,2,,-2.745
0P0001F414.BO,Groww Dynamic Term Fund,10,,,,,0,,0.0
0P0001F419.BO,Groww Dynamic Term Fund,10,,,,,2,,-2.65
0P0001F41A.BO,Groww Dynamic Term Fund,10,,,,,2,,-2.785
0P0001F41B.BO,Groww Dynamic Term Fund,10,,,,,2,,-2.7749999999999995
0P0001F443.BO,ICICI Prudential Ultra Short term Fund,10,,,,,3,,-2.0149999999999997
0P0001F4G7.BO,Groww Aggressive Hybrid Fund,10,,,,,0,,0.0
0P0001F4GC.BO,Groww Aggressive Hybrid Fund,10,,,,,0,,0.0
0P0001F4GD.BO,Groww Aggressive Hybrid Fund,10,,,,,0,,0.0
0P0001F4GE.BO,Groww Aggressive Hybrid Fund,10,,,,,0,,0.0
0P0001F4GF.BO,Groww Aggressive Hybrid Fund,10,,,,,0,,0.0
0P0001F4GG.BO,Groww Aggressive Hybrid Fund,10,,,,,0,,0.0
0P0001F4GL.BO,Groww Aggressive Hybrid Fund,10,,,,,0,,0.0
0P0001F4GM.BO,Groww Aggressive Hybrid Fund,10,,,,,0,,0.0
0P0001F4GN.BO,Groww Aggressive Hybrid Fund,10,,,,,0,,0.0
0P0001F4GO.BO,Groww Aggressive Hybrid Fund,10,,,,,0,,0.0
0P0001F59P.BO,Mirae Asset Equity Savings Fund,10,,,,,0,,0.0
0P0001F59Q.BO,Mirae Asset Equity Savings Fund,10,,,,,2,,-4.275
0P0001F59S.BO,Mirae Asset Equity Savings Fund,10,,,,,0,,0.0
0P0001F59T.BO,Mirae Asset Equity Savings Fund,10,,,,,1,,-4.19
0P0001F5O5.BO,BANK OF INDIA SMALL CAP FUND,10,,,,,2,,0.0
0P0001F5O7.BO,BANK OF INDIA SMALL CAP FUND,10,,,,,0,,0.0
0P0001F5O8.BO,BANK OF INDIA SMALL CAP FUND,10,,,,,1,,0.0
0P0001F9Y6.BO,LIC MF Dividend Yield Fund,10,,,,,0,,0.0
0P0001F9Y8.BO,LIC MF Dividend Yield Fund,10,,,,,0,,0.0
0P0001F9Y9.BO,LIC MF Dividend Yield Fund,10,,,,,0,,0.0
0P0001F9YB.BO,LIC MF Dividend Yield Fund,10,,,,,0,,0.0
0P0001F9YH.BO,Motilal Oswal Liquid Fund,10,,,,,0,,0.0
0P0001F9YI.BO,Motilal Oswal Liquid Fund,10,,,,,0,,0.0
0P0001F9YJ.BO,Tata Arbitrage Fund,10,,,,,0,,0.0
0P0001F9YK.BO,Tata Arbitrage Fund,10,,,,,1,,0.0
0P0001F9YN.BO,Tata Arbitrage Fund,10,,,,,0,,0.0
0P0001F9YO.BO,Tata Arbitrage Fund,10,,,,,1,,0.0
0P0001FAJG.BO,Shriram ELSS Tax Saver Fund,10,,,,,0,,0.0
0P0001FAJH.BO,Shriram ELSS Tax Saver Fund,10,,,,,0,,0.0
0P0001FAJI.BO,Shriram ELSS Tax Saver Fund,10,,,,,0,,0.0
0P0001FAJJ.BO,Shriram ELSS Tax Saver Fund,10,,,,,0,,0.0
0P0001FB9F.BO,Nippon India Overnight Fund,10,,,,,0,,0.0
0P0001FB9G.BO,Nippon India Overnight Fund,10,,,,,3,,-1.935
0P0001FB9H.BO,Nippon India Overnight Fund,10,,,,,3,,-1.96
0P0001FB9M.BO,Nippon India Overnight Fund,10,,,,,0,,0.0
0P0001FB9N.BO,Nippon India Overnight Fund,10,,,,,3,,-1.9150000000000003
0P0001FB9O.BO,Nippon India Overnight Fund,10,,,,,3,,-1.935
0P0001FDY0.BO,ICICI Prudential India Opportunities Fund,10,,,,,0,,0.0
0P0001FDY1.BO,ICICI Prudential India Opportunities Fund,10,,,,,1,,-4.64
0P0001FDY3.BO,ICICI Prudential India Opportunities Fund,10,,,,,0,,0.0
0P0001FDY4.BO,ICICI Prudential India Opportunities Fund,10,,,,,1,,-5.15
0P0001FE9R.BO,WhiteOak Capital Liquid Fund,10,,,,,0,,0.0
0P0001FE9U.BO,WhiteOak Capital Liquid Fund,10,,,,,2,,-1.615
0P0001FE9W.BO,WhiteOak Capital Liquid Fund,10,,,,,3,,-1.7100000000000002
0P0001FE9Y.BO,WhiteOak Capital Liquid Fund,10,,,,,3,,-1.855
0P0001FEA0.BO,WhiteOak Capital Liquid Fund,10,,,,,0,,0.0
0P0001FEA3.BO,WhiteOak Capital Liquid Fund,10,,,,,2,,-1.67
0P0001FEA5.BO,WhiteOak Capital Liquid Fund,10,,,,,2,,-1.675
0P0001FEA7.BO,WhiteOak Capital Liquid Fund,10,,,,,3,,-1.82
0P0001FF4D.BO,Tata Balanced Advantage Fund,10,,,,,0,,0.0
0P0001FF4E.BO,Tata Balanced Advantage Fund,10,,,,,1,,1.9100000000000001
0P0001FF4H.BO,Tata Balanced Advantage Fund,10,,,,,0,,0.0
0P0001FF4I.BO,Tata Balanced Advantage Fund,10,,,,,1,,2.145
0P0001FF73.BO,LIC MF Arbitrage Fund,10,,,,,0,,0.0
0P0001FF74.BO,LIC MF Arbitrage Fund,10,,,,,1,,0.865
0P0001FF77.BO,LIC MF Arbitrage Fund,10,,,,,0,,0.0
0P0001FF78.BO,LIC MF Arbitrage Fund,10,,,,,1,,0.0
0P0001FFDY.BO,DSP Overnight Fund,10,,,,,0,,0.0
0P0001FFE2.BO,DSP Overnight Fund,10,,,,,0,,0.0
0P0001FFE3.BO,DSP Overnight Fund,10,,,,,3,,-1.855
0P0001FFW2.BO,Tata Ultra Short Term Fund,10,,,,,0,,0.0
0P0001FFW3.BO,Tata Ultra Short Term Fund,10,,,,,3,,-1.8049999999999997
0P0001FFW4.BO,Tata Ultra Short Term Fund,10,,,,,0,,0.0
0P0001FFW8.BO,Tata Ultra Short Term Fund,10,,,,,0,,0.0
0P0001FFW9.BO,Tata Ultra Short Term Fund,10,,,,,3,,-1.625
0P0001FFWA.BO,Tata Ultra Short Term Fund,10,,,,,0,,0.0
0P0001FGGV.BO,SBI Corporate Bond Fund,10,,,,,0,,0.0
0P0001FGGX.BO,SBI Corporate Bond Fund,10,,,,,1,,0.0
0P0001FGGY.BO,SBI Corporate Bond Fund,10,,,,,1,,0.0
0P0001FGH1.BO,SBI Corporate Bond Fund,10,,,,,0,,0.0
0P0001FGH3.BO,SBI Corporate Bond Fund,10,,,,,1,,0.0
0P0001FGH4.BO,SBI Corporate Bond Fund,10,,,,,1,,0.0
0P0001FHX1.BO,BANDHAN Overnight Fund,10,,,,,0,,0.0
0P0001FHX3.BO,BANDHAN Overnight Fund,10,,,,,0,,0.0
0P0001FHXA.BO,BANDHAN Overnight Fund,10,,,,,4,,-1.885
0P0001FHXE.BO,BANDHAN Overnight Fund,10,,,,,3,,-1.8850000000000002
0P0001FHXJ.BO,BANDHAN Overnight Fund,10,,,,,0,,0.0
0P0001FHXM.BO,BANDHAN Overnight Fund,10,,,,,0,,0.0
0P0001FI59.BO,Edelweiss Small Cap Fund,10,,,,,0,,0.0
0P0001FI5A.BO,Edelweiss Small Cap Fund,10,,,,,2,,0.0
0P0001FI5D.BO,Edelweiss Small Cap Fund,10,,,,,0,,0.0
0P0001FI5E.BO,Edelweiss Small Cap Fund,10,,,,,2,,0.0
0P0001FI71.BO,Motilal Oswal Liquid Fund,10,,,,,4,,-2.375
0P0001FI73.BO,Motilal Oswal Liquid Fund,10,,,,,2,,-4.125
0P0001FI78.BO,Motilal Oswal Liquid Fund,10,,,,,4,,-2.34
0P0001FI7A.BO,Motilal Oswal Liquid Fund,10,,,,,1,,-4.005000000000001
0P0001FI7P.BO,Edelweiss Liquid Fund,10,,,,,0,,0.0
0P0001FI85.BO,Kotak Overnight Fund,10,,,,,0,,0.0
0P0001FI89.BO,Kotak Overnight Fund,10,,,,,0,,0.0
0P0001FIIV.BO,ADITYA BIRLA SUN LIFE BAL BHAVISHYA YOJNA,10,,,,,0,,0.0
0P0001FIIW.BO,ADITYA BIRLA SUN LIFE BAL BHAVISHYA YOJNA,10,,,,,1,,-0.3150000000000004
0P0001FIIY.BO,ADITYA BIRLA SUN LIFE BAL BHAVISHYA YOJNA,10,,,,,1,,-0.31000000000000005
0P0001FIJ4.BO,ADITYA BIRLA SUN LIFE BAL BHAVISHYA YOJNA,10,,,,,0,,0.0
0P0001FINX.BO,BANDHAN Overnight Fund,10,,,,,3,,-2.455
0P0001FINY.BO,BANDHAN Overnight Fund,10,,,,,3,,-2.9050000000000002
0P0001FINZ.BO,BANDHAN Overnight Fund,10,,,,,5,,-1.675
0P0001FK9B.BO,Union Arbitrage Fund,10,,,,,0,,0.0
0P0001FK9C.BO,Union Arbitrage Fund,10,,,,,1,,0.0
0P0001FK9F.BO,Union Arbitrage Fund,10,,,,,0,,0.0
0P0001FK9G.BO,Union Arbitrage Fund,10,,,,,1,,0.0
0P0001FKEE.BO,Canara Robeco Small Cap Fund,10,,,,,0,,0.0
0P0001FKEF.BO,Canara Robeco Small Cap Fund,10,,,,,3,,1.1050000000000002
0P0001FKEH.BO,Canara Robeco Small Cap Fund,10,,,,,0,,0.0
0P0001FKEI.BO,Canara Robeco Small Cap Fund,10,,,,,3,,1.095
0P0001FKZ6.BO,LIC MF Healthcare Fund,10,,,,,0,,0.0
0P0001FKZ7.BO,LIC MF Healthcare Fund,10,,,,,0,,0.0
0P0001FKZA.BO,LIC MF Healthcare Fund,10,,,,,0,,0.0
0P0001FKZB.BO,LIC MF Healthcare Fund,10,,,,,0,,0.0
0P0001FT0U.BO,ICICI Prudential Retirement Fund Pure Equity Plan,10,,,,,0,,0.0
0P0001FT0V.BO,ICICI Prudential Retirement Fund Pure Equity Plan,10,,,,,0,,0.0
0P0001FT0W.BO,ICICI Prudential Retirement Fund Pure Equity Plan,10,,,,,0,,0.0
0P0001FT0X.BO,ICICI Prudential Retirement Fund Pure Equity Plan,10,,,,,0,,0.0
0P0001FT0Y.BO,ICICI Prudential Retirement Fund Hybrid Conservative Plan,10,,,,,0,,0.0
0P0001FT0Z.BO,ICICI Prudential Retirement Fund Hybrid Conservative Plan,10,,,,,0,,0.0
0P0001FT10.BO,ICICI Prudential Retirement Fund Hybrid Conservative Plan,10,,,,,0,,0.0
0P0001FT11.BO,ICICI Prudential Retirement Fund Hybrid Conservative Plan,10,,,,,0,,0.0
0P0001FT12.BO,ICICI Prudential Retirement Fund Pure Debt Plan,10,,,,,0,,0.0
0P0001FT13.BO,ICICI Prudential Retirement Fund Pure Debt Plan,10,,,,,0,,0.0
0P0001FT14.BO,ICICI Prudential Retirement Fund Pure Debt Plan,10,,,,,0,,0.0
0P0001FT15.BO,ICICI Prudential Retirement Fund Pure Debt Plan,10,,,,,0,,0.0
0P0001FT1C.BO,ICICI Prudential Retirement Fund Hybrid Aggressive Plan,10,,,,,0,,0.0
0P0001FT1D.BO,ICICI Prudential Retirement Fund Hybrid Aggressive Plan,10,,,,,0,,0.0
0P0001FT1E.BO,ICICI Prudential Retirement Fund Hybrid Aggressive Plan,10,,,,,0,,0.0
0P0001FT1F.BO,ICICI Prudential Retirement Fund Hybrid Aggressive Plan,10,,,,,0,,0.0
0P0001FTFG.BO,DSP Nifty 50 Index Fund,10,,,,,0,,0.0
0P0001FTFI.BO,DSP Nifty 50 Index Fund,10,,,,,2,,-2.565
0P0001FTFJ.BO,DSP Nifty 50 Index Fund,10,,,,,0,,0.0
0P0001FTFK.BO,DSP Nifty 50 Index Fund,10,,,,,2,,-2.58
0P0001FTFQ.BO,DSP Nifty Next 50 Index Fund,10,,,,,0,,0.0
0P0001FTFR.BO,DSP Nifty Next 50 Index Fund,10,,,,,2,,-2.54
0P0001FTFS.BO,DSP Nifty Next 50 Index Fund,10,,,,,0,,0.0
0P0001FTFT.BO,DSP Nifty Next 50 Index Fund,10,,,,,2,,-2.59
0P0001FU1W.BO,Invesco India Equity Savings Fund,10,,,,,0,,0.0
0P0001FU1X.BO,Invesco India Equity Savings Fund,10,,,,,0,,0.0
0P0001FU1Z.BO,Invesco India Equity Savings Fund,10,,,,,0,,0.0
0P0001FU20.BO,Invesco India Equity Savings Fund,10,,,,,0,,0.0
0P0001FV9W.BO,Aditya Birla Sun Life Retirement Fund-The 30s Plan,10,,,,,2,,-0.17000000000000082
0P0001FV9Y.BO,Aditya Birla Sun Life Retirement Fund-The 30s Plan,10,,,,,0,,0.0
0P0001FV9Z.BO,Aditya Birla Sun Life Retirement Fund-The 30s Plan,10,,,,,2,,-0.1850000000000005
0P0001FVA1.BO,Aditya Birla Sun Life Retirement Fund-The 30s Plan,10,,,,,0,,0.0
0P0001FVA2.BO,Aditya Birla Sun Life Retirement Fund-The 40s Plan,10,,,,,1,,-0.14500000000000002
0P0001FVA4.BO,Aditya Birla Sun Life Retirement Fund-The 40s Plan,10,,,,,0,,0.0
0P0001FVA5.BO,Aditya Birla Sun Life Retirement Fund-The 40s Plan,10,,,,,2,,-0.16000000000000014
0P0001FVA7.BO,Aditya Birla Sun Life Retirement Fund-The 40s Plan,10,,,,,0,,0.0
0P0001FVA8.BO,Aditya Birla Sun Life Retirement Fund-The 50s Plan,10,,,,,1,,-0.004999999999999893
0P0001FVAA.BO,Aditya Birla Sun Life Retirement Fund-The 50s Plan,10,,,,,0,,0.0
0P0001FVAB.BO,Aditya Birla Sun Life Retirement Fund-The 50s Plan,10,,,,,1,,-0.019999999999999574
0P0001FVAD.BO,Aditya Birla Sun Life Retirement Fund-The 50s Plan,10,,,,,0,,0.0
0P0001FVAE.BO,Aditya Birla Sun Life Retirement Fund-The 50s Plus-Debt Plan,10,,,,,1,,-3.63
0P0001FVAG.BO,Aditya Birla Sun Life Retirement Fund-The 50s Plus-Debt Plan,10,,,,,0,,0.0
0P0001FVAH.BO,Aditya Birla Sun Life Retirement Fund-The 50s Plus-Debt Plan,10,,,,,1,,-1.0349999999999997
0P0001FVAJ.BO,Aditya Birla Sun Life Retirement Fund-The 50s Plus-Debt Plan,10,,,,,0,,0.0
0P0001FVNI.BO,Nippon India Nifty Next 50 Junior BeES FoF,10,,,,,0,,0.0
0P0001FVNJ.BO,Nippon India Nifty Next 50 Junior BeES FoF,10,,,,,0,,0.0
0P0001FVNL.BO,Nippon India Nifty Next 50 Junior BeES FoF,10,,,,,0,,0.0
0P0001FVNM.BO,Nippon India Nifty Next 50 Junior BeES FoF,10,,,,,0,,0.0
0P0001GXTR.BO,Mahindra Manulife Large Cap Fund,10,,,,,0,,0.0
0P0001GXTS.BO,Mahindra Manulife Large Cap Fund,10,,,,,1,,-2.755
0P0001GXTU.BO,Mahindra Manulife Large Cap Fund,10,,,,,0,,0.0
0P0001GXTV.BO,Mahindra Manulife Large Cap Fund,10,,,,,1,,-3.12
0P0001GZMA.BO,Edelweiss Banking and PSU Debt Fund,10,,,,,2,,-1.7249999999999999
0P0001H0VM.BO,SBI Equity Minimum Variance Fund,10,,,,,0,,0.0
0P0001H0VN.BO,SBI Equity Minimum Variance Fund,10,,,,,0,,0.0
0P0001H0VP.BO,SBI Equity Minimum Variance Fund,10,,,,,0,,0.0
0P0001H0VQ.BO,SBI Equity Minimum Variance Fund,10,,,,,0,,0.0
0P0001H11S.BO,BANDHAN FIXED TERM PLAN SERIES - 179 (3652 DAYS),10,,,,,0,,0.0
0P0001H11W.BO,BANDHAN FIXED TERM PLAN SERIES - 179 (3652 DAYS),10,,,,,0,,0.0
0P0001H11Z.BO,BANDHAN FIXED TERM PLAN SERIES - 179 (3652 DAYS),10,,,,,2,,0.0
0P0001H1D2.BO,HSBC Corporate Bond Fund,10,,,,,1,,-4.07
0P0001H1V6.BO,ICICI Prudential Fixed Maturity Plan - Series 85 - 10 Years Plan I,10,,,,,0,,0.0
0P0001H1V7.BO,ICICI Prudential Fixed Maturity Plan - Series 85 - 10 Years Plan I,10,,,,,0,,0.0
0P0001H273.BO,HSBC Large & Mid Cap Fund,10,,,,,0,,0.0
0P0001H274.BO,HSBC Large & Mid Cap Fund,10,,,,,2,,-4.53
0P0001H276.BO,HSBC Large & Mid Cap Fund,10,,,,,0,,0.0
0P0001H277.BO,HSBC Large & Mid Cap Fund,10,,,,,2,,-4.515
0P0001H3BH.BO,Sundaram Overnight Fund,10,,,,,0,,0.0
0P0001H3BN.BO,Sundaram Overnight Fund,10,,,,,0,,0.0
0P0001H3BO.BO,Sundaram Overnight Fund,10,,,,,4,,-3.1749999999999994
0P0001H3OK.BO,Tata Overnight Fund,10,,,,,0,,0.0
0P0001H3OM.BO,Tata Overnight Fund,10,,,,,0,,0.0
0P0001H4ZR.BO,ICICI Prudential Bharat Consumption Fund,10,,,,,0,,0.0
0P0001H4ZV.BO,ICICI Prudential Bharat Consumption Fund,10,,,,,2,,-5.02
0P0001H505.BO,ICICI Prudential Bharat Consumption Fund,10,,,,,0,,0.0
0P0001H507.BO,ICICI Prudential Bharat Consumption Fund,10,,,,,2,,-5.45
0P0001H5BC.BO,Union Overnight Fund,10,,,,,3,,-1.9249999999999998
0P0001H5BK.BO,Union Overnight Fund,10,,,,,0,,0.0
0P0001H5BL.BO,Union Overnight Fund,10,,,,,3,,-1.8950000000000002
0P0001H5BQ.BO,SBI Fixed Maturity Plan (FMP) - Series 1 (3668 Days),10,,,,,0,,0.0
0P0001H5BR.BO,SBI Fixed Maturity Plan (FMP) - Series 1 (3668 Days),10,,,,,0,,0.0
0P0001H5BS.BO,SBI Fixed Maturity Plan (FMP) - Series 1 (3668 Days),10,,,,,0,,0.0
0P0001H5BT.BO,SBI Fixed Maturity Plan (FMP) - Series 1 (3668 Days),10,,,,,0,,0.0
0P0001H6OJ.BO,Nippon India Fixed Maturity Plan - XLI - Series 8,10,,,,,0,,0.0
0P0001H6OL.BO,Nippon India Fixed Maturity Plan - XLI - Series 8,10,,,,,0,,0.0
0P0001H6OM.BO,Nippon India Fixed Maturity Plan - XLI - Series 8,10,,,,,0,,0.0
0P0001H6ON.BO,Nippon India Fixed Maturity Plan - XLI - Series 8,10,,,,,0,,0.0
0P0001HABX.BO,BANDHAN EQUITY SAVINGS FUND,10,,,,,6,,-1.53
0P0001HBUT.BO,Mirae Asset Focused Fund,10,,,,,0,,0.0
0P0001HBUU.BO,Mirae Asset Focused Fund,10,,,,,1,,0.0
0P0001HBUW.BO,Mirae Asset Focused Fund,10,,,,,0,,0.0
0P0001HBUX.BO,Mirae Asset Focused Fund,10,,,,,1,,0.0
0P0001HCBK.BO,ITI Liquid Fund,10,,,,,0,,0.0
0P0001HCBM.BO,ITI Liquid Fund,10,,,,,4,,-1.8399999999999999
0P0001HCBN.BO,ITI Liquid Fund,10,,,,,0,,0.0
0P0001HCBT.BO,ITI Liquid Fund,10,,,,,0,,0.0
0P0001HCBU.BO,ITI Liquid Fund,10,,,,,3,,-2.92
0P0001HCBV.BO,ITI Liquid Fund,10,,,,,3,,-0.63
0P0001HCBW.BO,ITI Liquid Fund,10,,,,,0,,0.0
0P0001HCLP.BO,ITI Multi Cap Fund,10,,,,,1,,0.0
0P0001HCLR.BO,ITI Multi Cap Fund,10,,,,,0,,0.0
0P0001HCLS.BO,ITI Multi Cap Fund,10,,,,,1,,0.0
0P0001HCLU.BO,ITI Multi Cap Fund,10,,,,,0,,0.0
0P0001HD50.BO,Edelweiss Gilt Fund,10,,,,,2,,-3.8349999999999995
0P0001HFHN.BO,Franklin India Overnight Fund,10,,,,,4,,-1.8350000000000002
0P0001HFHO.BO,Franklin India Overnight Fund,10,,,,,0,,0.0
0P0001HFHR.BO,Franklin India Overnight Fund,10,,,,,4,,-1.8250000000000002
0P0001HFHS.BO,Franklin India Overnight Fund,10,,,,,0,,0.0
0P0001HFQ1.BO,SBI Fixed Maturity Plan (FMP) - Series 6 (3668 Days),10,,,,,0,,0.0
0P0001HFQ2.BO,SBI Fixed Maturity Plan (FMP) - Series 6 (3668 Days),10,,,,,0,,0.0
0P0001HFQ3.BO,SBI Fixed Maturity Plan (FMP) - Series 6 (3668 Days),10,,,,,0,,0.0
0P0001HFQ4.BO,SBI Fixed Maturity Plan (FMP) - Series 6 (3668 Days),10,,,,,0,,0.0
0P0001HFQU.BO,Edelweiss Gilt Fund,10,,,,,1,,3.375
0P0001HGC3.BO,Kotak Floating Interest Rates Fund,10,,,,,0,,0.0
0P0001HGC6.BO,Kotak Floating Interest Rates Fund,10,,,,,0,,0.0
0P0001HO3G.BO,ICICI Prudential MNC Fund,10,,,,,2,,-5.125
0P0001HO3I.BO,ICICI Prudential MNC Fund,10,,,,,0,,0.0
0P0001HO3J.BO,ICICI Prudential MNC Fund,10,,,,,2,,-4.67
0P0001HO3L.BO,ICICI Prudential MNC Fund,10,,,,,0,,0.0
0P0001HRGV.BO,Shriram Balanced Advantage Fund,10,,,,,0,,0.0
0P0001HRGX.BO,Shriram Balanced Advantage Fund,10,,,,,0,,0.0
0P0001HRGZ.BO,Shriram Balanced Advantage Fund,10,,,,,0,,0.0
0P0001HRH0.BO,Shriram Balanced Advantage Fund,10,,,,,0,,0.0
0P0001HSQ7.BO,Aditya Birla Sun Life Pharma and Healthcare Fund,10,,,,,2,,-4.185
0P0001HSQ9.BO,Aditya Birla Sun Life Pharma and Healthcare Fund,10,,,,,0,,0.0
0P0001HSQA.BO,Aditya Birla Sun Life Pharma and Healthcare Fund,10,,,,,1,,-4.185
0P0001HSQC.BO,Aditya Birla Sun Life Pharma and Healthcare Fund,10,,,,,0,,0.0
0P0001HUEB.BO,QUANTUM ESG BEST IN CLASS STRATEGY FUND,10,,,,,0,,0.0
0P0001HUEC.BO,QUANTUM ESG BEST IN CLASS STRATEGY FUND,10,,,,,0,,0.0
0P0001HVTK.BO,BANDHAN EQUITY SAVINGS FUND,10,,,,,5,,-1.525
0P0001HVXA.BO,Kotak Focused Fund,10,,,,,0,,0.0
0P0001HVXC.BO,Kotak Focused Fund,10,,,,,0,,0.0
0P0001HVXD.BO,Kotak Focused Fund,10,,,,,0,,0.0
0P0001HVXF.BO,Kotak Focused Fund,10,,,,,0,,0.0
0P0001HXMB.BO,Mahindra Manulife Aggressive Hybrid Fund,10,,,,,0,,0.0
0P0001HXMC.BO,Mahindra Manulife Aggressive Hybrid Fund,10,,,,,2,,-0.675
0P0001HXME.BO,Mahindra Manulife Aggressive Hybrid Fund,10,,,,,0,,0.0
0P0001HXMF.BO,Mahindra Manulife Aggressive Hybrid Fund,10,,,,,2,,-0.6799999999999997
0P0001HYZ5.BO,Union Focused Fund,10,,,,,0,,0.0
0P0001HYZ6.BO,Union Focused Fund,10,,,,,1,,6.6850000000000005
0P0001HYZ9.BO,Union Focused Fund,10,,,,,0,,0.0
0P0001HYZA.BO,Union Focused Fund,10,,,,,1,,7.175
0P0001HZ16.BO,Parag Parikh ELSS Tax Saver Fund,10,,,,,0,,0.0
0P0001HZ17.BO,Parag Parikh ELSS Tax Saver Fund,10,,,,,0,,0.0
0P0001HZ18.BO,Baroda BNP Paribas Equity Savings Fund,10,,,,,0,,0.0
0P0001HZ1B.BO,Baroda BNP Paribas Equity Savings Fund,10,,,,,0,,0.0
0P0001HZL9.BO,Mirae Asset Midcap Fund,10,,,,,1,,-4.05
0P0001HZLB.BO,Mirae Asset Midcap Fund,10,,,,,0,,0.0
0P0001HZLC.BO,Mirae Asset Midcap Fund,10,,,,,3,,-4.04
0P0001HZLE.BO,Mirae Asset Midcap Fund,10,,,,,0,,0.0
0P0001I1CX.BO,LIC MF Overnight Fund,10,,,,,0,,0.0
0P0001I1CY.BO,LIC MF Overnight Fund,10,,,,,0,,0.0
0P0001I1D2.BO,LIC MF Overnight Fund,10,,,,,0,,0.0
0P0001I1D3.BO,LIC MF Overnight Fund,10,,,,,0,,0.0
0P0001I1NF.BO,ITI ELSS Tax Saver Fund,10,,,,,0,,0.0
0P0001I1NG.BO,ITI ELSS Tax Saver Fund,10,,,,,1,,0.0
0P0001I1NH.BO,ITI ELSS Tax Saver Fund,10,,,,,0,,0.0
0P0001I1NI.BO,ITI ELSS Tax Saver Fund,10,,,,,1,,0.0
0P0001I2LT.BO,Canara Robeco Liquid Fund,10,,0.0,,,0,,0.0
0P0001I2M5.BO,Navi Liquid Fund,10,,0.0,,,0,,0.0
0P0001I2M6.BO,Navi Liquid Fund,10,,0.0,,,0,,0.0
0P0001I2M7.BO,Franklin India Liquid Fund,10,,0.0,,,0,,0.0
0P0001I2M8.BO,Franklin India Liquid Fund,10,,0.0,,,0,,0.0
0P0001I2MF.BO,BANDHAN LIQUID Fund,10,,0.0,,,0,,0.0
0P0001I2MG.BO,BANDHAN LIQUID Fund,10,,0.0,,,0,,0.0
0P0001I2MH.BO,BANDHAN LIQUID Fund,10,,0.0,,,0,,0.0
0P0001I2MI.BO,BANDHAN LIQUID Fund,10,,0.0,,,0,,0.0
0P0001I38H.BO,Mahindra Manulife Overnight Fund,10,,,,,0,,0.0
0P0001I38J.BO,Mahindra Manulife Overnight Fund,10,,,,,0,,0.0
0P0001I39G.BO,Edelweiss Overnight Fund,10,,,,,0,,0.0
0P0001I39N.BO,Edelweiss Overnight Fund,10,,,,,3,,-1.905
0P0001I39O.BO,Edelweiss Overnight Fund,10,,,,,1,,2.545
0P0001I39X.BO,Edelweiss Overnight Fund,10,,,,,0,,0.0
0P0001I3A3.BO,Edelweiss Overnight Fund,10,,,,,2,,-1.9100000000000001
0P0001I3A4.BO,Edelweiss Overnight Fund,10,,,,,4,,-1.8900000000000001
0P0001I3A5.BO,Edelweiss Overnight Fund,10,,,,,1,,2.555
0P0001I7G7.BO,PGIM India Overnight Fund,10,,,,,0,,0.0
0P0001I7G8.BO,PGIM India Overnight Fund,10,,,,,5,,-4.875
0P0001I7GB.BO,PGIM India Overnight Fund,10,,,,,0,,0.0
0P0001I7GC.BO,PGIM India Overnight Fund,10,,,,,5,,-1.9449999999999996
0P0001IAU3.BO,Motilal Oswal Nifty 500 Index Fund,10,,,,,0,,0.0
0P0001IAU4.BO,Motilal Oswal Nifty 500 Index Fund,10,,,,,0,,0.0
0P0001IAU5.BO,Motilal Oswal Nifty Bank Index Fund,10,,,,,0,,0.0
0P0001IAU6.BO,Motilal Oswal Nifty Bank Index Fund,10,,,,,0,,0.0
0P0001IAU9.BO,Motilal Oswal Nifty Midcap 150 Index Fund,10,,,,,0,,0.0
0P0001IAUA.BO,Motilal Oswal Nifty Midcap 150 Index Fund,10,,,,,0,,0.0
0P0001IAUC.BO,Motilal Oswal Nifty Smallcap 250 Index Fund,10,,,,,0,,0.0
0P0001IAUD.BO,Motilal Oswal Nifty Smallcap 250 Index Fund,10,,,,,0,,0.0
0P0001IBG8.BO,ITI Arbitrage Fund,10,,,,,0,,0.0
0P0001IBG9.BO,ITI Arbitrage Fund,10,,,,,0,,0.0
0P0001IBGB.BO,ITI Arbitrage Fund,10,,,,,0,,0.0
0P0001IBGC.BO,ITI Arbitrage Fund,10,,,,,0,,0.0
0P0001IESN.BO,Franklin India Liquid Fund,10,,,,,0,,0.0
0P0001IESO.BO,Franklin India Liquid Fund,10,,,,,0,,0.0
0P0001IFVL.BO,ICICI Prudential Global Advantage Fund (FOF),10,,,,,0,,0.0
0P0001IFVM.BO,ICICI Prudential Global Advantage Fund (FOF),10,,,,,0,,0.0
0P0001IFVO.BO,ICICI Prudential Global Advantage Fund (FOF),10,,,,,0,,0.0
0P0001IFVP.BO,ICICI Prudential Global Advantage Fund (FOF),10,,,,,0,,0.0
0P0001IHAY.BO,ICICI Prudential Commodities Fund,10,,,,,1,,-4.09
0P0001IHAZ.BO,ICICI Prudential Commodities Fund,10,,,,,0,,0.0
0P0001IHB1.BO,ICICI Prudential Commodities Fund,10,,,,,1,,-4.46
0P0001IHB2.BO,ICICI Prudential Commodities Fund,10,,,,,0,,0.0
0P0001IHHI.BO,Axis Nifty 100 Index Fund,10,,,,,0,,0.0
0P0001IHHJ.BO,Axis Nifty 100 Index Fund,10,,,,,1,,0.0
0P0001IHHL.BO,Axis Nifty 100 Index Fund,10,,,,,0,,0.0
0P0001IHHM.BO,Axis Nifty 100 Index Fund,10,,,,,1,,0.0
0P0001II3X.BO,Motilal Oswal Large and Midcap Fund,10,,,,,0,,0.0
0P0001II3Y.BO,Motilal Oswal Large and Midcap Fund,10,,,,,1,,-3.3299999999999996
0P0001II40.BO,Motilal Oswal Large and Midcap Fund,10,,,,,0,,0.0
0P0001II41.BO,Motilal Oswal Large and Midcap Fund,10,,,,,1,,-3.575
0P0001IJSF.BO,Kotak Pioneer Fund,10,,,,,0,,0.0
0P0001IJSG.BO,Kotak Pioneer Fund,10,,,,,0,,0.0
0P0001IJSI.BO,Kotak Pioneer Fund,10,,,,,0,,0.0
0P0001IJSJ.BO,Kotak Pioneer Fund,10,,,,,0,,0.0
0P0001IK1C.BO,ITI Overnight Fund,10,,,,,0,,0.0
0P0001IK1E.BO,ITI Overnight Fund,10,,,,,4,,-1.91
0P0001IK1L.BO,ITI Overnight Fund,10,,,,,0,,0.0
0P0001IK1M.BO,ITI Overnight Fund,10,,,,,2,,-1.9049999999999998
0P0001IK1N.BO,ITI Overnight Fund,10,,,,,4,,-1.0950000000000002
0P0001IPOX.BO,Union Large & Midcap Fund,10,,,,,0,,0.0
0P0001IPOY.BO,Union Large & Midcap Fund,10,,,,,0,,0.0
0P0001IPP1.BO,Union Large & Midcap Fund,10,,,,,0,,0.0
0P0001IPP2.BO,Union Large & Midcap Fund,10,,,,,0,,0.0
0P0001IQ8I.BO,Tata Focused Fund,10,,,,,0,,0.0
0P0001IQ8J.BO,Tata Focused Fund,10,,,,,1,,1.99
0P0001IQ8M.BO,Tata Focused Fund,10,,,,,0,,0.0
0P0001IQ8N.BO,Tata Focused Fund,10,,,,,1,,2.22
0P0001IU3D.BO,Axis Retirement Fund - Aggressive Plan,10,,,,,1,,4.345
0P0001IU3E.BO,Axis Retirement Fund - Aggressive Plan,10,,,,,0,,0.0
0P0001IU3F.BO,Axis Retirement Fund - Aggressive Plan,10,,,,,1,,4.355
0P0001IU3G.BO,Axis Retirement Fund - Aggressive Plan,10,,,,,0,,0.0
0P0001IU3H.BO,Axis Retirement Fund - Conservative Plan,10,,,,,1,,4.285
0P0001IU3I.BO,Axis Retirement Fund - Conservative Plan,10,,,,,0,,0.0
0P0001IU3J.BO,Axis Retirement Fund - Conservative Plan,10,,,,,1,,4.265
0P0001IU3K.BO,Axis Retirement Fund - Conservative Plan,10,,,,,0,,0.0
0P0001IU3L.BO,Axis Retirement Fund - Dynamic Plan,10,,,,,1,,4.36
0P0001IU3M.BO,Axis Retirement Fund - Dynamic Plan,10,,,,,0,,0.0
0P0001IU3N.BO,Axis Retirement Fund - Dynamic Plan,10,,,,,1,,4.38
0P0001IU3O.BO,Axis Retirement Fund - Dynamic Plan,10,,,,,0,,0.0
0P0001IUCB.BO,Mahindra Manulife Large & Mid Cap Fund,10,,,,,0,,0.0
0P0001IUCC.BO,Mahindra Manulife Large & Mid Cap Fund,10,,,,,1,,-2.335
0P0001IUCE.BO,Mahindra Manulife Large & Mid Cap Fund,10,,,,,0,,0.0
0P0001IUCF.BO,Mahindra Manulife Large & Mid Cap Fund,10,,,,,1,,-2.58
0P0001IUFU.BO,Motilal Oswal Nifty 50 Index Fund,10,,,,,0,,0.0
0P0001IUFV.BO,Motilal Oswal Nifty 50 Index Fund,10,,,,,0,,0.0
0P0001IUFX.BO,Motilal Oswal Nifty Next 50 Index Fund,10,,,,,0,,0.0
0P0001IUFY.BO,Motilal Oswal Nifty Next 50 Index Fund,10,,,,,0,,0.0
0P0001IV91.BO,ITI Balanced Advantage Fund,10,,,,,0,,0.0
0P0001IV92.BO,ITI Balanced Advantage Fund,10,,,,,2,,-3.59
0P0001IV94.BO,ITI Balanced Advantage Fund,10,,,,,0,,0.0
0P0001IV95.BO,ITI Balanced Advantage Fund,10,,,,,2,,-3.575
0P0001IV9U.BO,Aditya Birla Sun Life PSU Equity Fund,10,,,,,2,,-3.6099999999999994
0P0001IV9V.BO,Aditya Birla Sun Life PSU Equity Fund,10,,,,,0,,0.0
0P0001IV9W.BO,Aditya Birla Sun Life PSU Equity Fund,10,,,,,3,,-3.5949999999999998
0P0001J2JP.BO,Axis Income Plus Arbitrage Omni FOF,10,,,,,1,,-0.98
0P0001J2JR.BO,Axis Income Plus Arbitrage Omni FOF,10,,,,,0,,0.0
0P0001J2JS.BO,Axis Income Plus Arbitrage Omni FOF,10,,,,,2,,-2.215
0P0001J2JU.BO,Axis Income Plus Arbitrage Omni FOF,10,,,,,0,,0.0
0P0001J2JW.BO,Axis Income Plus Arbitrage Omni FOF,10,,,,,2,,-0.5149999999999999
0P0001J2JY.BO,Axis Income Plus Arbitrage Omni FOF,10,,,,,1,,-0.91
0P0001J2K0.BO,Axis Income Plus Arbitrage Omni FOF,10,,,,,1,,-0.995
0P0001J2K2.BO,Axis Income Plus Arbitrage Omni FOF,10,,,,,0,,0.0
0P0001J2K3.BO,Axis Income Plus Arbitrage Omni FOF,10,,,,,2,,-3.37
0P0001J2K5.BO,Axis Income Plus Arbitrage Omni FOF,10,,,,,0,,0.0
0P0001J2K7.BO,Axis Income Plus Arbitrage Omni FOF,10,,,,,2,,-1.395
0P0001J2K9.BO,Axis Income Plus Arbitrage Omni FOF,10,,,,,1,,-0.925
0P0001J414.BO,Axis ESG Integration Strategy Fund,10,,,,,0,,0.0
0P0001J415.BO,Axis ESG Integration Strategy Fund,10,,,,,3,,-4.47
0P0001J417.BO,Axis ESG Integration Strategy Fund,10,,,,,0,,0.0
0P0001J418.BO,Axis ESG Integration Strategy Fund,10,,,,,1,,-4.46
0P0001J49Z.BO,ITI Small Cap Fund,10,,,,,0,,0.0
0P0001J4A0.BO,ITI Small Cap Fund,10,,,,,1,,0.0
0P0001J4A2.BO,ITI Small Cap Fund,10,,,,,0,,0.0
0P0001J4A3.BO,ITI Small Cap Fund,10,,,,,1,,0.0
0P0001J5J8.BO,BANK OF INDIA OVERNIGHT FUND,10,,,,,0,,0.0
0P0001J5JA.BO,BANK OF INDIA OVERNIGHT FUND,10,,,,,4,,-1.555
0P0001J5JD.BO,BANK OF INDIA OVERNIGHT FUND,10,,,,,0,,0.0
0P0001J5JF.BO,BANK OF INDIA OVERNIGHT FUND,10,,,,,2,,-1.8699999999999999
0P0001J6FU.BO,BANDHAN Small Cap Fund,10,,,,,0,,0.0
0P0001J6FV.BO,BANDHAN Small Cap Fund,10,,,,,2,,-3.9599999999999995
0P0001J6FX.BO,BANDHAN Small Cap Fund,10,,,,,0,,0.0
0P0001J6FY.BO,BANDHAN Small Cap Fund,10,,,,,2,,-3.9349999999999996
0P0001J6ZT.BO,ICICI Prudential Diversified Equity All Cap Omni FOF,10,,,,,1,,0.0
0P0001J6ZV.BO,ICICI Prudential Diversified Equity All Cap Omni FOF,10,,,,,0,,0.0
0P0001J6ZW.BO,ICICI Prudential Diversified Equity All Cap Omni FOF,10,,,,,1,,0.0
0P0001J6ZY.BO,ICICI Prudential Diversified Equity All Cap Omni FOF,10,,,,,0,,0.0
0P0001J83X.BO,Bandhan Banking and PSU Debt Fund,10,,,,,5,,-3.845
0P0001J938.BO,Edelweiss US Technology Equity Fund of Fund,10,,,,,0,,0.0
0P0001J939.BO,Edelweiss US Technology Equity Fund of Fund,10,,,,,0,,0.0
0P0001J95I.BO,Tata Multi Asset Allocation Fund,10,,,,,0,,0.0
0P0001J95J.BO,Tata Multi Asset Allocation Fund,10,,,,,0,,0.0
0P0001J95L.BO,Tata Multi Asset Allocation Fund,10,,,,,0,,0.0
0P0001J95M.BO,Tata Multi Asset Allocation Fund,10,,,,,0,,0.0
0P0001JBA6.BO,Union Midcap Fund,10,,,,,0,,0.0
0P0001JBA7.BO,Union Midcap Fund,10,,,,,0,,0.0
0P0001JBAA.BO,Union Midcap Fund,10,,,,,0,,0.0
0P0001JBAB.BO,Union Midcap Fund,10,,,,,0,,0.0
0P0001JC3M.BO,PGIM India Money Market Fund,10,,,,,0,,0.0
0P0001JC3N.BO,PGIM India Money Market Fund,10,,,,,4,,-0.6400000000000001
0P0001JC3Q.BO,PGIM India Money Market Fund,10,,,,,0,,0.0
0P0001JC3R.BO,PGIM India Money Market Fund,10,,,,,3,,-2.94
0P0001JMZB.BO,Motilal Oswal S&P 500 Index Fund,10,,,,,0,,0.0
0P0001JMZC.BO,Motilal Oswal S&P 500 Index Fund,10,,,,,0,,0.0
0P0001JRZN.BO,SBI Fixed Maturity Plan (FMP) - Series 34 (3682 Days),10,,,,,0,,0.0
0P0001JRZO.BO,SBI Fixed Maturity Plan (FMP) - Series 34 (3682 Days),10,,,,,0,,0.0
0P0001JRZP.BO,SBI Fixed Maturity Plan (FMP) - Series 34 (3682 Days),10,,,,,0,,0.0
0P0001JRZQ.BO,SBI Fixed Maturity Plan (FMP) - Series 34 (3682 Days),10,,,,,0,,0.0
0P0001K1X9.BO,Mirae Asset Arbitrage Fund,10,,,,,0,,0.0
0P0001K1XA.BO,Mirae Asset Arbitrage Fund,10,,,,,0,,0.0
0P0001K1XD.BO,Mirae Asset Arbitrage Fund,10,,,,,0,,0.0
0P0001K1XE.BO,Mirae Asset Arbitrage Fund,10,,,,,0,,0.0
0P0001K2WT.BO,BANK OF INDIA FLEXI CAP FUND,10,,,,,0,,0.0
0P0001K2WU.BO,BANK OF INDIA FLEXI CAP FUND,10,,,,,0,,0.0
0P0001K2WW.BO,BANK OF INDIA FLEXI CAP FUND,10,,,,,0,,0.0
0P0001K2WX.BO,BANK OF INDIA FLEXI CAP FUND,10,,,,,1,,0.0
0P0001K5KE.BO,HSBC Focused Fund,10,,,,,0,,0.0
0P0001K5KF.BO,HSBC Focused Fund,10,,,,,0,,0.0
0P0001K5KN.BO,HSBC Focused Fund,10,,,,,2,,4.825
0P0001K5KP.BO,HSBC Focused Fund,10,,,,,2,,0.6099999999999994
0P0001KAGP.BO,Mirae Asset Banking and PSU Debt Fund,10,,,,,0,,0.0
0P0001KAGQ.BO,Mirae Asset Banking and PSU Debt Fund,10,,,,,0,,0.0
0P0001KAGS.BO,Mirae Asset Banking and PSU Debt Fund,10,,,,,0,,0.0
0P0001KAGT.BO,Mirae Asset Banking and PSU Debt Fund,10,,,,,0,,0.0
0P0001KHB2.BO,Nippon India Multi Asset Allocation Fund,10,,,,,0,,0.0
0P0001KHB3.BO,Nippon India Multi Asset Allocation Fund,10,,,,,2,,1.215
0P0001KHB5.BO,Nippon India Multi Asset Allocation Fund,10,,,,,0,,0.0
0P0001KHB6.BO,Nippon India Multi Asset Allocation Fund,10,,,,,2,,1.32
0P0001KIOG.BO,Mahindra Manulife Arbitrage Fund,10,,,,,0,,0.0
0P0001KIOH.BO,Mahindra Manulife Arbitrage Fund,10,,,,,1,,2.255
0P0001KIOJ.BO,Mahindra Manulife Arbitrage Fund,10,,,,,0,,0.0
0P0001KIOK.BO,Mahindra Manulife Arbitrage Fund,10,,,,,1,,2.365
0P0001KJNM.BO,Baroda BNP Paribas Large and Mid Cap fund,10,,,,,0,,0.0
0P0001KJNN.BO,Baroda BNP Paribas Large and Mid Cap fund,10,,,,,1,,-4.76
0P0001KJNP.BO,Baroda BNP Paribas Large and Mid Cap fund,10,,,,,0,,0.0
0P0001KJNQ.BO,Baroda BNP Paribas Large and Mid Cap fund,10,,,,,1,,-4.73
0P0001KMUA.BO,Axis Global Equity Alpha Fund of Fund,10,,,,,0,,0.0
0P0001KMUB.BO,Axis Global Equity Alpha Fund of Fund,10,,,,,0,,0.0
0P0001KMUD.BO,Axis Global Equity Alpha Fund of Fund,10,,,,,0,,0.0
0P0001KMUE.BO,Axis Global Equity Alpha Fund of Fund,10,,,,,0,,0.0
0P0001KMZ7.BO,Invesco India Focused Fund,10,,,,,0,,0.0
0P0001KMZ8.BO,Invesco India Focused Fund,10,,,,,1,,-5.615
0P0001KMZA.BO,Invesco India Focused Fund,10,,,,,0,,0.0
0P0001KMZB.BO,Invesco India Focused Fund,10,,,,,1,,-6.02
0P0001KMZD.BO,Mirae Asset Diversified Equity Allocator Passive FOF,10,,,,,0,,0.0
0P0001KMZE.BO,Mirae Asset Diversified Equity Allocator Passive FOF,10,,,,,0,,0.0
0P0001KMZG.BO,Mirae Asset Diversified Equity Allocator Passive FOF,10,,,,,0,,0.0
0P0001KMZH.BO,Mirae Asset Diversified Equity Allocator Passive FOF,10,,,,,0,,0.0
0P0001KN71.BO,Sundaram Large Cap Fund ( Formerly Know as Sundaram Blue Chip Fund),10,,,,,0,,0.0
0P0001KN72.BO,Sundaram Large Cap Fund ( Formerly Know as Sundaram Blue Chip Fund),10,,,,,1,,-0.825
0P0001KN75.BO,Sundaram Large Cap Fund ( Formerly Know as Sundaram Blue Chip Fund),10,,,,,0,,0.0
0P0001KN76.BO,Sundaram Large Cap Fund ( Formerly Know as Sundaram Blue Chip Fund),10,,,,,1,,-0.8249999999999997
0P0001KO9E.BO,SBI Children's Fund - Investment Plan,10,,,,,0,,0.0
0P0001KO9F.BO,SBI Children's Fund - Investment Plan,10,,,,,0,,0.0
0P0001KQGM.BO,ICICI Prudential ESG Exclusionary Strategy Fund,10,,,,,0,,0.0
0P0001KQGN.BO,ICICI Prudential ESG Exclusionary Strategy Fund,10,,,,,1,,-4.56
0P0001KQGP.BO,ICICI Prudential ESG Exclusionary Strategy Fund,10,,,,,0,,0.0
0P0001KQGQ.BO,ICICI Prudential ESG Exclusionary Strategy Fund,10,,,,,1,,-4.865
0P0001KR2R.BO,Nippon India Nifty Smallcap 250 Index Fund,10,,,,,0,,0.0
0P0001KR2S.BO,Nippon India Nifty Smallcap 250 Index Fund,10,,,,,0,,0.0
0P0001KR2U.BO,Nippon India Nifty Smallcap 250 Index Fund,10,,,,,0,,0.0
0P0001KR2V.BO,Nippon India Nifty Smallcap 250 Index Fund,10,,,,,0,,0.0
0P0001KSS8.BO,ITI Banking & PSU Debt Fund,10,,,,,0,,0.0
0P0001KSS9.BO,ITI Banking & PSU Debt Fund,10,,,,,0,,0.0
0P0001KSSB.BO,ITI Banking & PSU Debt Fund,10,,,,,0,,0.0
0P0001KSSC.BO,ITI Banking & PSU Debt Fund,10,,,,,0,,0.0
0P0001KU1C.BO,Aditya Birla Sun Life Special Opportunities Fund,10,,,,,0,,0.0
0P0001KU1D.BO,Aditya Birla Sun Life Special Opportunities Fund,10,,,,,2,,-3.6199999999999997
0P0001KU1F.BO,Aditya Birla Sun Life Special Opportunities Fund,10,,,,,0,,0.0
0P0001KU1G.BO,Aditya Birla Sun Life Special Opportunities Fund,10,,,,,2,,-3.6349999999999993
0P0001KUJB.BO,Edelweiss MSCI India Domestic & World Healthcare 45 Index Fund,10,,,,,0,,0.0
0P0001KUJC.BO,Edelweiss MSCI India Domestic & World Healthcare 45 Index Fund,10,,,,,1,,6.855
0P0001KUJF.BO,Edelweiss MSCI India Domestic & World Healthcare 45 Index Fund,10,,,,,0,,0.0
0P0001KUJG.BO,Edelweiss MSCI India Domestic & World Healthcare 45 Index Fund,10,,,,,1,,7.095000000000001
0P0001KUMT.BO,SBI Floating Interest Rates Fund,10,,,,,0,,0.0
0P0001KUMU.BO,SBI Floating Interest Rates Fund,10,,,,,0,,0.0
0P0001KUMV.BO,SBI Floating Interest Rates Fund,10,,,,,0,,0.0
0P0001KUMY.BO,SBI Floating Interest Rates Fund,10,,,,,0,,0.0
0P0001KUMZ.BO,SBI Floating Interest Rates Fund,10,,,,,0,,0.0
0P0001KUN0.BO,SBI Floating Interest Rates Fund,10,,,,,0,,0.0
0P0001KVLK.BO,Mirae Asset Nifty 100 ESG Sector Leaders Fund of Fund,10,,,,,0,,0.0
0P0001KVLL.BO,Mirae Asset Nifty 100 ESG Sector Leaders Fund of Fund,10,,,,,0,,0.0
0P0001KVLN.BO,Mirae Asset Nifty 100 ESG Sector Leaders Fund of Fund,10,,,,,0,,0.0
0P0001KVLO.BO,Mirae Asset Nifty 100 ESG Sector Leaders Fund of Fund,10,,,,,0,,0.0
0P0001KWOC.BO,quant ESG Integration Strategy Fund,10,,,,,0,,0.0
0P0001KWOD.BO,quant ESG Integration Strategy Fund,10,,,,,0,,0.0
0P0001KWOF.BO,quant ESG Integration Strategy Fund,10,,,,,0,,0.0
0P0001KWOG.BO,quant ESG Integration Strategy Fund,10,,,,,0,,0.0
0P0001KZ3L.BO,Mahindra Manulife Focused Fund,10,,,,,0,,0.0
0P0001KZ3M.BO,Mahindra Manulife Focused Fund,10,,,,,1,,-2.53
0P0001KZ3O.BO,Mahindra Manulife Focused Fund,10,,,,,0,,0.0
0P0001KZ3P.BO,Mahindra Manulife Focused Fund,10,,,,,1,,-2.765
0P0001L370.BO,Union Aggressive Hybrid Fund,10,,,,,0,,0.0
0P0001L371.BO,Union Aggressive Hybrid Fund,10,,,,,2,,3.0399999999999996
0P0001L374.BO,Union Aggressive Hybrid Fund,10,,,,,0,,0.0
0P0001L375.BO,Union Aggressive Hybrid Fund,10,,,,,2,,3.255
0P0001L56I.BO,DSP Value Fund,10,,,,,0,,0.0
0P0001L56J.BO,DSP Value Fund,10,,,,,2,,-4.4
0P0001L56L.BO,DSP Value Fund,10,,,,,0,,0.0
0P0001L56M.BO,DSP Value Fund,10,,,,,1,,-4.265
0P0001L648.BO,Kotak ESG Exclusionary Strategy Fund,10,,,,,0,,0.0
0P0001L649.BO,Kotak ESG Exclusionary Strategy Fund,10,,,,,0,,0.0
0P0001L64B.BO,Kotak ESG Exclusionary Strategy Fund,10,,,,,0,,0.0
0P0001L64C.BO,Kotak ESG Exclusionary Strategy Fund,10,,,,,0,,0.0
0P0001L64O.BO,ICICI Prudential QUANT FUND,10,,,,,0,,0.0
0P0001L64P.BO,ICICI Prudential QUANT FUND,10,,,,,1,,-4.41
0P0001L64R.BO,ICICI Prudential QUANT FUND,10,,,,,0,,0.0
0P0001L64S.BO,ICICI Prudential QUANT FUND,10,,,,,1,,-4.55
0P0001L6NT.BO,HDFC DIVIDEND YIELD FUND,10,,,,,0,,0.0
0P0001L6NV.BO,HDFC DIVIDEND YIELD FUND,10,,,,,2,,-3.49
0P0001L6NW.BO,HDFC DIVIDEND YIELD FUND,10,,,,,0,,0.0
0P0001L6NY.BO,HDFC DIVIDEND YIELD FUND,10,,,,,2,,-3.72
0P0001L6O3.BO,Aditya Birla Sun Life ESG Integration Strategy Fund,10,,,,,0,,0.0
0P0001L6O4.BO,Aditya Birla Sun Life ESG Integration Strategy Fund,10,,,,,1,,-0.2899999999999996
0P0001L6O6.BO,Aditya Birla Sun Life ESG Integration Strategy Fund,10,,,,,0,,0.0
0P0001L6O7.BO,Aditya Birla Sun Life ESG Integration Strategy Fund,10,,,,,1,,-0.2749999999999999
0P0001L76R.BO,UTI Small Cap Fund,10,,,,,0,,0.0
0P0001L76S.BO,UTI Small Cap Fund,10,,,,,0,,0.0
0P0001L76U.BO,UTI Small Cap Fund,10,,,,,0,,0.0
0P0001L76V.BO,UTI Small Cap Fund,10,,,,,0,,0.0
0P0001L7CY.BO,Invesco India - Invesco Global Consumer Trends Fund of Fund,10,,,,,0,,0.0
0P0001L7CZ.BO,Invesco India - Invesco Global Consumer Trends Fund of Fund,10,,,,,0,,0.0
0P0001L7D1.BO,Invesco India - Invesco Global Consumer Trends Fund of Fund,10,,,,,0,,0.0
0P0001L7D2.BO,Invesco India - Invesco Global Consumer Trends Fund of Fund,10,,,,,0,,0.0
0P0001L7LE.BO,Axis Innovation Fund,10,,,,,0,,0.0
0P0001L7LF.BO,Axis Innovation Fund,10,,,,,1,,-4.74
0P0001L7LH.BO,Axis Innovation Fund,10,,,,,0,,0.0
0P0001L7LI.BO,Axis Innovation Fund,10,,,,,1,,-4.735
0P0001L7ZD.BO,ITI Large Cap Fund,10,,,,,1,,0.0
0P0001L80P.BO,ITI Large Cap Fund,10,,,,,0,,0.0
0P0001L80T.BO,ITI Large Cap Fund,10,,,,,0,,0.0
0P0001L80U.BO,ITI Large Cap Fund,10,,,,,1,,0.0
0P0001L9BP.BO,Kotak International REIT Overseas Equity Active FOF,10,,,,,0,,0.0
0P0001L9BQ.BO,Kotak International REIT Overseas Equity Active FOF,10,,,,,0,,0.0
0P0001L9BS.BO,Kotak International REIT Overseas Equity Active FOF,10,,,,,0,,0.0
0P0001L9BT.BO,Kotak International REIT Overseas Equity Active FOF,10,,,,,0,,0.0
0P0001L9C4.BO,Nippon India Diversified Equity Flexicap Passive FoF,10,,,,,0,,0.0
0P0001L9C5.BO,Nippon India Diversified Equity Flexicap Passive FoF,10,,,,,0,,0.0
0P0001L9C7.BO,Nippon India Diversified Equity Flexicap Passive FoF,10,,,,,0,,0.0
0P0001L9C8.BO,Nippon India Diversified Equity Flexicap Passive FoF,10,,,,,0,,0.0
0P0001LF3P.BO,ICICI Prudential Business Cycle Fund,10,,,,,0,,0.0
0P0001LF3Q.BO,ICICI Prudential Business Cycle Fund,10,,,,,1,,-4.095
0P0001LF3S.BO,ICICI Prudential Business Cycle Fund,10,,,,,0,,0.0
0P0001LF3T.BO,ICICI Prudential Business Cycle Fund,10,,,,,1,,-4.33
0P0001LHFE.BO,Kotak US Specific Equity Passive FOF,10,,,,,0,,0.0
0P0001LHFF.BO,Kotak US Specific Equity Passive FOF,10,,,,,0,,0.0
0P0001LHSM.BO,PGIM India Balanced Advantage Fund,10,,,,,0,,0.0
0P0001LHSN.BO,PGIM India Balanced Advantage Fund,10,,,,,3,,-4.465
0P0001LHSP.BO,PGIM India Balanced Advantage Fund,10,,,,,0,,0.0
0P0001LHSQ.BO,PGIM India Balanced Advantage Fund,10,,,,,1,,-4.43
0P0001LHSS.BO,Nippon India Multi - Asset Omni FoF,10,,,,,0,,0.0
0P0001LHST.BO,Nippon India Multi - Asset Omni FoF,10,,,,,0,,0.0
0P0001LHSV.BO,Nippon India Multi - Asset Omni FoF,10,,,,,0,,0.0
0P0001LHSW.BO,Nippon India Multi - Asset Omni FoF,10,,,,,0,,0.0
0P0001LIP8.BO,SBI Retirement Benefit Fund - Aggressive Plan,10,,,,,0,,0.0
0P0001LIP9.BO,SBI Retirement Benefit Fund - Aggressive Plan,10,,,,,0,,0.0
0P0001LIPA.BO,SBI Retirement Benefit Fund - Aggressive Plan,10,,,,,0,,0.0
0P0001LIPB.BO,SBI Retirement Benefit Fund - Aggressive Plan,10,,,,,0,,0.0
0P0001LIPC.BO,SBI Retirement Benefit Fund - Aggressive Hybrid Plan,10,,,,,0,,0.0
0P0001LIPD.BO,SBI Retirement Benefit Fund - Aggressive Hybrid Plan,10,,,,,0,,0.0
0P0001LIPE.BO,SBI Retirement Benefit Fund - Aggressive Hybrid Plan,10,,,,,0,,0.0
0P0001LIPF.BO,SBI Retirement Benefit Fund - Aggressive Hybrid Plan,10,,,,,0,,0.0
0P0001LIPG.BO,SBI Retirement Benefit Fund - Conservative Plan,10,,,,,0,,0.0
0P0001LIPH.BO,SBI Retirement Benefit Fund - Conservative Plan,10,,,,,0,,0.0
0P0001LIPI.BO,SBI Retirement Benefit Fund - Conservative Plan,10,,,,,0,,0.0
0P0001LIPJ.BO,SBI Retirement Benefit Fund - Conservative Plan,10,,,,,0,,0.0
0P0001LIRW.BO,SBI Retirement Benefit Fund - Conservative Hybrid Plan,10,,,,,0,,0.0
0P0001LIRX.BO,SBI Retirement Benefit Fund - Conservative Hybrid Plan,10,,,,,0,,0.0
0P0001LIRY.BO,SBI Retirement Benefit Fund - Conservative Hybrid Plan,10,,,,,0,,0.0
0P0001LIRZ.BO,SBI Retirement Benefit Fund - Conservative Hybrid Plan,10,,,,,0,,0.0
0P0001LKLZ.BO,Axis Greater China Equity Fund of Fund,10,,,,,0,,0.0
0P0001LKM0.BO,Axis Greater China Equity Fund of Fund,10,,,,,0,,0.0
0P0001LKM2.BO,Axis Greater China Equity Fund of Fund,10,,,,,0,,0.0
0P0001LKM3.BO,Axis Greater China Equity Fund of Fund,10,,,,,0,,0.0
0P0001LLNV.BO,Navi Large & Midcap Fund,10,,,,,0,,0.0
0P0001LLQH.BO,Nippon India Nifty 50 Value 20 Index Fund,10,,,,,0,,0.0
0P0001LLQI.BO,Nippon India Nifty 50 Value 20 Index Fund,10,,,,,0,,0.0
0P0001LLQK.BO,Nippon India Nifty 50 Value 20 Index Fund,10,,,,,0,,0.0
0P0001LLQL.BO,Nippon India Nifty 50 Value 20 Index Fund,10,,,,,0,,0.0
0P0001LMCR.BO,Nippon India Nifty Midcap 150 Index Fund,10,,,,,0,,0.0
0P0001LMCS.BO,Nippon India Nifty Midcap 150 Index Fund,10,,,,,0,,0.0
0P0001LMCU.BO,Nippon India Nifty Midcap 150 Index Fund,10,,,,,0,,0.0
0P0001LMCV.BO,Nippon India Nifty Midcap 150 Index Fund,10,,,,,0,,0.0
0P0001LMNG.BO,BANDHAN FLOATING INTEREST RATES FUND,10,,,,,0,,0.0
0P0001LMNH.BO,BANDHAN FLOATING INTEREST RATES FUND,10,,,,,4,,-2.6850000000000005
0P0001LMNI.BO,BANDHAN FLOATING INTEREST RATES FUND,10,,,,,4,,-2.6799999999999997
0P0001LMNJ.BO,BANDHAN FLOATING INTEREST RATES FUND,10,,,,,4,,-4.085
0P0001LMNK.BO,BANDHAN FLOATING INTEREST RATES FUND,10,,,,,0,,
0P0001LMNV.BO,BANDHAN FLOATING INTEREST RATES FUND,10,,,,,0,,0.0
0P0001LMNW.BO,BANDHAN FLOATING INTEREST RATES FUND,10,,,,,4,,-2.5250000000000004
0P0001LMNX.BO,BANDHAN FLOATING INTEREST RATES FUND,10,,,,,4,,-2.495
0P0001LMNY.BO,BANDHAN FLOATING INTEREST RATES FUND,10,,,,,4,,-3.8399999999999994
0P0001LMNZ.BO,BANDHAN FLOATING INTEREST RATES FUND,10,,,,,0,,0.0
0P0001LOHN.BO,HDFC Housing Opportunities Fund,10,,,,,1,,-3.675
0P0001LOHQ.BO,HDFC Housing Opportunities Fund,10,,,,,1,,-4.015
0P0001LOYO.BO,ITI Mid Cap Fund,10,,,,,0,,0.0
0P0001LOYP.BO,ITI Mid Cap Fund,10,,,,,1,,0.0
0P0001LOYR.BO,ITI Mid Cap Fund,10,,,,,0,,0.0
0P0001LOYS.BO,ITI Mid Cap Fund,10,,,,,1,,0.0
0P0001LQJ9.BO,Kotak Nifty Next 50 Index Fund,10,,,,,0,,0.0
0P0001LQJA.BO,Kotak Nifty Next 50 Index Fund,10,,,,,0,,0.0
0P0001LQJC.BO,Kotak Nifty Next 50 Index Fund,10,,,,,0,,0.0
0P0001LQJD.BO,Kotak Nifty Next 50 Index Fund,10,,,,,0,,0.0
0P0001LR1O.BO,Motilal Oswal Asset Allocation Fund of Fund- Conservative,10,,,,,0,,0.0
0P0001LR1P.BO,Motilal Oswal Asset Allocation Fund of Fund- Conservative,10,,,,,0,,0.0
0P0001LR35.BO,Motilal Oswal Multi Asset Passive Fund of Fund,10,,,,,0,,0.0
0P0001LR36.BO,Motilal Oswal Multi Asset Passive Fund of Fund,10,,,,,0,,0.0
0P0001LT5T.BO,Mirae Asset Corporate Bond Fund,10,,,,,0,,0.0
0P0001LT5U.BO,Mirae Asset Corporate Bond Fund,10,,,,,0,,0.0
0P0001LT5W.BO,Mirae Asset Corporate Bond Fund,10,,,,,0,,0.0
0P0001LT5X.BO,Mirae Asset Corporate Bond Fund,10,,,,,0,,0.0
0P0001LT5Z.BO,SBI US Specific Equity Active FoF,10,,,,,0,,0.0
0P0001LT60.BO,SBI US Specific Equity Active FoF,10,,,,,0,,0.0
0P0001LT62.BO,SBI US Specific Equity Active FoF,10,,,,,0,,0.0
0P0001LT63.BO,SBI US Specific Equity Active FoF,10,,,,,0,,0.0
0P0001LUF0.BO,DSP Floating Interest Rates Fund,10,,,,,0,,0.0
0P0001LUF1.BO,DSP Floating Interest Rates Fund,10,,,,,0,,0.0
0P0001LUF3.BO,DSP Floating Interest Rates Fund,10,,,,,0,,0.0
0P0001LUF4.BO,DSP Floating Interest Rates Fund,10,,,,,0,,0.0
0P0001LVS5.BO,BANDHAN CRISIL IBX GILT APRIL 2028 INDEX FUND,10,,,,,0,,0.0
0P0001LVS6.BO,BANDHAN CRISIL IBX GILT APRIL 2028 INDEX FUND,10,,,,,2,,-3.6099999999999994
0P0001LVS9.BO,BANDHAN CRISIL IBX GILT APRIL 2028 INDEX FUND,10,,,,,0,,0.0
0P0001LVSA.BO,BANDHAN CRISIL IBX GILT APRIL 2028 INDEX FUND,10,,,,,2,,-3.48
0P0001LVSE.BO,BANDHAN CRISIL IBX GILT JUNE 2027 INDEX FUND,10,,,,,0,,0.0
0P0001LVSF.BO,BANDHAN CRISIL IBX GILT JUNE 2027 INDEX FUND,10,,,,,2,,-3.53
0P0001LVSI.BO,BANDHAN CRISIL IBX GILT JUNE 2027 INDEX FUND,10,,,,,0,,0.0
0P0001LVSJ.BO,BANDHAN CRISIL IBX GILT JUNE 2027 INDEX FUND,10,,,,,2,,-3.4049999999999994
0P0001LYGC.BO,ICICI Prudential Nifty 100 Low Volatility 30 ETF FOF,10,,,,,0,,0.0
0P0001LYGE.BO,ICICI Prudential Nifty 100 Low Volatility 30 ETF FOF,10,,,,,0,,0.0
0P0001LYGF.BO,ICICI Prudential Nifty 100 Low Volatility 30 ETF FOF,10,,,,,0,,0.0
0P0001LYHO.BO,ICICI Prudential Nifty 100 Low Volatility 30 ETF FOF,10,,,,,0,,0.0
0P0001LYTB.BO,TRUSTMF Liquid Fund,10,,,,,0,,0.0
0P0001LYTF.BO,TRUSTMF Liquid Fund,10,,,,,1,,-0.63
0P0001LYTG.BO,TRUSTMF Liquid Fund,10,,,,,1,,-0.265
0P0001LYTH.BO,TRUSTMF Liquid Fund,10,,,,,0,,0.0
0P0001LYTL.BO,TRUSTMF Liquid Fund,10,,,,,1,,-0.6549999999999999
0P0001LYTM.BO,TRUSTMF Liquid Fund,10,,,,,1,,-0.27
0P0001M23B.BO,ICICI Prudential Flexi Cap fund,10,,,,,0,,0.0
0P0001M23D.BO,ICICI Prudential Flexi Cap fund,10,,,,,2,,-4.55
0P0001M23E.BO,ICICI Prudential Flexi Cap fund,10,,,,,0,,0.0
0P0001M23G.BO,ICICI Prudential Flexi Cap fund,10,,,,,2,,-4.75
0P0001M2IW.BO,Canara Robeco Focused Fund,10,,,,,0,,0.0
0P0001M2IX.BO,Canara Robeco Focused Fund,10,,,,,1,,2.2399999999999998
0P0001M2IZ.BO,Canara Robeco Focused Fund,10,,,,,0,,0.0
0P0001M2J0.BO,Canara Robeco Focused Fund,10,,,,,1,,2.26
0P0001M31R.BO,Mirae Asset NYSE FANG + ETF Fund of Fund,10,,,,,0,,0.0
0P0001M31S.BO,Mirae Asset NYSE FANG + ETF Fund of Fund,10,,,,,0,,0.0
0P0001M3OZ.BO,Baroda BNP Paribas Aqua Fund of Fund,10,,,,,0,,0.0
0P0001M3P0.BO,Baroda BNP Paribas Aqua Fund of Fund,10,,,,,0,,0.0
0P0001M3P2.BO,Baroda BNP Paribas Aqua Fund of Fund,10,,,,,0,,0.0
0P0001M3P3.BO,Baroda BNP Paribas Aqua Fund of Fund,10,,,,,0,,0.0
0P0001M4EY.BO,Aditya Birla Sun Life Multi-Cap Fund,10,,,,,0,,0.0
0P0001M4EZ.BO,Aditya Birla Sun Life Multi-Cap Fund,10,,,,,1,,0.43500000000000005
0P0001M4F0.BO,Aditya Birla Sun Life Multi-Cap Fund,10,,,,,0,,0.0
0P0001M4F1.BO,Aditya Birla Sun Life Multi-Cap Fund,10,,,,,1,,0.43500000000000005
0P0001M4LR.BO,HDFC Multi-Asset Active FOF,10,,,,,0,,0.0
0P0001M4LS.BO,HDFC Multi-Asset Active FOF,10,,,,,0,,0.0
0P0001M4LU.BO,HDFC Multi-Asset Active FOF,10,,,,,0,,0.0
0P0001M4LV.BO,HDFC Multi-Asset Active FOF,10,,,,,0,,0.0
0P0001M4P4.BO,quant Quantamental Fund,10,,,,,0,,0.0
0P0001M4P5.BO,quant Quantamental Fund,10,,,,,0,,0.0
0P0001M4P7.BO,quant Quantamental Fund,10,,,,,0,,0.0
0P0001M4P8.BO,quant Quantamental Fund,10,,,,,0,,0.0
0P0001M6U0.BO,SBI Nifty Next 50 Index Fund,10,,,,,0,,0.0
0P0001M6U1.BO,SBI Nifty Next 50 Index Fund,10,,,,,0,,0.0
0P0001M6U3.BO,SBI Nifty Next 50 Index Fund,10,,,,,0,,0.0
0P0001M6U4.BO,SBI Nifty Next 50 Index Fund,10,,,,,0,,0.0
0P0001MAER.BO,Tata Dividend Yield Fund,10,,,,,0,,0.0
0P0001MAES.BO,Tata Dividend Yield Fund,10,,,,,0,,0.0
0P0001MAEU.BO,Tata Dividend Yield Fund,10,,,,,0,,0.0
0P0001MAEV.BO,Tata Dividend Yield Fund,10,,,,,0,,0.0
0P0001MAEY.BO,Axis Global Innovation Fund of Fund,10,,,,,0,,0.0
0P0001MAEZ.BO,Axis Global Innovation Fund of Fund,10,,,,,0,,0.0
0P0001MAF1.BO,Axis Global Innovation Fund of Fund,10,,,,,0,,0.0
0P0001MAF2.BO,Axis Global Innovation Fund of Fund,10,,,,,0,,0.0
0P0001MB7K.BO,Parag Parikh Conservative Hybrid Fund,10,,,,,0,,0.0
0P0001MB7L.BO,Parag Parikh Conservative Hybrid Fund,10,,,,,2,,-2.6
0P0001MB7N.BO,Parag Parikh Conservative Hybrid Fund,10,,,,,0,,0.0
0P0001MB7O.BO,Parag Parikh Conservative Hybrid Fund,10,,,,,2,,-2.92
0P0001MJJG.BO,ITI Value Fund,10,,,,,0,,0.0
0P0001MJJH.BO,ITI Value Fund,10,,,,,1,,0.0
0P0001MJJJ.BO,ITI Value Fund,10,,,,,0,,0.0
0P0001MJJK.BO,ITI Value Fund,10,,,,,1,,0.0
0P0001MK47.BO,Kotak Nifty 50 Index Fund,10,,,,,0,,0.0
0P0001MK48.BO,Kotak Nifty 50 Index Fund,10,,,,,0,,0.0
0P0001MK4A.BO,Kotak Nifty 50 Index Fund,10,,,,,0,,0.0
0P0001MK4B.BO,Kotak Nifty 50 Index Fund,10,,,,,0,,0.0
0P0001MM8U.BO,BANK OF INDIA LARGE CAP FUND,10,,,,,0,,0.0
0P0001MM8V.BO,BANK OF INDIA LARGE CAP FUND,10,,,,,0,,0.0
0P0001MM8X.BO,BANK OF INDIA LARGE CAP FUND,10,,,,,0,,0.0
0P0001MM8Y.BO,BANK OF INDIA LARGE CAP FUND,10,,,,,0,,0.0
0P0001MMYS.BO,HDFC Banking & Financial Services Fund,10,,,,,0,,0.0
0P0001MMYU.BO,HDFC Banking & Financial Services Fund,10,,,,,2,,-3.5249999999999995
0P0001MMYW.BO,HDFC Banking & Financial Services Fund,10,,,,,0,,0.0
0P0001MMYX.BO,HDFC Banking & Financial Services Fund,10,,,,,2,,-3.725
0P0001MN6Y.BO,Axis Quant Fund,10,,,,,0,,0.0
0P0001MN6Z.BO,Axis Quant Fund,10,,,,,1,,4.53
0P0001MN71.BO,Axis Quant Fund,10,,,,,0,,0.0
0P0001MN72.BO,Axis Quant Fund,10,,,,,1,,4.54
0P0001MP8F.BO,Tata Floating Interest Rates Fund,10,,,,,0,,0.0
0P0001MP8G.BO,Tata Floating Interest Rates Fund,10,,,,,0,,0.0
0P0001MP8H.BO,Tata Floating Interest Rates Fund,10,,,,,0,,0.0
0P0001MP8M.BO,Tata Floating Interest Rates Fund,10,,,,,0,,0.0
0P0001MP8N.BO,Tata Floating Interest Rates Fund,10,,,,,0,,0.0
0P0001MP8O.BO,Tata Floating Interest Rates Fund,10,,,,,0,,0.0
0P0001MP8P.BO,Tata Floating Interest Rates Fund,10,,,,,0,,0.0
0P0001MRT4.BO,ITI Dynamic Term Fund,10,,,,,3,,-2.685
0P0001MRT5.BO,ITI Dynamic Term Fund,10,,,,,0,,0.0
0P0001MRT6.BO,ITI Dynamic Term Fund,10,,,,,0,,0.0
0P0001MRT7.BO,ITI Dynamic Term Fund,10,,,,,0,,0.0
0P0001MRT8.BO,ITI Dynamic Term Fund,10,,,,,0,,0.0
0P0001MRTD.BO,ITI Dynamic Term Fund,10,,,,,3,,-3.4999999999999996
0P0001MRTE.BO,ITI Dynamic Term Fund,10,,,,,0,,0.0
0P0001MRTF.BO,ITI Dynamic Term Fund,10,,,,,0,,0.0
0P0001MRTG.BO,ITI Dynamic Term Fund,10,,,,,0,,0.0
0P0001MRTH.BO,ITI Dynamic Term Fund,10,,,,,0,,0.0
0P0001MS9G.BO,DSP Banking and PSU Debt Fund,10,,,,,3,,-2.6399999999999997
0P0001MSAE.BO,PGIM India Small Cap Fund,10,,,,,2,,-4.445
0P0001MSAF.BO,PGIM India Small Cap Fund,10,,,,,0,,0.0
0P0001MSAH.BO,PGIM India Small Cap Fund,10,,,,,3,,-4.41
0P0001MSAI.BO,PGIM India Small Cap Fund,10,,,,,0,,0.0
0P0001MSVD.BO,Navi Nifty 50 Index Fund,10,,,,,0,,0.0
0P0001MSVE.BO,Navi Nifty 50 Index Fund,10,,,,,0,,0.0
0P0001MU2S.BO,Axis Floating Interest Rates Fund,10,,,,,0,,0.0
0P0001MU2T.BO,Axis Floating Interest Rates Fund,10,,,,,3,,-2.235
0P0001MU2U.BO,Axis Floating Interest Rates Fund,10,,,,,0,,-0.275
0P0001MU2V.BO,Axis Floating Interest Rates Fund,10,,,,,0,,-0.25
0P0001MU30.BO,Axis Floating Interest Rates Fund,10,,,,,0,,0.0
0P0001MU31.BO,Axis Floating Interest Rates Fund,10,,,,,3,,-2.25
0P0001MU32.BO,Axis Floating Interest Rates Fund,10,,,,,0,,-0.28
0P0001MU33.BO,Axis Floating Interest Rates Fund,10,,,,,0,,-0.25
0P0001MUVB.BO,Kotak Global Innovation Overseas Equity Active FOF,10,,,,,0,,0.0
0P0001MUVC.BO,Kotak Global Innovation Overseas Equity Active FOF,10,,,,,0,,0.0
0P0001MUVE.BO,Kotak Global Innovation Overseas Equity Active FOF,10,,,,,0,,0.0
0P0001MUVF.BO,Kotak Global Innovation Overseas Equity Active FOF,10,,,,,0,,0.0
0P0001MWBA.BO,Tata Business Cycle Fund,10,,,,,0,,0.0
0P0001MWBC.BO,Tata Business Cycle Fund,10,,,,,0,,0.0
0P0001MWBD.BO,Tata Business Cycle Fund,10,,,,,0,,0.0
0P0001MWBF.BO,Tata Business Cycle Fund,10,,,,,0,,0.0
0P0001MZLC.BO,Bandhan US specific Equity Active FOF,10,,,,,0,,0.0
0P0001MZLD.BO,Bandhan US specific Equity Active FOF,10,,,,,0,,0.0
0P0001MZLG.BO,Bandhan US specific Equity Active FOF,10,,,,,0,,0.0
0P0001MZLH.BO,Bandhan US specific Equity Active FOF,10,,,,,0,,0.0
0P0001MZPF.BO,Nippon India Flexi Cap Fund,10,,,,,0,,0.0
0P0001MZPG.BO,Nippon India Flexi Cap Fund,10,,,,,0,,0.0
0P0001MZPI.BO,Nippon India Flexi Cap Fund,10,,,,,0,,0.0
0P0001MZPJ.BO,Nippon India Flexi Cap Fund,10,,,,,0,,0.0
0P0001MZPM.BO,Mahindra Manulife Flexi Cap Fund,10,,,,,0,,0.0
0P0001MZPN.BO,Mahindra Manulife Flexi Cap Fund,10,,,,,1,,-3.6
0P0001MZPP.BO,Mahindra Manulife Flexi Cap Fund,10,,,,,0,,0.0
0P0001MZZ5.BO,UTI Focused Fund (30 stocks),10,,,,,0,,0.0
0P0001MZZ6.BO,UTI Focused Fund (30 stocks),10,,,,,0,,0.0
0P0001MZZ9.BO,UTI Focused Fund (30 stocks),10,,,,,0,,0.0
0P0001MZZA.BO,UTI Focused Fund (30 stocks),10,,,,,0,,0.0
0P0001N09D.BO,HDFC NIFTY50 Equal Weight Index Fund,10,,,,,0,,0.0
0P0001N09E.BO,HDFC NIFTY50 Equal Weight Index Fund,10,,,,,0,,0.0
0P0001N2MH.BO,Union Money Market Fund,10,,,,,0,,0.0
0P0001N2MI.BO,Union Money Market Fund,10,,,,,3,,-1.8050000000000002
0P0001N2MP.BO,Union Money Market Fund,10,,,,,0,,0.0
0P0001N2RC.BO,SBI Balanced Advantage Fund,10,,,,,0,,0.0
0P0001N2RD.BO,SBI Balanced Advantage Fund,10,,,,,0,,0.0
0P0001N2RG.BO,SBI Balanced Advantage Fund,10,,,,,0,,0.0
0P0001N2RH.BO,SBI Balanced Advantage Fund,10,,,,,0,,0.0
0P0001N4D0.BO,Baroda BNP Paribas Business Cycle Fund,10,,,,,0,,0.0
0P0001N4D1.BO,Baroda BNP Paribas Business Cycle Fund,10,,,,,1,,-4.65
0P0001N4D3.BO,Baroda BNP Paribas Business Cycle Fund,10,,,,,0,,0.0
0P0001N4D4.BO,Baroda BNP Paribas Business Cycle Fund,10,,,,,1,,-4.605
0P0001N6TS.BO,ICICI Prudential Nifty Alpha Low - Volatility 30 ETF FOF,10,,,,,0,,0.0
0P0001N6TT.BO,ICICI Prudential Nifty Alpha Low - Volatility 30 ETF FOF,10,,,,,0,,0.0
0P0001N6TW.BO,ICICI Prudential Nifty Alpha Low - Volatility 30 ETF FOF,10,,,,,0,,0.0
0P0001N6TX.BO,ICICI Prudential Nifty Alpha Low - Volatility 30 ETF FOF,10,,,,,0,,0.0
0P0001N7A5.BO,Mirae Asset S&P 500 Top 50 ETF Fund of Fund,10,,,,,0,,0.0
0P0001N7A6.BO,Mirae Asset S&P 500 Top 50 ETF Fund of Fund,10,,,,,0,,0.0
0P0001N7QU.BO,SBI Fixed Maturity Plan (FMP) - Series 50 (1843 Days),10,,,,,0,,0.0
0P0001N7QV.BO,SBI Fixed Maturity Plan (FMP) - Series 50 (1843 Days),10,,,,,0,,0.0
0P0001N7QX.BO,SBI Fixed Maturity Plan (FMP) - Series 50 (1843 Days),10,,,,,0,,0.0
0P0001N7QY.BO,SBI Fixed Maturity Plan (FMP) - Series 50 (1843 Days),10,,,,,0,,0.0
0P0001N9AR.BO,DSP FMP Series - 264 - 60M - 17D,10,,,,,0,,0.0
0P0001N9AS.BO,DSP FMP Series - 264 - 60M - 17D,10,,,,,0,,0.0
0P0001N9AU.BO,DSP FMP Series - 264 - 60M - 17D,10,,,,,0,,0.0
0P0001N9AV.BO,DSP FMP Series - 264 - 60M - 17D,10,,,,,0,,0.0
0P0001N9FB.BO,Kotak Multi Cap Fund,10,,,,,0,,0.0
0P0001N9FC.BO,Kotak Multi Cap Fund,10,,,,,1,,0.0
0P0001N9FE.BO,Kotak Multi Cap Fund,10,,,,,0,,0.0
0P0001N9FF.BO,Kotak Multi Cap Fund,10,,,,,1,,0.0
0P0001N9O1.BO,HDFC Developed World Overseas Equity Passive FOF,10,,,,,0,,0.0
0P0001N9O2.BO,HDFC Developed World Overseas Equity Passive FOF,10,,,,,0,,0.0
0P0001N9T2.BO,SBI Fixed Maturity Plan (FMP) - Series 51 (1846 Days),10,,,,,0,,0.0
0P0001N9T3.BO,SBI Fixed Maturity Plan (FMP) - Series 51 (1846 Days),10,,,,,0,,0.0
0P0001N9T5.BO,SBI Fixed Maturity Plan (FMP) - Series 51 (1846 Days),10,,,,,0,,0.0
0P0001N9T6.BO,SBI Fixed Maturity Plan (FMP) - Series 51 (1846 Days),10,,,,,0,,0.0
0P0001N9XW.BO,Edelweiss Gilt Fund,10,,,,,1,,0.22999999999999998
0P0001NA2M.BO,Aditya Birla Sun Life Nifty SDL Plus PSU Bond SEP 2026 60:40 Index Fund,10,,,,,0,,0.0
0P0001NA2N.BO,Aditya Birla Sun Life Nifty SDL Plus PSU Bond SEP 2026 60:40 Index Fund,10,,,,,0,,0.0
0P0001NA2O.BO,Aditya Birla Sun Life Nifty SDL Plus PSU Bond SEP 2026 60:40 Index Fund,10,,,,,0,,0.0
0P0001NA2P.BO,Aditya Birla Sun Life Nifty SDL Plus PSU Bond SEP 2026 60:40 Index Fund,10,,,,,0,,0.0
0P0001NB9D.BO,ICICI Prudential Nifty PSU Bond Plus SDL Sep 2027 40:60 Index Fund,10,,,,,0,,0.0
0P0001NB9G.BO,ICICI Prudential Nifty PSU Bond Plus SDL Sep 2027 40:60 Index Fund,10,,,,,0,,0.0
0P0001NB9K.BO,ICICI Prudential Nifty PSU Bond Plus SDL Sep 2027 40:60 Index Fund,10,,,,,0,,0.0
0P0001NB9N.BO,ICICI Prudential Nifty PSU Bond Plus SDL Sep 2027 40:60 Index Fund,10,,,,,0,,0.0
0P0001NCLP.BO,ICICI Prudential NASDAQ 100 Index Fund,10,,,,,0,,0.0
0P0001NCLQ.BO,ICICI Prudential NASDAQ 100 Index Fund,10,,,,,0,,0.0
0P0001NCLS.BO,ICICI Prudential NASDAQ 100 Index Fund,10,,,,,0,,0.0
0P0001NCLT.BO,ICICI Prudential NASDAQ 100 Index Fund,10,,,,,0,,0.0
0P0001NDIF.BO,Mahindra Manulife Asia Pacific REITs FOF,10,,,,,0,,0.0
0P0001NDIG.BO,Mahindra Manulife Asia Pacific REITs FOF,10,,,,,0,,0.0
0P0001NDII.BO,Mahindra Manulife Asia Pacific REITs FOF,10,,,,,0,,0.0
0P0001NDIJ.BO,Mahindra Manulife Asia Pacific REITs FOF,10,,,,,0,,0.0
0P0001NDRK.BO,SBI Fixed Maturity Plan (FMP) - Series 52 (1848 Days),10,,,,,0,,0.0
0P0001NDRL.BO,SBI Fixed Maturity Plan (FMP) - Series 52 (1848 Days),10,,,,,0,,0.0
0P0001NDRN.BO,SBI Fixed Maturity Plan (FMP) - Series 52 (1848 Days),10,,,,,0,,0.0
0P0001NDRO.BO,SBI Fixed Maturity Plan (FMP) - Series 52 (1848 Days),10,,,,,0,,0.0
0P0001NE5W.BO,Motilal Oswal 5 Year G-Sec Fund of Fund,10,,,,,0,,0.0
0P0001NE5X.BO,Motilal Oswal 5 Year G-Sec Fund of Fund,10,,,,,0,,0.0
0P0001NF39.BO,NJ Balanced Advantage Fund,10,,,,,0,,0.0
0P0001NF3A.BO,NJ Balanced Advantage Fund,10,,,,,0,,0.0
0P0001NF3B.BO,NJ Balanced Advantage Fund,10,,,,,0,,0.0
0P0001NF3C.BO,NJ Balanced Advantage Fund,10,,,,,0,,0.0
0P0001NFYK.BO,Edelweiss NIFTY PSU Bond Plus SDL Apr 2027 50:50 Index Fund,10,,,,,0,,0.0
0P0001NFYL.BO,Edelweiss NIFTY PSU Bond Plus SDL Apr 2027 50:50 Index Fund,10,,,,,1,,3.115
0P0001NFYN.BO,Edelweiss NIFTY PSU Bond Plus SDL Apr 2027 50:50 Index Fund,10,,,,,0,,0.0
0P0001NFYO.BO,Edelweiss NIFTY PSU Bond Plus SDL Apr 2027 50:50 Index Fund,10,,,,,1,,3.145
0P0001NI4X.BO,Edelweiss Nifty 50 Index Fund,10,,,,,0,,0.0
0P0001NI4Y.BO,Edelweiss Nifty 50 Index Fund,10,,,,,0,,0.0
0P0001NI51.BO,Edelweiss Nifty 50 Index Fund,10,,,,,0,,0.0
0P0001NI52.BO,Edelweiss Nifty 50 Index Fund,10,,,,,0,,0.0
0P0001NI55.BO,Edelweiss Nifty 100 Quality 30 Index Fund,10,,,,,0,,0.0
0P0001NI56.BO,Edelweiss Nifty 100 Quality 30 Index Fund,10,,,,,0,,0.0
0P0001NI59.BO,Edelweiss Nifty 100 Quality 30 Index Fund,10,,,,,0,,0.0
0P0001NI5A.BO,Edelweiss Nifty 100 Quality 30 Index Fund,10,,,,,0,,0.0
0P0001NJAW.BO,ICICI Prudential Nifty Smallcap 250 Index Fund,10,,,,,0,,0.0
0P0001NJAX.BO,ICICI Prudential Nifty Smallcap 250 Index Fund,10,,,,,0,,0.0
0P0001NJAZ.BO,ICICI Prudential Nifty Smallcap 250 Index Fund,10,,,,,0,,0.0
0P0001NJB0.BO,ICICI Prudential Nifty Smallcap 250 Index Fund,10,,,,,0,,0.0
0P0001NJC9.BO,SBI Fixed Maturity Plan (FMP) - Series 53 (1839 Days),10,,,,,0,,0.0
0P0001NJCA.BO,SBI Fixed Maturity Plan (FMP) - Series 53 (1839 Days),10,,,,,0,,0.0
0P0001NJCC.BO,SBI Fixed Maturity Plan (FMP) - Series 53 (1839 Days),10,,,,,0,,0.0
0P0001NJCD.BO,SBI Fixed Maturity Plan (FMP) - Series 53 (1839 Days),10,,,,,0,,0.0
0P0001NJK1.BO,Aditya Birla Sun Life US Equity Passive FOF,10,,,,,0,,0.0
0P0001NJK2.BO,Aditya Birla Sun Life US Equity Passive FOF,10,,,,,0,,0.0
0P0001NJK4.BO,Aditya Birla Sun Life US Equity Passive FOF,10,,,,,0,,0.0
0P0001NJK5.BO,Aditya Birla Sun Life US Equity Passive FOF,10,,,,,0,,0.0
0P0001NJK7.BO,ITI Pharma and Healthcare Fund,10,,,,,0,,0.0
0P0001NJK8.BO,ITI Pharma and Healthcare Fund,10,,,,,0,,0.0
0P0001NJKA.BO,ITI Pharma and Healthcare Fund,10,,,,,0,,0.0
0P0001NJKB.BO,ITI Pharma and Healthcare Fund,10,,,,,0,,0.0
0P0001NK4B.BO,HDFC NIFTY Next 50 index Fund,10,,,,,0,,0.0
0P0001NK4C.BO,HDFC NIFTY Next 50 index Fund,10,,,,,0,,0.0
0P0001NLL3.BO,LIC MF Balanced Advantage Fund,10,,,,,0,,0.0
0P0001NLL4.BO,LIC MF Balanced Advantage Fund,10,,,,,2,,-2.07
0P0001NLL6.BO,LIC MF Balanced Advantage Fund,10,,,,,0,,0.0
0P0001NLL7.BO,LIC MF Balanced Advantage Fund,10,,,,,2,,-2.145
0P0001NMX2.BO,PGIM India Global Select Real Estate Securities Fund of Fund,10,,,,,0,,0.0
0P0001NMX5.BO,PGIM India Global Select Real Estate Securities Fund of Fund,10,,,,,0,,0.0
0P0001NMX8.BO,BANDHAN MULTI CAP FUND,10,,,,,0,,0.0
0P0001NMX9.BO,BANDHAN MULTI CAP FUND,10,,,,,1,,-3.7399999999999998
0P0001NMXC.BO,BANDHAN MULTI CAP FUND,10,,,,,0,,0.0
0P0001NMXD.BO,BANDHAN MULTI CAP FUND,10,,,,,1,,-3.715
0P0001NN6N.BO,SBI Fixed Maturity Plan (FMP) - Series 54 (1842 Days),10,,,,,0,,0.0
0P0001NN6P.BO,SBI Fixed Maturity Plan (FMP) - Series 54 (1842 Days),10,,,,,0,,0.0
0P0001NN6T.BO,SBI Fixed Maturity Plan (FMP) - Series 54 (1842 Days),10,,,,,0,,0.0
0P0001NN6U.BO,SBI Fixed Maturity Plan (FMP) - Series 54 (1842 Days),10,,,,,0,,0.0
0P0001NN6W.BO,Aditya Birla Sun Life Business Cycle Fund,10,,,,,1,,-3.89
0P0001NN6X.BO,Aditya Birla Sun Life Business Cycle Fund,10,,,,,0,,0.0
0P0001NN6Y.BO,Aditya Birla Sun Life Business Cycle Fund,10,,,,,1,,-3.885
0P0001NN6Z.BO,Aditya Birla Sun Life Business Cycle Fund,10,,,,,0,,0.0
0P0001NOAB.BO,Edelweiss Gilt Fund,10,,,,,1,,
0P0001NP7D.BO,360 ONE QUANT FUND,10,,,,,0,,0.0
0P0001NP7E.BO,360 ONE QUANT FUND,10,,,,,0,,0.0
0P0001NP7G.BO,360 ONE QUANT FUND,10,,,,,0,,0.0
0P0001NP7H.BO,360 ONE QUANT FUND,10,,,,,0,,0.0
0P0001NQH1.BO,ICICI Prudential BSE 500 ETF FOF,10,,,,,0,,0.0
0P0001NQH4.BO,ICICI Prudential BSE 500 ETF FOF,10,,,,,0,,0.0
0P0001NQH5.BO,ICICI Prudential BSE 500 ETF FOF,10,,,,,0,,0.0
0P0001NQH8.BO,ICICI Prudential BSE 500 ETF FOF,10,,,,,0,,0.0
0P0001NQHW.BO,Quant Value Fund,10,,,,,0,,0.0
0P0001NQHX.BO,Quant Value Fund,10,,,,,0,,0.0
0P0001NQHZ.BO,Quant Value Fund,10,,,,,0,,0.0
0P0001NQI0.BO,Quant Value Fund,10,,,,,0,,0.0
0P0001NQJN.BO,ITI Banking and Financial Services Fund,10,,,,,0,,0.0
0P0001NQJO.BO,ITI Banking and Financial Services Fund,10,,,,,1,,0.0
0P0001NQJQ.BO,ITI Banking and Financial Services Fund,10,,,,,0,,0.0
0P0001NQJR.BO,ITI Banking and Financial Services Fund,10,,,,,1,,0.0
0P0001NQZ4.BO,Edelweiss NIFTY Large Midcap 250 Index Fund,10,,,,,0,,0.0
0P0001NQZ6.BO,Edelweiss NIFTY Large Midcap 250 Index Fund,10,,,,,0,,0.0
0P0001NQZ8.BO,Edelweiss NIFTY Large Midcap 250 Index Fund,10,,,,,0,,0.0
0P0001NQZA.BO,Edelweiss NIFTY Large Midcap 250 Index Fund,10,,,,,0,,0.0
0P0001NRKO.BO,Tata Corporate Bond Fund,10,,,,,0,,0.0
0P0001NRKP.BO,Tata Corporate Bond Fund,10,,,,,0,,0.0
0P0001NRKQ.BO,Tata Corporate Bond Fund,10,,,,,0,,0.0
0P0001NRKR.BO,Tata Corporate Bond Fund,10,,,,,0,,0.0
0P0001NRKV.BO,Tata Corporate Bond Fund,10,,,,,0,,0.0
0P0001NRKW.BO,Tata Corporate Bond Fund,10,,,,,0,,0.0
0P0001NRKX.BO,Tata Corporate Bond Fund,10,,,,,0,,0.0
0P0001NRKY.BO,Tata Corporate Bond Fund,10,,,,,0,,0.0
0P0001NRLL.BO,SBI Fixed Maturity Plan (FMP) - Series 55 (1849 Days),10,,,,,0,,0.0
0P0001NRLM.BO,SBI Fixed Maturity Plan (FMP) - Series 55 (1849 Days),10,,,,,0,,0.0
0P0001NRLO.BO,SBI Fixed Maturity Plan (FMP) - Series 55 (1849 Days),10,,,,,0,,0.0
0P0001NRLP.BO,SBI Fixed Maturity Plan (FMP) - Series 55 (1849 Days),10,,,,,0,,0.0
0P0001NSKF.BO,Mirae Asset Hang Seng TECH ETF Fund of Fund,10,,,,,0,,0.0
0P0001NSKG.BO,Mirae Asset Hang Seng TECH ETF Fund of Fund,10,,,,,0,,0.0
0P0001NSWS.BO,HDFC Multi Cap Fund,10,,,,,0,,0.0
0P0001NSWT.BO,HDFC Multi Cap Fund,10,,,,,1,,0.0
0P0001NSWV.BO,HDFC Multi Cap Fund,10,,,,,0,,0.0
0P0001NSWW.BO,HDFC Multi Cap Fund,10,,,,,1,,0.0
0P0001NUU7.BO,Axis Multicap Fund,10,,,,,0,,0.0
0P0001NUU8.BO,Axis Multicap Fund,10,,,,,1,,2.67
0P0001NUUA.BO,Axis Multicap Fund,10,,,,,0,,0.0
0P0001NUUB.BO,Axis Multicap Fund,10,,,,,1,,2.65
0P0001NYM0.BO,ICICI Prudential Nifty Midcap 150 Index Fund,10,,,,,0,,0.0
0P0001NYM1.BO,ICICI Prudential Nifty Midcap 150 Index Fund,10,,,,,0,,0.0
0P0001NYM3.BO,ICICI Prudential Nifty Midcap 150 Index Fund,10,,,,,0,,0.0
0P0001NYM4.BO,ICICI Prudential Nifty Midcap 150 Index Fund,10,,,,,0,,0.0
0P0001O04T.BO,Mahindra Manulife Balanced Advantage Fund,10,,,,,0,,0.0
0P0001O04U.BO,Mahindra Manulife Balanced Advantage Fund,10,,,,,1,,-4.02
0P0001O04W.BO,Mahindra Manulife Balanced Advantage Fund,10,,,,,0,,0.0
0P0001O04X.BO,Mahindra Manulife Balanced Advantage Fund,10,,,,,1,,-4.25
0P0001O0XW.BO,ICICI Prudential Overnight Fund,10,,,,,0,,0.0
0P0001O0XX.BO,ICICI Prudential Overnight Fund,10,,,,,0,,0.0
0P0001O0XY.BO,ICICI Prudential Overnight Fund,10,,,,,0,,0.0
0P0001O0XZ.BO,ICICI Prudential Overnight Fund,10,,,,,0,,0.0
0P0001O1UF.BO,SBI Fixed Maturity Plan (FMP) - Series 57 (1835 Days),10,,,,,0,,0.0
0P0001O1UG.BO,SBI Fixed Maturity Plan (FMP) - Series 57 (1835 Days),10,,,,,0,,0.0
0P0001O1UI.BO,SBI Fixed Maturity Plan (FMP) - Series 57 (1835 Days),10,,,,,0,,0.0
0P0001O1UJ.BO,SBI Fixed Maturity Plan (FMP) - Series 57 (1835 Days),10,,,,,0,,0.0
0P0001O533.BO,ICICI Prudential Passive Multi-Asset Fund of Funds,10,,,,,0,,0.0
0P0001O534.BO,ICICI Prudential Passive Multi-Asset Fund of Funds,10,,,,,0,,0.0
0P0001O538.BO,ICICI Prudential Passive Multi-Asset Fund of Funds,10,,,,,0,,0.0
0P0001O7CN.BO,Navi Nifty Next 50 Index Fund,10,,,,,0,,0.0
0P0001O7CO.BO,Navi Nifty Next 50 Index Fund,10,,,,,0,,0.0
0P0001O86C.BO,SBI Fixed Maturity Plan (FMP) - Series 58 (1842 Days),10,,,,,0,,0.0
0P0001O86E.BO,SBI Fixed Maturity Plan (FMP) - Series 58 (1842 Days),10,,,,,0,,0.0
0P0001O86F.BO,SBI Fixed Maturity Plan (FMP) - Series 58 (1842 Days),10,,,,,0,,0.0
0P0001O86S.BO,SBI CPSE Bond Plus SDL Sep 2026 50:50 Index Fund,10,,,,,0,,0.0
0P0001O86T.BO,SBI CPSE Bond Plus SDL Sep 2026 50:50 Index Fund,10,,,,,0,,0.0
0P0001O86W.BO,SBI CPSE Bond Plus SDL Sep 2026 50:50 Index Fund,10,,,,,0,,0.0
0P0001O86X.BO,SBI CPSE Bond Plus SDL Sep 2026 50:50 Index Fund,10,,,,,0,,0.0
0P0001O8QR.BO,Nippon India Silver ETF FOF,10,,,,,0,,0.0
0P0001O8QS.BO,Nippon India Silver ETF FOF,10,,,,,0,,0.0
0P0001O8QU.BO,Nippon India Silver ETF FOF,10,,,,,0,,0.0
0P0001O8QV.BO,Nippon India Silver ETF FOF,10,,,,,0,,0.0
0P0001O944.BO,ICICI Prudential Strategic Metal and Energy Equity Fund of Fund,10,,,,,0,,0.0
0P0001O945.BO,ICICI Prudential Strategic Metal and Energy Equity Fund of Fund,10,,,,,0,,0.0
0P0001O948.BO,ICICI Prudential Strategic Metal and Energy Equity Fund of Fund,10,,,,,0,,0.0
0P0001O949.BO,ICICI Prudential Strategic Metal and Energy Equity Fund of Fund,10,,,,,0,,0.0
0P0001O954.BO,Mirae Asset Nifty India Manufacturing ETF Fund of Fund,10,,,,,0,,0.0
0P0001O955.BO,Mirae Asset Nifty India Manufacturing ETF Fund of Fund,10,,,,,0,,0.0
0P0001O957.BO,Mirae Asset Nifty India Manufacturing ETF Fund of Fund,10,,,,,0,,0.0
0P0001O958.BO,Mirae Asset Nifty India Manufacturing ETF Fund of Fund,10,,,,,0,,0.0
0P0001O9GS.BO,Aditya Birla Sun Life Nifty SDL Apr 2027 Index Fund,10,,,,,0,,0.0
0P0001O9GT.BO,Aditya Birla Sun Life Nifty SDL Apr 2027 Index Fund,10,,,,,0,,0.0
0P0001O9GU.BO,Aditya Birla Sun Life Nifty SDL Apr 2027 Index Fund,10,,,,,0,,0.0
0P0001O9GV.BO,Aditya Birla Sun Life Nifty SDL Apr 2027 Index Fund,10,,,,,0,,0.0
0P0001O9H1.BO,Aditya Birla Sun Life Silver ETF FOF,10,,,,,0,,0.0
0P0001O9H3.BO,Aditya Birla Sun Life Silver ETF FOF,10,,,,,0,,0.0
0P0001O9H4.BO,Aditya Birla Sun Life Silver ETF FOF,10,,,,,0,,0.0
0P0001O9H6.BO,Aditya Birla Sun Life Silver ETF FOF,10,,,,,0,,0.0
0P0001O9H7.BO,ICICI Prudential Silver ETF FOF,10,,,,,0,,0.0
0P0001O9H8.BO,ICICI Prudential Silver ETF FOF,10,,,,,0,,0.0
0P0001O9HA.BO,ICICI Prudential Silver ETF FOF,10,,,,,0,,0.0
0P0001O9HB.BO,ICICI Prudential Silver ETF FOF,10,,,,,0,,0.0
0P0001O9O2.BO,TRUSTMF Overnight Fund,10,,,,,0,,0.0
0P0001O9O4.BO,TRUSTMF Overnight Fund,10,,,,,0,,0.0
0P0001OAAV.BO,Invesco India Flexi Cap Fund,10,,,,,0,,0.0
0P0001OAAW.BO,Invesco India Flexi Cap Fund,10,,,,,1,,0.0
0P0001OAAY.BO,Invesco India Flexi Cap Fund,10,,,,,0,,0.0
0P0001OAAZ.BO,Invesco India Flexi Cap Fund,10,,,,,1,,0.0
0P0001OACA.BO,Motilal Oswal Nifty 200 Momentum 30 Index Fund,10,,,,,0,,0.0
0P0001OACB.BO,Motilal Oswal Nifty 200 Momentum 30 Index Fund,10,,,,,0,,0.0
0P0001OAEY.BO,Navi Nifty Bank Index Fund,10,,,,,0,,0.0
0P0001OAEZ.BO,Navi Nifty Bank Index Fund,10,,,,,0,,0.0
0P0001OBGL.BO,DSP Global Innovation Overseas Equity Omni FoF,10,,,,,0,,0.0
0P0001OBGM.BO,DSP Global Innovation Overseas Equity Omni FoF,10,,,,,0,,0.0
0P0001OBGO.BO,DSP Global Innovation Overseas Equity Omni FoF,10,,,,,0,,0.0
0P0001OBGP.BO,DSP Global Innovation Overseas Equity Omni FoF,10,,,,,0,,0.0
0P0001ODHD.BO,Navi Total Stock Market US Specific Equity Passive FoF,10,,,,,0,,0.0
0P0001ODHE.BO,Navi Total Stock Market US Specific Equity Passive FoF,10,,,,,0,,0.0
0P0001ODHF.BO,Kotak Manufacture in India Fund,10,,,,,0,,0.0
0P0001ODHG.BO,Kotak Manufacture in India Fund,10,,,,,0,,0.0
0P0001ODHI.BO,Kotak Manufacture in India Fund,10,,,,,0,,0.0
0P0001ODHJ.BO,Kotak Manufacture in India Fund,10,,,,,0,,0.0
0P0001ODLQ.BO,Axis Multi Factor Passive FoF,10,,,,,0,,0.0
0P0001ODLR.BO,Axis Multi Factor Passive FoF,10,,,,,0,,0.0
0P0001ODLT.BO,Axis Multi Factor Passive FoF,10,,,,,0,,0.0
0P0001ODLV.BO,Axis Multi Factor Passive FoF,10,,,,,0,,0.0
0P0001ODLY.BO,BANDHAN NIFTY 100 INDEX FUND,10,,,,,0,,0.0
0P0001ODLZ.BO,BANDHAN NIFTY 100 INDEX FUND,10,,,,,0,,0.0
0P0001ODM2.BO,BANDHAN NIFTY 100 INDEX FUND,10,,,,,0,,0.0
0P0001ODM3.BO,BANDHAN NIFTY 100 INDEX FUND,10,,,,,0,,0.0
0P0001OE61.BO,Kotak Nifty SDL Apr 2027 Top 12 Equal Weight Index Fund,10,,,,,0,,0.0
0P0001OE62.BO,Kotak Nifty SDL Apr 2027 Top 12 Equal Weight Index Fund,10,,,,,0,,0.0
0P0001OE64.BO,Kotak Nifty SDL Apr 2027 Top 12 Equal Weight Index Fund,10,,,,,0,,0.0
0P0001OE65.BO,Kotak Nifty SDL Apr 2027 Top 12 Equal Weight Index Fund,10,,,,,0,,0.0
0P0001OE6D.BO,Kotak Nifty SDL Apr 2032 Top 12 Equal Weight Index Fund,10,,,,,0,,0.0
0P0001OE6E.BO,Kotak Nifty SDL Apr 2032 Top 12 Equal Weight Index Fund,10,,,,,0,,0.0
0P0001OE6G.BO,Kotak Nifty SDL Apr 2032 Top 12 Equal Weight Index Fund,10,,,,,0,,0.0
0P0001OE6H.BO,Kotak Nifty SDL Apr 2032 Top 12 Equal Weight Index Fund,10,,,,,0,,0.0
0P0001OEP8.BO,SBI Fixed Maturity Plan (FMP) - Series 60 (1878 Days),10,,,,,0,,0.0
0P0001OEP9.BO,SBI Fixed Maturity Plan (FMP) - Series 60 (1878 Days),10,,,,,0,,0.0
0P0001OEPC.BO,SBI Fixed Maturity Plan (FMP) - Series 60 (1878 Days),10,,,,,0,,0.0
0P0001OEZB.BO,ICICI Prudential Nifty Bank Index Fund,10,,,,,0,,0.0
0P0001OEZC.BO,ICICI Prudential Nifty Bank Index Fund,10,,,,,0,,0.0
0P0001OEZE.BO,ICICI Prudential Nifty Bank Index Fund,10,,,,,0,,0.0
0P0001OEZF.BO,ICICI Prudential Nifty Bank Index Fund,10,,,,,0,,0.0
0P0001OF02.BO,HDFC NIFTY 100 Index Fund,10,,,,,0,,0.0
0P0001OF03.BO,HDFC NIFTY 100 Index Fund,10,,,,,0,,0.0
0P0001OF23.BO,HDFC NIFTY 100 Equal Weight Index Fund,10,,,,,0,,0.0
0P0001OF24.BO,HDFC NIFTY 100 Equal Weight Index Fund,10,,,,,0,,0.0
0P0001OF68.BO,SBI MultiCap Fund,10,,,,,0,,0.0
0P0001OF69.BO,SBI MultiCap Fund,10,,,,,0,,0.0
0P0001OF6C.BO,SBI MultiCap Fund,10,,,,,0,,0.0
0P0001OF6D.BO,SBI MultiCap Fund,10,,,,,0,,0.0
0P0001OHD2.BO,Navi Nifty Midcap 150 Index Fund,10,,,,,0,,0.0
0P0001OHD3.BO,Navi Nifty Midcap 150 Index Fund,10,,,,,0,,0.0
0P0001OJKV.BO,Nippon India Fixed Maturity Plan - XLIII - Series 5,10,,,,,0,,0.0
0P0001OJKW.BO,Nippon India Fixed Maturity Plan - XLIII - Series 5,10,,,,,0,,0.0
0P0001OJKX.BO,Nippon India Fixed Maturity Plan - XLIII - Series 5,10,,,,,0,,0.0
0P0001OJKY.BO,Nippon India Fixed Maturity Plan - XLIII - Series 5,10,,,,,0,,0.0
0P0001OK0H.BO,Navi NASDAQ100 US Specific Equity Passive FOF,10,,,,,0,,0.0
0P0001OK0I.BO,Navi NASDAQ100 US Specific Equity Passive FOF,10,,,,,0,,0.0
0P0001OKF7.BO,Motilal Oswal BSE Low Volatility Index Fund,10,,,,,0,,0.0
0P0001OKF8.BO,Motilal Oswal BSE Low Volatility Index Fund,10,,,,,0,,0.0
0P0001OMHQ.BO,HDFC FMP 1861D March 2022,10,,,,,0,,0.0
0P0001OMHR.BO,HDFC FMP 1861D March 2022,10,,,,,3,,-2.5900000000000003
0P0001OMHS.BO,HDFC FMP 1861D March 2022,10,,,,,0,,0.0
0P0001OMHT.BO,HDFC FMP 1861D March 2022,10,,,,,0,,0.0
0P0001OMHU.BO,HDFC FMP 1861D March 2022,10,,,,,3,,-2.555
0P0001OMHV.BO,HDFC FMP 1861D March 2022,10,,,,,0,,0.0
0P0001ON5T.BO,DSP Nifty SDL Plus G-Sec Jun 2028 30:70 Index Fund,10,,,,,0,,0.0
0P0001ON5U.BO,DSP Nifty SDL Plus G-Sec Jun 2028 30:70 Index Fund,10,,,,,0,,0.0
0P0001ON5W.BO,DSP Nifty SDL Plus G-Sec Jun 2028 30:70 Index Fund,10,,,,,0,,0.0
0P0001ON5X.BO,DSP Nifty SDL Plus G-Sec Jun 2028 30:70 Index Fund,10,,,,,0,,0.0
0P0001ONXE.BO,SBI Fixed Maturity Plan (FMP) - Series 61 (1927 Days),10,,,,,0,,0.0
0P0001ONXF.BO,SBI Fixed Maturity Plan (FMP) - Series 61 (1927 Days),10,,,,,0,,0.0
0P0001ONXH.BO,SBI Fixed Maturity Plan (FMP) - Series 61 (1927 Days),10,,,,,0,,0.0
0P0001ONXI.BO,SBI Fixed Maturity Plan (FMP) - Series 61 (1927 Days),10,,,,,0,,0.0
0P0001OO52.BO,HDFC FMP 1876D March 2022,10,,,,,0,,0.0
0P0001OO53.BO,HDFC FMP 1876D March 2022,10,,,,,0,,0.0
0P0001OO54.BO,HDFC FMP 1876D March 2022,10,,,,,3,,-2.595
0P0001OO55.BO,HDFC FMP 1876D March 2022,10,,,,,0,,0.0
0P0001OO56.BO,HDFC FMP 1876D March 2022,10,,,,,0,,0.0
0P0001OO57.BO,HDFC FMP 1876D March 2022,10,,,,,3,,-2.555
0P0001OOX9.BO,Nippon India Nifty AAA CPSE Bond Plus SDL - Apr 2027 Maturity 60:40 Index Fund,10,,,,,0,,0.0
0P0001OOXA.BO,Nippon India Nifty AAA CPSE Bond Plus SDL - Apr 2027 Maturity 60:40 Index Fund,10,,,,,0,,0.0
0P0001OOXC.BO,Nippon India Nifty AAA CPSE Bond Plus SDL - Apr 2027 Maturity 60:40 Index Fund,10,,,,,0,,0.0
0P0001OP27.BO,Aditya Birla Sun Life Fixed Term Plan - Series TQ (1879 days),10,,,,,0,,0.0
0P0001OP29.BO,Aditya Birla Sun Life Fixed Term Plan - Series TQ (1879 days),10,,,,,0,,0.0
0P0001OP2A.BO,Aditya Birla Sun Life Fixed Term Plan - Series TQ (1879 days),10,,,,,0,,0.0
0P0001OP9L.BO,ICICI Prudential Nifty SDL Sep 2027 Index Fund,10,,,,,0,,0.0
0P0001OP9M.BO,ICICI Prudential Nifty SDL Sep 2027 Index Fund,10,,,,,0,,0.0
0P0001OP9O.BO,ICICI Prudential Nifty SDL Sep 2027 Index Fund,10,,,,,0,,0.0
0P0001OPUP.BO,Tata Nifty SDL Plus AAA PSU Bond Dec 2027 60 40 Index Fund,10,,,,,0,,0.0
0P0001OPUQ.BO,Tata Nifty SDL Plus AAA PSU Bond Dec 2027 60 40 Index Fund,10,,,,,0,,0.0
0P0001OPUT.BO,Tata Nifty SDL Plus AAA PSU Bond Dec 2027 60 40 Index Fund,10,,,,,0,,0.0
0P0001OPUU.BO,Tata Nifty SDL Plus AAA PSU Bond Dec 2027 60 40 Index Fund,10,,,,,0,,0.0
0P0001OQ1W.BO,Tata Nifty India Digital ETF Fund of Fund,10,,,,,0,,0.0
0P0001OQ1X.BO,Tata Nifty India Digital ETF Fund of Fund,10,,,,,0,,0.0
0P0001OQ1Z.BO,Tata Nifty India Digital ETF Fund of Fund,10,,,,,0,,0.0
0P0001OQ20.BO,Tata Nifty India Digital ETF Fund of Fund,10,,,,,0,,0.0
0P0001OQQD.BO,Aditya Birla Sun Life Crisil IBX 60:40 SDL+AAA PSU-APR 2027 Index Fund,10,,,,,0,,0.0
0P0001OQQE.BO,Aditya Birla Sun Life Crisil IBX 60:40 SDL+AAA PSU-APR 2027 Index Fund,10,,,,,0,,0.0
0P0001OQQF.BO,Aditya Birla Sun Life Crisil IBX 60:40 SDL+AAA PSU-APR 2027 Index Fund,10,,,,,0,,0.0
0P0001OQQH.BO,Aditya Birla Sun Life Crisil IBX 60:40 SDL+AAA PSU-APR 2027 Index Fund,10,,,,,0,,0.0
0P0001OQVE.BO,ICICI PRUDENTIAL HOUSING OPPORTUNITIES FUND,10,,,,,0,,0.0
0P0001OQVF.BO,ICICI PRUDENTIAL HOUSING OPPORTUNITIES FUND,10,,,,,2,,-4.24
0P0001OQVH.BO,ICICI PRUDENTIAL HOUSING OPPORTUNITIES FUND,10,,,,,0,,0.0
0P0001OQVI.BO,ICICI PRUDENTIAL HOUSING OPPORTUNITIES FUND,10,,,,,2,,-4.39
0P0001ORE7.BO,Invesco India - Invesco EQQQ Nasdaq-100 ETF Fund of Fund,10,,,,,0,,0.0
0P0001ORE8.BO,Invesco India - Invesco EQQQ Nasdaq-100 ETF Fund of Fund,10,,,,,0,,0.0
0P0001ORPF.BO,NJ Arbitrage Fund,10,,,,,0,,0.0
0P0001ORPI.BO,NJ Arbitrage Fund,10,,,,,0,,0.0
0P0001OSOW.BO,WhiteOak Capital Flexi Cap Fund,10,,,,,0,,0.0
0P0001OSOX.BO,WhiteOak Capital Flexi Cap Fund,10,,,,,0,,0.0
0P0001OSOZ.BO,WhiteOak Capital Flexi Cap Fund,10,,,,,0,,0.0
0P0001OSP0.BO,WhiteOak Capital Flexi Cap Fund,10,,,,,0,,0.0
0P0001PDOI.BO,Edelweiss Focused Fund,10,,,,,0,,0.0
0P0001PDOJ.BO,Edelweiss Focused Fund,10,,,,,1,,4.815
0P0001PDOM.BO,Edelweiss Focused Fund,10,,,,,0,,0.0
0P0001PDON.BO,Edelweiss Focused Fund,10,,,,,1,,5.145
0P0001PDQ2.BO,Union Gilt Fund,10,,,,,1,,3.2
0P0001PDQ3.BO,Union Gilt Fund,10,,,,,0,,0.0
0P0001PDQ4.BO,Union Gilt Fund,10,,,,,0,,0.0
0P0001PDQ9.BO,Union Gilt Fund,10,,,,,1,,3.135
0P0001PDQA.BO,Union Gilt Fund,10,,,,,0,,0.0
0P0001PDQB.BO,Union Gilt Fund,10,,,,,0,,0.0
0P0001PE3Y.BO,DSP Nifty Midcap 150 Quality 50 Index Fund,10,,,,,2,,-2.83
0P0001PE3Z.BO,DSP Nifty Midcap 150 Quality 50 Index Fund,10,,,,,0,,0.0
0P0001PE41.BO,DSP Nifty Midcap 150 Quality 50 Index Fund,10,,,,,1,,-2.79
0P0001PE42.BO,DSP Nifty Midcap 150 Quality 50 Index Fund,10,,,,,0,,0.0
0P0001PE7P.BO,UTI 10 year Constant Maturity Gilt Fund,10,,,,,0,,0.0
0P0001PE7Q.BO,UTI 10 year Constant Maturity Gilt Fund,10,,,,,0,,0.0
0P0001PE7R.BO,UTI 10 year Constant Maturity Gilt Fund,10,,,,,0,,0.0
0P0001PE7S.BO,UTI 10 year Constant Maturity Gilt Fund,10,,,,,1,,0.0
0P0001PE7T.BO,UTI 10 year Constant Maturity Gilt Fund,10,,,,,0,,0.0
0P0001PE7Y.BO,UTI 10 year Constant Maturity Gilt Fund,10,,,,,0,,0.0
0P0001PE7Z.BO,UTI 10 year Constant Maturity Gilt Fund,10,,,,,0,,0.0
0P0001PE80.BO,UTI 10 year Constant Maturity Gilt Fund,10,,,,,0,,0.0
0P0001PE81.BO,UTI 10 year Constant Maturity Gilt Fund,10,,,,,1,,0.0
0P0001PE82.BO,UTI 10 year Constant Maturity Gilt Fund,10,,,,,0,,0.0
0P0001PE99.BO,Quantum Nifty 50 ETF FOF,10,,,,,0,,0.0
0P0001PE9A.BO,Quantum Nifty 50 ETF FOF,10,,,,,0,,0.0
0P0001PEG9.BO,Motilal Oswal BSE Financials ex Bank 30 Index Fund,10,,,,,0,,0.0
0P0001PEGA.BO,Motilal Oswal BSE Financials ex Bank 30 Index Fund,10,,,,,0,,0.0
0P0001PEU6.BO,quant Large Cap Fund,10,,,,,0,,0.0
0P0001PEU7.BO,quant Large Cap Fund,10,,,,,0,,0.0
0P0001PEU9.BO,quant Large Cap Fund,10,,,,,0,,0.0
0P0001PEUA.BO,quant Large Cap Fund,10,,,,,0,,0.0
0P0001PF2G.BO,Baroda BNP Paribas Flexi Cap Fund,10,,,,,1,,-4.69
0P0001PF2H.BO,Baroda BNP Paribas Flexi Cap Fund,10,,,,,0,,0.0
0P0001PF2J.BO,Baroda BNP Paribas Flexi Cap Fund,10,,,,,1,,-4.725
0P0001PF2K.BO,Baroda BNP Paribas Flexi Cap Fund,10,,,,,0,,0.0
0P0001PF3U.BO,ICICI Prudential Nifty 200 Momentum 30 Index Fund,10,,,,,0,,0.0
0P0001PF3V.BO,ICICI Prudential Nifty 200 Momentum 30 Index Fund,10,,,,,0,,0.0
0P0001PF3Y.BO,ICICI Prudential Nifty 200 Momentum 30 Index Fund,10,,,,,0,,0.0
0P0001PF4D.BO,BANDHAN MID CAP FUND,10,,,,,0,,0.0
0P0001PF4E.BO,BANDHAN MID CAP FUND,10,,,,,0,,0.0
0P0001PF4H.BO,BANDHAN MID CAP FUND,10,,,,,0,,0.0
0P0001PF4I.BO,BANDHAN MID CAP FUND,10,,,,,1,,0.0
0P0001PFOQ.BO,Mirae Asset Balanced Advantage Fund,10,,,,,0,,0.0
0P0001PFOR.BO,Mirae Asset Balanced Advantage Fund,10,,,,,1,,0.0
0P0001PFOT.BO,Mirae Asset Balanced Advantage Fund,10,,,,,0,,0.0
0P0001PFOU.BO,Mirae Asset Balanced Advantage Fund,10,,,,,1,,0.0
0P0001PFVD.BO,ICICI Prudential Nifty IT Index Fund,10,,,,,0,,0.0
0P0001PFVF.BO,ICICI Prudential Nifty IT Index Fund,10,,,,,0,,0.0
0P0001PFVH.BO,ICICI Prudential Nifty IT Index Fund,10,,,,,0,,0.0
0P0001PFVI.BO,ICICI Prudential Nifty IT Index Fund,10,,,,,0,,0.0
0P0001PFWL.BO,Aditya Birla Sun Life Long Term Fund,10,,,,,1,,-3.46
0P0001PFWN.BO,Aditya Birla Sun Life Long Term Fund,10,,,,,0,,0.0
0P0001PFWO.BO,Aditya Birla Sun Life Long Term Fund,10,,,,,1,,-3.4499999999999997
0P0001PFWQ.BO,Aditya Birla Sun Life Long Term Fund,10,,,,,0,,0.0
0P0001PHEC.BO,Canara Robeco Banking and PSU Debt Fund,10,,,,,1,,-1.24
0P0001PHED.BO,Canara Robeco Banking and PSU Debt Fund,10,,,,,0,,0.0
0P0001PHEF.BO,Canara Robeco Banking and PSU Debt Fund,10,,,,,3,,-1.2800000000000002
0P0001PHEG.BO,Canara Robeco Banking and PSU Debt Fund,10,,,,,0,,0.0
0P0001PHF1.BO,Nippon India Nifty Alpha Low Volatility 30 Index Fund,10,,,,,0,,0.0
0P0001PHF2.BO,Nippon India Nifty Alpha Low Volatility 30 Index Fund,10,,,,,0,,0.0
0P0001PHF5.BO,Nippon India Nifty Alpha Low Volatility 30 Index Fund,10,,,,,0,,0.0
0P0001PHMK.BO,Franklin India Balanced Advantage Fund,10,,,,,3,,0.45999999999999974
0P0001PHML.BO,Franklin India Balanced Advantage Fund,10,,,,,0,,0.0
0P0001PHMN.BO,Franklin India Balanced Advantage Fund,10,,,,,3,,0.5449999999999999
0P0001PHMO.BO,Franklin India Balanced Advantage Fund,10,,,,,0,,0.0
0P0001PHVM.BO,Motilal Oswal BSE Enhanced Value Index Fund,10,,,,,0,,0.0
0P0001PHVN.BO,Motilal Oswal BSE Enhanced Value Index Fund,10,,,,,0,,0.0
0P0001PHVO.BO,Motilal Oswal BSE Quality Index Fund,10,,,,,0,,0.0
0P0001PHVP.BO,Motilal Oswal BSE Quality Index Fund,10,,,,,0,,0.0
0P0001PHY4.BO,LIC MF Money Market Fund,10,,,,,0,,0.0
0P0001PHY5.BO,LIC MF Money Market Fund,10,,,,,0,,0.0
0P0001PHY7.BO,LIC MF Money Market Fund,10,,,,,0,,0.0
0P0001PHY8.BO,LIC MF Money Market Fund,10,,,,,0,,0.0
0P0001PI2C.BO,TRUSTMF Money Market Fund,10,,,,,1,,-1.6599999999999997
0P0001PI2D.BO,TRUSTMF Money Market Fund,10,,,,,0,,0.0
0P0001PI2F.BO,TRUSTMF Money Market Fund,10,,,,,1,,-0.8749999999999999
0P0001PI2G.BO,TRUSTMF Money Market Fund,10,,,,,0,,0.0
0P0001PIFK.BO,Navi Nifty India Manufacturing Index Fund,10,,,,,0,,0.0
0P0001PIFL.BO,Navi Nifty India Manufacturing Index Fund,10,,,,,0,,0.0
0P0001PIFP.BO,TATA HOUSING OPPORTUNITIES FUND,10,,,,,0,,0.0
0P0001PIFQ.BO,TATA HOUSING OPPORTUNITIES FUND,10,,,,,0,,0.0
0P0001PIFS.BO,TATA HOUSING OPPORTUNITIES FUND,10,,,,,0,,0.0
0P0001PIFT.BO,TATA HOUSING OPPORTUNITIES FUND,10,,,,,0,,0.0
0P0001PIPP.BO,ICICI PRUDENTIAL PSU EQUITY FUND,10,,,,,0,,0.0
0P0001PIPQ.BO,ICICI PRUDENTIAL PSU EQUITY FUND,10,,,,,2,,-4.19
0P0001PIPS.BO,ICICI PRUDENTIAL PSU EQUITY FUND,10,,,,,0,,0.0
0P0001PIPT.BO,ICICI PRUDENTIAL PSU EQUITY FUND,10,,,,,2,,-4.325
0P0001PKHA.BO,Sundaram Flexicap Fund,10,,,,,0,,0.0
0P0001PKHB.BO,Sundaram Flexicap Fund,10,,,,,3,,1.165
0P0001PKHE.BO,Sundaram Flexicap Fund,10,,,,,0,,0.0
0P0001PKHF.BO,Sundaram Flexicap Fund,10,,,,,3,,1.1799999999999997
0P0001PL1M.BO,WhiteOak Capital Mid Cap Fund,10,,,,,0,,0.0
0P0001PL1N.BO,WhiteOak Capital Mid Cap Fund,10,,,,,0,,0.0
0P0001PL1P.BO,WhiteOak Capital Mid Cap Fund,10,,,,,0,,0.0
0P0001PL1Q.BO,WhiteOak Capital Mid Cap Fund,10,,,,,0,,0.0
0P0001PL1R.BO,WhiteOak Capital ELSS Tax Saver Fund,10,,,,,0,,0.0
0P0001PL1S.BO,WhiteOak Capital ELSS Tax Saver Fund,10,,,,,0,,0.0
0P0001PL1T.BO,WhiteOak Capital ELSS Tax Saver Fund,10,,,,,0,,0.0
0P0001PL1U.BO,WhiteOak Capital ELSS Tax Saver Fund,10,,,,,0,,0.0
0P0001PL1Y.BO,Mirae Asset Global Electric & Autonomous Vehicles Equity Passive FOF,10,,,,,0,,0.0
0P0001PL1Z.BO,Mirae Asset Global Electric & Autonomous Vehicles Equity Passive FOF,10,,,,,0,,0.0
0P0001PL2M.BO,Mirae Asset Global X Artificial Intelligence & Technology ETF Fund of Fund,10,,,,,0,,0.0
0P0001PL2N.BO,Mirae Asset Global X Artificial Intelligence & Technology ETF Fund of Fund,10,,,,,0,,0.0
0P0001PL7P.BO,BANDHAN NIFTY200 MOMENTUM 30 INDEX FUND,10,,,,,0,,0.0
0P0001PL7Q.BO,BANDHAN NIFTY200 MOMENTUM 30 INDEX FUND,10,,,,,0,,0.0
0P0001PL7T.BO,BANDHAN NIFTY200 MOMENTUM 30 INDEX FUND,10,,,,,0,,
0P0001PL7U.BO,BANDHAN NIFTY200 MOMENTUM 30 INDEX FUND,10,,,,,0,,0.0
0P0001PLMJ.BO,Edelweiss Gold and Silver ETF FOF,10,,,,,0,,0.0
0P0001PLMK.BO,Edelweiss Gold and Silver ETF FOF,10,,,,,1,,2.445
0P0001PLMN.BO,Edelweiss Gold and Silver ETF FOF,10,,,,,0,,0.0
0P0001PLMO.BO,Edelweiss Gold and Silver ETF FOF,10,,,,,1,,2.485
0P0001PMNH.BO,Union Retirement Fund,10,,,,,0,,0.0
0P0001PMNI.BO,Union Retirement Fund,10,,,,,1,,0.63
0P0001PMNJ.BO,Union Retirement Fund,10,,,,,0,,0.0
0P0001PMNK.BO,Union Retirement Fund,10,,,,,1,,4.18
0P0001PNK3.BO,Axis Silver Fund of Fund,10,,,,,0,,0.0
0P0001PNK4.BO,Axis Silver Fund of Fund,10,,,,,0,,0.0
0P0001PNK6.BO,Axis Silver Fund of Fund,10,,,,,0,,0.0
0P0001PNK7.BO,Axis Silver Fund of Fund,10,,,,,0,,0.0
0P0001POHO.BO,Kotak Business Cycle Fund,10,,,,,0,,0.0
0P0001POHP.BO,Kotak Business Cycle Fund,10,,,,,1,,0.0
0P0001POHR.BO,Kotak Business Cycle Fund,10,,,,,0,,0.0
0P0001POHS.BO,Kotak Business Cycle Fund,10,,,,,1,,0.0
0P0001POHZ.BO,Nippon India Fixed Maturity Plan - XLIV - Series 1,10,,,,,0,,0.0
0P0001POI0.BO,Nippon India Fixed Maturity Plan - XLIV - Series 1,10,,,,,0,,0.0
0P0001POI1.BO,Nippon India Fixed Maturity Plan - XLIV - Series 1,10,,,,,0,,0.0
0P0001POI2.BO,Nippon India Fixed Maturity Plan - XLIV - Series 1,10,,,,,0,,0.0
0P0001POQT.BO,BANDHAN Nifty100 Low Volatility 30 Index Fund,10,,,,,0,,0.0
0P0001POQU.BO,BANDHAN Nifty100 Low Volatility 30 Index Fund,10,,,,,0,,0.0
0P0001POQX.BO,BANDHAN Nifty100 Low Volatility 30 Index Fund,10,,,,,0,,0.0
0P0001POQY.BO,BANDHAN Nifty100 Low Volatility 30 Index Fund,10,,,,,0,,0.0
0P0001PP33.BO,ICICI Prudential Nifty50 Equal Weight Index Fund-,10,,,,,0,,0.0
0P0001PP35.BO,ICICI Prudential Nifty50 Equal Weight Index Fund-,10,,,,,0,,0.0
0P0001PP36.BO,ICICI Prudential Nifty50 Equal Weight Index Fund-,10,,,,,0,,0.0
0P0001PQB5.BO,ICICI Prudential Nifty Auto Index Fund,10,,,,,0,,0.0
0P0001PQB6.BO,ICICI Prudential Nifty Auto Index Fund,10,,,,,0,,0.0
0P0001PQB9.BO,ICICI Prudential Nifty Auto Index Fund,10,,,,,0,,0.0
0P0001PQBA.BO,ICICI Prudential Nifty Auto Index Fund,10,,,,,0,,0.0
0P0001PR6C.BO,SBI Nifty Midcap 150 Index Fund,10,,,,,0,,0.0
0P0001PR6D.BO,SBI Nifty Midcap 150 Index Fund,10,,,,,0,,0.0
0P0001PR6G.BO,SBI Nifty Midcap 150 Index Fund,10,,,,,0,,0.0
0P0001PR6H.BO,SBI Nifty Midcap 150 Index Fund,10,,,,,0,,0.0
0P0001PR88.BO,SBI Nifty Smallcap 250 Index Fund,10,,,,,0,,0.0
0P0001PR89.BO,SBI Nifty Smallcap 250 Index Fund,10,,,,,0,,0.0
0P0001PR8C.BO,SBI Nifty Smallcap 250 Index Fund,10,,,,,0,,0.0
0P0001PR8D.BO,SBI Nifty Smallcap 250 Index Fund,10,,,,,0,,0.0
0P0001PREJ.BO,SBI CRISIL IBX Gilt Index - June 2036 Fund,10,,,,,0,,0.0
0P0001PREL.BO,SBI CRISIL IBX Gilt Index - June 2036 Fund,10,,,,,0,,0.0
0P0001PREQ.BO,SBI CRISIL IBX Gilt Index - June 2036 Fund,10,,,,,0,,0.0
0P0001PRES.BO,SBI CRISIL IBX Gilt Index - June 2036 Fund,10,,,,,0,,0.0
0P0001PRUE.BO,Motilal Oswal Gold and Silver Passive Fund of Funds,10,,,,,0,,0.0
0P0001PRUF.BO,Motilal Oswal Gold and Silver Passive Fund of Funds,10,,,,,0,,0.0
0P0001PRWC.BO,Edelweiss CRISIL IBX 50:50 Gilt Plus SDL April 2037 Index Fund,10,,,,,0,,0.0
0P0001PRWD.BO,Edelweiss CRISIL IBX 50:50 Gilt Plus SDL April 2037 Index Fund,10,,,,,1,,3.965
0P0001PRWG.BO,Edelweiss CRISIL IBX 50:50 Gilt Plus SDL April 2037 Index Fund,10,,,,,0,,0.0
0P0001PRWH.BO,Edelweiss CRISIL IBX 50:50 Gilt Plus SDL April 2037 Index Fund,10,,,,,1,,4.01
0P0001PRXA.BO,SBI CRISIL IBX Gilt Index - April 2029 Fund,10,,,,,0,,0.0
0P0001PRXB.BO,SBI CRISIL IBX Gilt Index - April 2029 Fund,10,,,,,0,,0.0
0P0001PRXE.BO,SBI CRISIL IBX Gilt Index - April 2029 Fund,10,,,,,0,,0.0
0P0001PRXF.BO,SBI CRISIL IBX Gilt Index - April 2029 Fund,10,,,,,0,,0.0
0P0001PRXL.BO,SBI CRISIL IBX SDL Index - September 2027 Fund,10,,,,,0,,0.0
0P0001PRXM.BO,SBI CRISIL IBX SDL Index - September 2027 Fund,10,,,,,0,,0.0
0P0001PRXP.BO,SBI CRISIL IBX SDL Index - September 2027 Fund,10,,,,,0,,0.0
0P0001PRXQ.BO,SBI CRISIL IBX SDL Index - September 2027 Fund,10,,,,,0,,0.0
0P0001PS6X.BO,ICICI PRUDENTIAL TRANSPORTATION AND LOGISTICS FUND,10,,,,,0,,0.0
0P0001PS6Y.BO,ICICI PRUDENTIAL TRANSPORTATION AND LOGISTICS FUND,10,,,,,2,,-4.44
0P0001PS71.BO,ICICI PRUDENTIAL TRANSPORTATION AND LOGISTICS FUND,10,,,,,0,,0.0
0P0001PS72.BO,ICICI PRUDENTIAL TRANSPORTATION AND LOGISTICS FUND,10,,,,,2,,-4.565
0P0001PSHP.BO,Aditya Birla Sun Life Crisil IBX 50:50 Gilt Plus SDL Apr 2028 Index Fund,10,,,,,0,,0.0
0P0001PSHQ.BO,Aditya Birla Sun Life Crisil IBX 50:50 Gilt Plus SDL Apr 2028 Index Fund,10,,,,,0,,0.0
0P0001PSHR.BO,Aditya Birla Sun Life Crisil IBX 50:50 Gilt Plus SDL Apr 2028 Index Fund,10,,,,,0,,0.0
0P0001PSHS.BO,Aditya Birla Sun Life Crisil IBX 50:50 Gilt Plus SDL Apr 2028 Index Fund,10,,,,,0,,0.0
0P0001PSL5.BO,BANDHAN TRANSPORTATION AND LOGISTICS FUND,10,,,,,0,,0.0
0P0001PSL6.BO,BANDHAN TRANSPORTATION AND LOGISTICS FUND,10,,,,,0,,0.0
0P0001PSL9.BO,BANDHAN TRANSPORTATION AND LOGISTICS FUND,10,,,,,0,,0.0
0P0001PSLA.BO,BANDHAN TRANSPORTATION AND LOGISTICS FUND,10,,,,,1,,0.0
0P0001PSPK.BO,UTI Gold ETF Fund of Fund,10,,,,,0,,0.0
0P0001PSPL.BO,UTI Gold ETF Fund of Fund,10,,,,,0,,0.0
0P0001PT9I.BO,ICICI Prudential Nifty G-Sec Dec 2030 Index Fund,10,,,,,0,,0.0
0P0001PT9J.BO,ICICI Prudential Nifty G-Sec Dec 2030 Index Fund,10,,,,,0,,0.0
0P0001PT9L.BO,ICICI Prudential Nifty G-Sec Dec 2030 Index Fund,10,,,,,0,,0.0
0P0001PT9M.BO,ICICI Prudential Nifty G-Sec Dec 2030 Index Fund,10,,,,,0,,0.0
0P0001PTA2.BO,Kotak Nifty SDL Plus AAA PSU Bond Jul 2028 60 - 40 Index Fund,10,,,,,0,,0.0
0P0001PTA3.BO,Kotak Nifty SDL Plus AAA PSU Bond Jul 2028 60 - 40 Index Fund,10,,,,,0,,0.0
0P0001PTA5.BO,Kotak Nifty SDL Plus AAA PSU Bond Jul 2028 60 - 40 Index Fund,10,,,,,0,,0.0
0P0001PTA6.BO,Kotak Nifty SDL Plus AAA PSU Bond Jul 2028 60 - 40 Index Fund,10,,,,,0,,0.0
0P0001PTLQ.BO,ICICI Prudential Nifty SDL Dec 2028 Index Fund,10,,,,,0,,0.0
0P0001PTLR.BO,ICICI Prudential Nifty SDL Dec 2028 Index Fund,10,,,,,0,,0.0
0P0001PTLT.BO,ICICI Prudential Nifty SDL Dec 2028 Index Fund,10,,,,,0,,0.0
0P0001PTLU.BO,ICICI Prudential Nifty SDL Dec 2028 Index Fund,10,,,,,0,,0.0
0P0001PTU0.BO,Tata Nifty Midcap 150 Momentum 50 Index Fund,10,,,,,0,,0.0
0P0001PTU2.BO,Tata Nifty Midcap 150 Momentum 50 Index Fund,10,,,,,0,,0.0
0P0001PTU3.BO,Tata Nifty Midcap 150 Momentum 50 Index Fund,10,,,,,0,,0.0
0P0001PU07.BO,HDFC Silver ETF Fund of Fund,10,,,,,0,,0.0
0P0001PU08.BO,HDFC Silver ETF Fund of Fund,10,,,,,0,,0.0
0P0001PU0W.BO,Axis NASDAQ 100 US Specific Equity Passive FOF,10,,,,,0,,0.0
0P0001PU0X.BO,Axis NASDAQ 100 US Specific Equity Passive FOF,10,,,,,0,,0.0
0P0001PU0Z.BO,Axis NASDAQ 100 US Specific Equity Passive FOF,10,,,,,0,,0.0
0P0001PU10.BO,Axis NASDAQ 100 US Specific Equity Passive FOF,10,,,,,0,,0.0
0P0001PUB4.BO,Edelweiss CRISIL IBX 50:50 Gilt Plus SDL June 2027 Index Fund,10,,,,,0,,0.0
0P0001PUB5.BO,Edelweiss CRISIL IBX 50:50 Gilt Plus SDL June 2027 Index Fund,10,,,,,1,,6.51
0P0001PUB8.BO,Edelweiss CRISIL IBX 50:50 Gilt Plus SDL June 2027 Index Fund,10,,,,,0,,0.0
0P0001PUB9.BO,Edelweiss CRISIL IBX 50:50 Gilt Plus SDL June 2027 Index Fund,10,,,,,1,,6.574999999999999
0P0001PUJL.BO,Nippon India Nifty AAA PSU Bond Plus SDL - Sep 2026 Maturity 50:50 Index Fund,10,,,,,0,,0.0
0P0001PUJM.BO,Nippon India Nifty AAA PSU Bond Plus SDL - Sep 2026 Maturity 50:50 Index Fund,10,,,,,0,,0.0
0P0001PUJO.BO,Nippon India Nifty AAA PSU Bond Plus SDL - Sep 2026 Maturity 50:50 Index Fund,10,,,,,0,,0.0
0P0001PUJP.BO,Nippon India Nifty AAA PSU Bond Plus SDL - Sep 2026 Maturity 50:50 Index Fund,10,,,,,0,,0.0
0P0001PUMZ.BO,Aditya Birla Sun Life Crisil IBX Gilt -Apr 2029 Index Fund,10,,,,,1,,-1.8099999999999998
0P0001PUN0.BO,Aditya Birla Sun Life Crisil IBX Gilt -Apr 2029 Index Fund,10,,,,,0,,0.0
0P0001PUN1.BO,Aditya Birla Sun Life Crisil IBX Gilt -Apr 2029 Index Fund,10,,,,,2,,-1.8650000000000002
0P0001PUN2.BO,Aditya Birla Sun Life Crisil IBX Gilt -Apr 2029 Index Fund,10,,,,,0,,0.0
0P0001PUPL.BO,LIC MF Multi Cap Fund,10,,,,,0,,0.0
0P0001PUPN.BO,LIC MF Multi Cap Fund,10,,,,,0,,0.0
0P0001PUPO.BO,LIC MF Multi Cap Fund,10,,,,,0,,0.0
0P0001PUPQ.BO,LIC MF Multi Cap Fund,10,,,,,0,,0.0
0P0001PXDH.BO,Edelweiss CRISIL IBX 50:50 Gilt Plus SDL Sep 2028 Index Fund,10,,,,,0,,0.0
0P0001PXDI.BO,Edelweiss CRISIL IBX 50:50 Gilt Plus SDL Sep 2028 Index Fund,10,,,,,1,,3.1499999999999995
0P0001PXDL.BO,Edelweiss CRISIL IBX 50:50 Gilt Plus SDL Sep 2028 Index Fund,10,,,,,0,,0.0
0P0001PXDM.BO,Edelweiss CRISIL IBX 50:50 Gilt Plus SDL Sep 2028 Index Fund,10,,,,,1,,3.18
0P0001PXJW.BO,HDFC Business Cycle Fund,10,,,,,0,,0.0
0P0001PXJX.BO,HDFC Business Cycle Fund,10,,,,,0,,0.0
0P0001PXJZ.BO,HDFC Business Cycle Fund,10,,,,,0,,0.0
0P0001PXK0.BO,HDFC Business Cycle Fund,10,,,,,0,,0.0
0P0001PXW9.BO,JM Mid Cap Fund,10,,,,,0,,0.0
0P0001PXWB.BO,JM Mid Cap Fund,10,,,,,0,,0.0
0P0001PXWC.BO,JM Mid Cap Fund,10,,,,,0,,0.0
0P0001PXWE.BO,JM Mid Cap Fund,10,,,,,0,,0.0
0P0001PYCC.BO,Kotak Income Plus Arbitrage Omni FOF,10,,,,,0,,0.0
0P0001PYCD.BO,Kotak Income Plus Arbitrage Omni FOF,10,,,,,0,,0.0
0P0001PYCF.BO,Kotak Income Plus Arbitrage Omni FOF,10,,,,,0,,0.0
0P0001PYIM.BO,HDFC Nifty G-Sec Dec 2026 Index Fund,10,,,,,0,,0.0
0P0001PYIN.BO,HDFC Nifty G-Sec Dec 2026 Index Fund,10,,,,,0,,0.0
0P0001PYIQ.BO,HDFC Nifty G-Sec July 2031 Index Fund,10,,,,,0,,0.0
0P0001PYIR.BO,HDFC Nifty G-Sec July 2031 Index Fund,10,,,,,0,,0.0
0P0001PYOW.BO,Samco ELSS Tax Saver Fund,10,,,,,0,,0.0
0P0001PYOX.BO,Samco ELSS Tax Saver Fund,10,,,,,0,,0.0
0P0001PZ2H.BO,Nippon India Nifty SDL Plus G-Sec - Jun 2028 Maturity 70:30 Index Fund,10,,,,,0,,0.0
0P0001PZ2I.BO,Nippon India Nifty SDL Plus G-Sec - Jun 2028 Maturity 70:30 Index Fund,10,,,,,0,,0.0
0P0001PZ2K.BO,Nippon India Nifty SDL Plus G-Sec - Jun 2028 Maturity 70:30 Index Fund,10,,,,,0,,0.0
0P0001PZ2L.BO,Nippon India Nifty SDL Plus G-Sec - Jun 2028 Maturity 70:30 Index Fund,10,,,,,0,,0.0
0P0001PZ2T.BO,WhiteOak Capital Large Cap Fund,10,,,,,0,,0.0
0P0001PZ2U.BO,WhiteOak Capital Large Cap Fund,10,,,,,0,,0.0
0P0001PZ2W.BO,WhiteOak Capital Large Cap Fund,10,,,,,0,,0.0
0P0001PZ2X.BO,WhiteOak Capital Large Cap Fund,10,,,,,0,,0.0
0P0001PZQI.BO,Canara Robeco Mid Cap Fund,10,,,,,0,,0.0
0P0001PZQJ.BO,Canara Robeco Mid Cap Fund,10,,,,,2,,-1.82
0P0001PZQL.BO,Canara Robeco Mid Cap Fund,10,,,,,0,,0.0
0P0001PZQM.BO,Canara Robeco Mid Cap Fund,10,,,,,2,,-1.8349999999999997
0P0001Q065.BO,Baroda BNP Paribas Multi Asset Fund,10,,,,,0,,0.0
0P0001Q066.BO,Baroda BNP Paribas Multi Asset Fund,10,,,,,2,,-1.505
0P0001Q068.BO,Baroda BNP Paribas Multi Asset Fund,10,,,,,0,,0.0
0P0001Q069.BO,Baroda BNP Paribas Multi Asset Fund,10,,,,,2,,-2.4
0P0001Q0AV.BO,BANDHAN CRISIL IBX 90:10 SDL PLUS GILT - NOV 2026 INDEX FUND,10,,,,,0,,0.0
0P0001Q0AW.BO,BANDHAN CRISIL IBX 90:10 SDL PLUS GILT - NOV 2026 INDEX FUND,10,,,,,1,,-1.7700000000000002
0P0001Q0AZ.BO,BANDHAN CRISIL IBX 90:10 SDL PLUS GILT - NOV 2026 INDEX FUND,10,,,,,0,,0.0
0P0001Q0B0.BO,BANDHAN CRISIL IBX 90:10 SDL PLUS GILT - NOV 2026 INDEX FUND,10,,,,,1,,-2.09
0P0001Q0U5.BO,Edelweiss Nifty Next 50 Index Fund,10,,,,,0,,0.0
0P0001Q0U7.BO,Edelweiss Nifty Next 50 Index Fund,10,,,,,0,,0.0
0P0001Q0U9.BO,Edelweiss Nifty Next 50 Index Fund,10,,,,,0,,0.0
0P0001Q0UB.BO,Edelweiss Nifty Next 50 Index Fund,10,,,,,0,,0.0
0P0001Q0UH.BO,Edelweiss Nifty Smallcap 250 Index Fund,10,,,,,0,,0.0
0P0001Q0UI.BO,Edelweiss Nifty Smallcap 250 Index Fund,10,,,,,1,,3.69
0P0001Q0UL.BO,Edelweiss Nifty Smallcap 250 Index Fund,10,,,,,0,,0.0
0P0001Q0UM.BO,Edelweiss Nifty Smallcap 250 Index Fund,10,,,,,1,,3.785
0P0001Q0UT.BO,Edelweiss Nifty Midcap150 Momentum 50 Index Fund,10,,,,,0,,0.0
0P0001Q0UU.BO,Edelweiss Nifty Midcap150 Momentum 50 Index Fund,10,,,,,0,,0.0
0P0001Q0UX.BO,Edelweiss Nifty Midcap150 Momentum 50 Index Fund,10,,,,,0,,0.0
0P0001Q0UY.BO,Edelweiss Nifty Midcap150 Momentum 50 Index Fund,10,,,,,0,,0.0
0P0001Q10K.BO,BANDHAN CRISIL IBX 90:10 SDL PLUS GILT - APRIL 2032 INDEX FUND,10,,,,,0,,0.0
0P0001Q10L.BO,BANDHAN CRISIL IBX 90:10 SDL PLUS GILT - APRIL 2032 INDEX FUND,10,,,,,1,,-2.625
0P0001Q10O.BO,BANDHAN CRISIL IBX 90:10 SDL PLUS GILT - APRIL 2032 INDEX FUND,10,,,,,0,,0.0
0P0001Q10P.BO,BANDHAN CRISIL IBX 90:10 SDL PLUS GILT - APRIL 2032 INDEX FUND,10,,,,,1,,-2.785
0P0001Q111.BO,BANDHAN CRISIL IBX 90:10 SDL PLUS GILT - SEPTEMBER 2027 INDEX FUND,10,,,,,0,,0.0
0P0001Q112.BO,BANDHAN CRISIL IBX 90:10 SDL PLUS GILT - SEPTEMBER 2027 INDEX FUND,10,,,,,1,,-3.375
0P0001Q115.BO,BANDHAN CRISIL IBX 90:10 SDL PLUS GILT - SEPTEMBER 2027 INDEX FUND,10,,,,,0,,0.0
0P0001Q116.BO,BANDHAN CRISIL IBX 90:10 SDL PLUS GILT - SEPTEMBER 2027 INDEX FUND,10,,,,,1,,-3.255
0P0001Q32R.BO,Mahindra Manulife Small Cap Fund,10,,,,,0,,0.0
0P0001Q32S.BO,Mahindra Manulife Small Cap Fund,10,,,,,1,,0.0
0P0001Q32U.BO,Mahindra Manulife Small Cap Fund,10,,,,,0,,0.0
0P0001Q32V.BO,Mahindra Manulife Small Cap Fund,10,,,,,1,,0.0
0P0001Q364.BO,Nippon India Nifty G-Sec Sep 2027 Maturity Index Fund,10,,,,,0,,0.0
0P0001Q365.BO,Nippon India Nifty G-Sec Sep 2027 Maturity Index Fund,10,,,,,0,,0.0
0P0001Q367.BO,Nippon India Nifty G-Sec Sep 2027 Maturity Index Fund,10,,,,,0,,0.0
0P0001Q368.BO,Nippon India Nifty G-Sec Sep 2027 Maturity Index Fund,10,,,,,0,,0.0
0P0001Q3DM.BO,ICICI Prudential Nifty Pharma Index Fund,10,,,,,0,,0.0
0P0001Q3DN.BO,ICICI Prudential Nifty Pharma Index Fund,10,,,,,0,,0.0
0P0001Q3DP.BO,ICICI Prudential Nifty Pharma Index Fund,10,,,,,0,,0.0
0P0001Q3DQ.BO,ICICI Prudential Nifty Pharma Index Fund,10,,,,,0,,0.0
0P0001Q3PM.BO,Nippon India Nifty G-Sec Jun 2036 Maturity Index Fund,10,,,,,0,,0.0
0P0001Q3PN.BO,Nippon India Nifty G-Sec Jun 2036 Maturity Index Fund,10,,,,,0,,0.0
0P0001Q3PP.BO,Nippon India Nifty G-Sec Jun 2036 Maturity Index Fund,10,,,,,0,,0.0
0P0001Q3PQ.BO,Nippon India Nifty G-Sec Jun 2036 Maturity Index Fund,10,,,,,0,,0.0
0P0001Q403.BO,Union Multicap Fund,10,,,,,0,,0.0
0P0001Q404.BO,Union Multicap Fund,10,,,,,0,,0.0
0P0001Q407.BO,Union Multicap Fund,10,,,,,0,,0.0
0P0001Q408.BO,Union Multicap Fund,10,,,,,0,,0.0
0P0001Q6GM.BO,HDFC Nifty G-Sec Jun 2027 Index Fund,10,,,,,0,,0.0
0P0001Q6GN.BO,HDFC Nifty G-Sec Jun 2027 Index Fund,10,,,,,0,,0.0
0P0001Q6NM.BO,HDFC Nifty G-Sec Sep 2032 Index Fund,10,,,,,0,,0.0
0P0001Q6NN.BO,HDFC Nifty G-Sec Sep 2032 Index Fund,10,,,,,0,,0.0
0P0001Q6TY.BO,quant Overnight Fund,10,,,,,0,,0.0
0P0001Q6TZ.BO,quant Overnight Fund,10,,,,,0,,0.0
0P0001Q6U1.BO,quant Overnight Fund,10,,,,,0,,0.0
0P0001Q6U2.BO,quant Overnight Fund,10,,,,,0,,0.0
0P0001Q6XT.BO,Axis Long Term Fund,10,,,,,0,,0.0
0P0001Q6XU.BO,Axis Long Term Fund,10,,,,,1,,-1.76
0P0001Q6XV.BO,Axis Long Term Fund,10,,,,,1,,-0.22
0P0001Q6XW.BO,Axis Long Term Fund,10,,,,,0,,-0.105
0P0001Q6Y1.BO,Axis Long Term Fund,10,,,,,0,,0.0
0P0001Q6Y2.BO,Axis Long Term Fund,10,,,,,1,,-3.0300000000000002
0P0001Q6Y3.BO,Axis Long Term Fund,10,,,,,1,,-0.22
0P0001Q6Y4.BO,Axis Long Term Fund,10,,,,,0,,-0.105
0P0001Q8HB.BO,quant Gilt Fund,10,,,,,0,,0.0
0P0001Q8HC.BO,quant Gilt Fund,10,,,,,0,,0.0
0P0001Q8HE.BO,quant Gilt Fund,10,,,,,0,,0.0
0P0001Q8HF.BO,quant Gilt Fund,10,,,,,0,,0.0
0P0001Q8WR.BO,ICICI Prudential Nifty SDL Sep 2026 Index Fund,10,,,,,0,,0.0
0P0001Q8WT.BO,ICICI Prudential Nifty SDL Sep 2026 Index Fund,10,,,,,0,,0.0
0P0001Q8WX.BO,ICICI Prudential Nifty SDL Sep 2026 Index Fund,10,,,,,0,,0.0
0P0001Q8WY.BO,ICICI Prudential Nifty SDL Sep 2026 Index Fund,10,,,,,0,,0.0
0P0001QAB5.BO,Kotak FMP Series 304,10,,,,,0,,0.0
0P0001QAB6.BO,Kotak FMP Series 304,10,,,,,0,,0.0
0P0001QAB7.BO,Kotak FMP Series 304,10,,,,,0,,0.0
0P0001QAB8.BO,Kotak FMP Series 304,10,,,,,0,,0.0
0P0001QANH.BO,Tata Nifty G-Sec Dec 2029 Index Fund,10,,,,,0,,0.0
0P0001QANI.BO,Tata Nifty G-Sec Dec 2029 Index Fund,10,,,,,0,,0.0
0P0001QANL.BO,Tata Nifty G-Sec Dec 2029 Index Fund,10,,,,,0,,0.0
0P0001QANM.BO,Tata Nifty G-Sec Dec 2029 Index Fund,10,,,,,0,,0.0
0P0001QARC.BO,HDFC Long Term Fund,10,,,,,0,,0.0
0P0001QARD.BO,HDFC Long Term Fund,10,,,,,1,,-0.4
0P0001QARF.BO,HDFC Long Term Fund,10,,,,,0,,0.0
0P0001QARG.BO,HDFC Long Term Fund,10,,,,,1,,-0.81
0P0001QARJ.BO,Axis CRISIL IBX 50:50 Gilt Plus SDL June 2028 Index Fund,10,,,,,0,,0.0
0P0001QARK.BO,Axis CRISIL IBX 50:50 Gilt Plus SDL June 2028 Index Fund,10,,,,,0,,0.0
0P0001QARM.BO,Axis CRISIL IBX 50:50 Gilt Plus SDL June 2028 Index Fund,10,,,,,0,,0.0
0P0001QARN.BO,Axis CRISIL IBX 50:50 Gilt Plus SDL June 2028 Index Fund,10,,,,,0,,0.0
0P0001QAZJ.BO,Tata Nifty G-Sec Dec 2026 Index Fund,10,,,,,0,,0.0
0P0001QAZK.BO,Tata Nifty G-Sec Dec 2026 Index Fund,10,,,,,0,,0.0
0P0001QAZN.BO,Tata Nifty G-Sec Dec 2026 Index Fund,10,,,,,0,,0.0
0P0001QAZO.BO,Tata Nifty G-Sec Dec 2026 Index Fund,10,,,,,0,,0.0
0P0001QB6Q.BO,Aditya Birla Sun Life Multi Asset Allocation Fund,10,,,,,0,,0.0
0P0001QB6R.BO,Aditya Birla Sun Life Multi Asset Allocation Fund,10,,,,,1,,-3.715
0P0001QB6T.BO,Aditya Birla Sun Life Multi Asset Allocation Fund,10,,,,,0,,0.0
0P0001QB6U.BO,Aditya Birla Sun Life Multi Asset Allocation Fund,10,,,,,2,,-3.69
0P0001QBAT.BO,HSBC Multi Cap Fund,10,,,,,0,,0.0
0P0001QBAU.BO,HSBC Multi Cap Fund,10,,,,,1,,0.0
0P0001QBAW.BO,HSBC Multi Cap Fund,10,,,,,0,,0.0
0P0001QBAX.BO,HSBC Multi Cap Fund,10,,,,,2,,-5.135
0P0001QBOV.BO,TRUSTMF CORPORATE BOND FUND,10,,,,,0,,0.0
0P0001QBOW.BO,TRUSTMF CORPORATE BOND FUND,10,,,,,2,,-0.37999999999999995
0P0001QBOY.BO,TRUSTMF CORPORATE BOND FUND,10,,,,,0,,0.0
0P0001QBOZ.BO,TRUSTMF CORPORATE BOND FUND,10,,,,,2,,-0.37999999999999995
0P0001QBUD.BO,DSP CRISIL-IBX 50:50 Gilt Plus SDL - April 2033 Index Fund,10,,,,,0,,0.0
0P0001QBUE.BO,DSP CRISIL-IBX 50:50 Gilt Plus SDL - April 2033 Index Fund,10,,,,,0,,0.0
0P0001QBUG.BO,DSP CRISIL-IBX 50:50 Gilt Plus SDL - April 2033 Index Fund,10,,,,,0,,0.0
0P0001QBUH.BO,DSP CRISIL-IBX 50:50 Gilt Plus SDL - April 2033 Index Fund,10,,,,,0,,0.0
0P0001QCAP.BO,TATA MULTICAP FUND,10,,,,,0,,0.0
0P0001QCAQ.BO,TATA MULTICAP FUND,10,,,,,0,,0.0
0P0001QCAS.BO,TATA MULTICAP FUND,10,,,,,0,,0.0
0P0001QCAT.BO,TATA MULTICAP FUND,10,,,,,0,,0.0
0P0001QD7E.BO,WhiteOak Capital Balanced Advantage Fund,10,,,,,0,,0.0
0P0001QD7F.BO,WhiteOak Capital Balanced Advantage Fund,10,,,,,0,,0.0
0P0001QDZD.BO,Edelweiss CRISIL IBX 50:50 Gilt Plus SDL Short Duration Index Fund,10,,,,,0,,0.0
0P0001QDZE.BO,Edelweiss CRISIL IBX 50:50 Gilt Plus SDL Short Duration Index Fund,10,,,,,0,,0.0
0P0001QE0O.BO,DSP Nifty SDL Plus G-Sec Sep 2027 50:50 Index Fund,10,,,,,0,,0.0
0P0001QE0P.BO,DSP Nifty SDL Plus G-Sec Sep 2027 50:50 Index Fund,10,,,,,0,,0.0
0P0001QE0R.BO,DSP Nifty SDL Plus G-Sec Sep 2027 50:50 Index Fund,10,,,,,0,,0.0
0P0001QE0S.BO,DSP Nifty SDL Plus G-Sec Sep 2027 50:50 Index Fund,10,,,,,0,,0.0
0P0001QECY.BO,ITI Flexi Cap Fund,10,,,,,0,,0.0
0P0001QECZ.BO,ITI Flexi Cap Fund,10,,,,,1,,0.0
0P0001QED1.BO,ITI Flexi Cap Fund,10,,,,,0,,0.0
0P0001QED2.BO,ITI Flexi Cap Fund,10,,,,,1,,0.0
0P0001QEJ4.BO,Axis Business Cycles Fund,10,,,,,0,,0.0
0P0001QEJ5.BO,Axis Business Cycles Fund,10,,,,,1,,4.38
0P0001QEJ7.BO,Axis Business Cycles Fund,10,,,,,0,,0.0
0P0001QEJ8.BO,Axis Business Cycles Fund,10,,,,,1,,4.375
0P0001QERR.BO,Nippon India Nifty SDL Plus G-Sec - Jun 2029 Maturity 70:30 Index Fund,10,,,,,0,,0.0
0P0001QERS.BO,Nippon India Nifty SDL Plus G-Sec - Jun 2029 Maturity 70:30 Index Fund,10,,,,,0,,0.0
0P0001QERU.BO,Nippon India Nifty SDL Plus G-Sec - Jun 2029 Maturity 70:30 Index Fund,10,,,,,0,,0.0
0P0001QERV.BO,Nippon India Nifty SDL Plus G-Sec - Jun 2029 Maturity 70:30 Index Fund,10,,,,,0,,0.0
0P0001QES6.BO,Edelweiss CRISIL IBX 50:50 Gilt Plus SDL Short Duration Index Fund,10,,,,,1,,3.3049999999999997
0P0001QES9.BO,Edelweiss CRISIL IBX 50:50 Gilt Plus SDL Short Duration Index Fund,10,,,,,1,,3.255
0P0001QFAA.BO,BANDHAN CRISIL IBX GILT APRIL 2032 INDEX FUND,10,,,,,0,,0.0
0P0001QFAB.BO,BANDHAN CRISIL IBX GILT APRIL 2032 INDEX FUND,10,,,,,1,,0.0
0P0001QFAE.BO,BANDHAN CRISIL IBX GILT APRIL 2032 INDEX FUND,10,,,,,0,,0.0
0P0001QFAF.BO,BANDHAN CRISIL IBX GILT APRIL 2032 INDEX FUND,10,,,,,2,,-2.01
0P0001QFH9.BO,PGIM India CRISIL IBX Gilt Index - Apr 2028 Fund,10,,,,,0,,0.0
0P0001QFHA.BO,PGIM India CRISIL IBX Gilt Index - Apr 2028 Fund,10,,,,,1,,-3.52
0P0001QFHC.BO,PGIM India CRISIL IBX Gilt Index - Apr 2028 Fund,10,,,,,0,,0.0
0P0001QFHD.BO,PGIM India CRISIL IBX Gilt Index - Apr 2028 Fund,10,,,,,1,,-3.52
0P0001QFHZ.BO,Mirae Asset Flexi Cap Fund,10,,,,,0,,0.0
0P0001QFI0.BO,Mirae Asset Flexi Cap Fund,10,,,,,0,,0.0
0P0001QFI2.BO,Mirae Asset Flexi Cap Fund,10,,,,,0,,0.0
0P0001QFI3.BO,Mirae Asset Flexi Cap Fund,10,,,,,0,,0.0
0P0001QFJA.BO,Kotak Banking and Financial Services Fund,10,,,,,0,,0.0
0P0001QFJB.BO,Kotak Banking and Financial Services Fund,10,,,,,0,,0.0
0P0001QFJD.BO,Kotak Banking and Financial Services Fund,10,,,,,0,,0.0
0P0001QFJE.BO,Kotak Banking and Financial Services Fund,10,,,,,0,,0.0
0P0001QFPY.BO,Kotak Nifty SDL Jul 2033 Index Fund,10,,,,,0,,0.0
0P0001QFPZ.BO,Kotak Nifty SDL Jul 2033 Index Fund,10,,,,,0,,0.0
0P0001QFQ1.BO,Kotak Nifty SDL Jul 2033 Index Fund,10,,,,,0,,0.0
0P0001QFQ2.BO,Kotak Nifty SDL Jul 2033 Index Fund,10,,,,,0,,0.0
0P0001QFSJ.BO,Aditya Birla Sun Life CRISIL IBX SDL Jun 2032 Index Fund,10,,,,,0,,0.0
0P0001QFSK.BO,Aditya Birla Sun Life CRISIL IBX SDL Jun 2032 Index Fund,10,,,,,0,,0.0
0P0001QFSL.BO,Aditya Birla Sun Life CRISIL IBX SDL Jun 2032 Index Fund,10,,,,,0,,0.0
0P0001QFSM.BO,Aditya Birla Sun Life CRISIL IBX SDL Jun 2032 Index Fund,10,,,,,0,,0.0
0P0001QGH9.BO,BANK OF INDIA MULTI CAP FUND,10,,,,,0,,0.0
0P0001QGHA.BO,BANK OF INDIA MULTI CAP FUND,10,,,,,0,,0.0
0P0001QGHC.BO,BANK OF INDIA MULTI CAP FUND,10,,,,,0,,0.0
0P0001QGHD.BO,BANK OF INDIA MULTI CAP FUND,10,,,,,0,,0.0
0P0001QH6Y.BO,NAVI ELSS TAX SAVER NIFTY50 INDEX FUND,10,,,,,0,,0.0
0P0001QH6Z.BO,NAVI ELSS TAX SAVER NIFTY50 INDEX FUND,10,,,,,0,,0.0
0P0001QH70.BO,NAVI ELSS TAX SAVER NIFTY50 INDEX FUND,10,,,,,0,,0.0
0P0001QH87.BO,HDFC Nifty SDL Oct 2026 Index Fund,10,,,,,0,,0.0
0P0001QH88.BO,HDFC Nifty SDL Oct 2026 Index Fund,10,,,,,0,,0.0
0P0001QHFK.BO,HDFC MNC Fund,10,,,,,0,,0.0
0P0001QHFL.BO,HDFC MNC Fund,10,,,,,0,,0.0
0P0001QHFN.BO,HDFC MNC Fund,10,,,,,0,,0.0
0P0001QHFO.BO,HDFC MNC Fund,10,,,,,0,,0.0
0P0001QHKI.BO,SBI Dividend Yield Fund,10,,,,,0,,0.0
0P0001QHKJ.BO,SBI Dividend Yield Fund,10,,,,,0,,0.0
0P0001QHKM.BO,SBI Dividend Yield Fund,10,,,,,0,,0.0
0P0001QHKN.BO,SBI Dividend Yield Fund,10,,,,,0,,0.0
0P0001QHWT.BO,Nippon India Nifty G-Sec Oct 2028 Maturity Index Fund,10,,,,,0,,0.0
0P0001QHWU.BO,Nippon India Nifty G-Sec Oct 2028 Maturity Index Fund,10,,,,,0,,0.0
0P0001QHWW.BO,Nippon India Nifty G-Sec Oct 2028 Maturity Index Fund,10,,,,,0,,0.0
0P0001QHWX.BO,Nippon India Nifty G-Sec Oct 2028 Maturity Index Fund,10,,,,,0,,0.0
0P0001QI57.BO,ICICI Prudential Fixed Maturity Plan - Series 88 - 1303 Days Plan S,10,,,,,0,,0.0
0P0001QI58.BO,ICICI Prudential Fixed Maturity Plan - Series 88 - 1303 Days Plan S,10,,,,,0,,0.0
0P0001QI5A.BO,ICICI Prudential Fixed Maturity Plan - Series 88 - 1303 Days Plan S,10,,,,,0,,0.0
0P0001QI5B.BO,ICICI Prudential Fixed Maturity Plan - Series 88 - 1303 Days Plan S,10,,,,,0,,0.0
0P0001QIPT.BO,UTI Fixed Term Income Fund Series XXXVI - I (1574 Days),10,,,,,0,,0.0
0P0001QIPU.BO,UTI Fixed Term Income Fund Series XXXVI - I (1574 Days),10,,,,,0,,0.0
0P0001QIPV.BO,UTI Fixed Term Income Fund Series XXXVI - I (1574 Days),10,,,,,0,,0.0
0P0001QIPW.BO,UTI Fixed Term Income Fund Series XXXVI - I (1574 Days),10,,,,,0,,0.0
0P0001QJQW.BO,HDFC Nifty G-Sec Apr 2029 Index Fund,10,,,,,0,,0.0
0P0001QJQX.BO,HDFC Nifty G-Sec Apr 2029 Index Fund,10,,,,,0,,0.0
0P0001QJR8.BO,HDFC Nifty G-Sec Jun 2036 Index Fund,10,,,,,0,,0.0
0P0001QJR9.BO,HDFC Nifty G-Sec Jun 2036 Index Fund,10,,,,,0,,0.0
0P0001QKTZ.BO,Aditya Birla Sun Life Nifty SDL SEP 2027 Index Fund,10,,,,,0,,0.0
0P0001QKU0.BO,Aditya Birla Sun Life Nifty SDL SEP 2027 Index Fund,10,,,,,0,,0.0
0P0001QKU1.BO,Aditya Birla Sun Life Nifty SDL SEP 2027 Index Fund,10,,,,,0,,0.0
0P0001QKU2.BO,Aditya Birla Sun Life Nifty SDL SEP 2027 Index Fund,10,,,,,0,,0.0
0P0001QL79.BO,Aditya Birla Sun Life Crisil IBX Gilt Apr 2028 Index Fund,10,,,,,0,,0.0
0P0001QL7A.BO,Aditya Birla Sun Life Crisil IBX Gilt Apr 2028 Index Fund,10,,,,,0,,0.0
0P0001QL7B.BO,Aditya Birla Sun Life Crisil IBX Gilt Apr 2028 Index Fund,10,,,,,0,,0.0
0P0001QL7C.BO,Aditya Birla Sun Life Crisil IBX Gilt Apr 2028 Index Fund,10,,,,,0,,0.0
0P0001QLJK.BO,Bandhan US Treasury Bond 0-1 year specific Debt Passive FOF,10,,,,,0,,0.0
0P0001QLJL.BO,Bandhan US Treasury Bond 0-1 year specific Debt Passive FOF,10,,,,,0,,0.0
0P0001QLJO.BO,Bandhan US Treasury Bond 0-1 year specific Debt Passive FOF,10,,,,,0,,0.0
0P0001QLJP.BO,Bandhan US Treasury Bond 0-1 year specific Debt Passive FOF,10,,,,,0,,0.0
0P0001QLOJ.BO,HDFC NIFTY SDL Plus G-Sec Jun 2027 40:60 Index Fund,10,,,,,0,,0.0
0P0001QLOK.BO,HDFC NIFTY SDL Plus G-Sec Jun 2027 40:60 Index Fund,10,,,,,0,,0.0
0P0001QM1Y.BO,NJ ELSS Tax Saver Fund,10,,,,,0,,0.0
0P0001QM1Z.BO,NJ ELSS Tax Saver Fund,10,,,,,0,,0.0
0P0001QM20.BO,NJ ELSS Tax Saver Fund,10,,,,,0,,0.0
0P0001QM21.BO,NJ ELSS Tax Saver Fund,10,,,,,0,,0.0
0P0001QM2L.BO,Kotak Silver ETF Fund of Fund,10,,,,,0,,0.0
0P0001QM2M.BO,Kotak Silver ETF Fund of Fund,10,,,,,0,,0.0
0P0001QMMY.BO,Kotak Nifty Smallcap 50 Index Fund,10,,,,,0,,0.0
0P0001QMMZ.BO,Kotak Nifty Smallcap 50 Index Fund,10,,,,,0,,0.0
0P0001QMN1.BO,Kotak Nifty Smallcap 50 Index Fund,10,,,,,0,,0.0
0P0001QMN2.BO,Kotak Nifty Smallcap 50 Index Fund,10,,,,,0,,0.0
0P0001QO4L.BO,quant Dynamic Asset Allocation Fund,10,,,,,0,,0.0
0P0001QO4M.BO,quant Dynamic Asset Allocation Fund,10,,,,,0,,0.0
0P0001QO4O.BO,quant Dynamic Asset Allocation Fund,10,,,,,0,,0.0
0P0001QO4P.BO,quant Dynamic Asset Allocation Fund,10,,,,,0,,0.0
0P0001QPPY.BO,Nippon India Fixed Maturity Plan - XLV - Series 5,10,,,,,0,,0.0
0P0001QPQ0.BO,Nippon India Fixed Maturity Plan - XLV - Series 5,10,,,,,0,,0.0
0P0001QR5O.BO,ICICI Prudential Innovation Fund,10,,,,,0,,0.0
0P0001QR5P.BO,ICICI Prudential Innovation Fund,10,,,,,2,,-4.515
0P0001QR5R.BO,ICICI Prudential Innovation Fund,10,,,,,0,,0.0
0P0001QR5S.BO,ICICI Prudential Innovation Fund,10,,,,,2,,-4.595
0P0001QRNN.BO,HDFC BSE 500 Index Fund,10,,,,,0,,0.0
0P0001QRNO.BO,HDFC BSE 500 Index Fund,10,,,,,0,,0.0
0P0001QRWT.BO,HDFC NIFTY Midcap 150 Index Fund,10,,,,,0,,0.0
0P0001QRWU.BO,HDFC NIFTY Midcap 150 Index Fund,10,,,,,0,,0.0
0P0001QS36.BO,HDFC NIFTY Smallcap 250 Index Fund,10,,,,,0,,0.0
0P0001QS37.BO,HDFC NIFTY Smallcap 250 Index Fund,10,,,,,0,,0.0
0P0001QSCZ.BO,UTI Silver ETF Fund of Fund,10,,,,,0,,0.0
0P0001QSD0.BO,UTI Silver ETF Fund of Fund,10,,,,,0,,0.0
0P0001QXIS.BO,WhiteOak Capital Multi Asset Allocation Fund,10,,,,,0,,0.0
0P0001QXIT.BO,WhiteOak Capital Multi Asset Allocation Fund,10,,,,,0,,0.0
0P0001QZRN.BO,quant Business Cycle Fund,10,,,,,0,,0.0
0P0001QZRO.BO,quant Business Cycle Fund,10,,,,,0,,0.0
0P0001QZRQ.BO,quant Business Cycle Fund,10,,,,,0,,0.0
0P0001QZRR.BO,quant Business Cycle Fund,10,,,,,0,,0.0
0P0001QZRV.BO,Baroda BNP Paribas Value Fund,10,,,,,1,,-4.295
0P0001QZRW.BO,Baroda BNP Paribas Value Fund,10,,,,,0,,0.0
0P0001QZRY.BO,Baroda BNP Paribas Value Fund,10,,,,,1,,-4.215
0P0001QZRZ.BO,Baroda BNP Paribas Value Fund,10,,,,,0,,0.0
0P0001R0K1.BO,SBI BSE Sensex Index Fund,10,,,,,0,,0.0
0P0001R0K2.BO,SBI BSE Sensex Index Fund,10,,,,,0,,0.0
0P0001R0K5.BO,SBI BSE Sensex Index Fund,10,,,,,0,,0.0
0P0001R0K6.BO,SBI BSE Sensex Index Fund,10,,,,,0,,0.0
0P0001R1ZC.BO,ITI Focused Fund,10,,,,,0,,0.0
0P0001R1ZD.BO,ITI Focused Fund,10,,,,,1,,0.0
0P0001R1ZF.BO,ITI Focused Fund,10,,,,,0,,0.0
0P0001R1ZG.BO,ITI Focused Fund,10,,,,,1,,0.0
0P0001R21M.BO,Kotak Nifty 200 Momentum 30 Index Fund,10,,,,,0,,0.0
0P0001R21N.BO,Kotak Nifty 200 Momentum 30 Index Fund,10,,,,,0,,0.0
0P0001R21P.BO,Kotak Nifty 200 Momentum 30 Index Fund,10,,,,,0,,0.0
0P0001R21Q.BO,Kotak Nifty 200 Momentum 30 Index Fund,10,,,,,0,,0.0
0P0001R3FQ.BO,quant BFSI Fund,10,,,,,0,,0.0
0P0001R3FR.BO,quant BFSI Fund,10,,,,,0,,0.0
0P0001R3FT.BO,quant BFSI Fund,10,,,,,0,,0.0
0P0001R3FU.BO,quant BFSI Fund,10,,,,,0,,0.0
0P0001R3MX.BO,Edelweiss Multi Asset Allocation Fund,10,,,,,0,,0.0
0P0001R3MY.BO,Edelweiss Multi Asset Allocation Fund,10,,,,,1,,1.6299999999999997
0P0001R3N0.BO,Edelweiss Multi Asset Allocation Fund,10,,,,,0,,0.0
0P0001R3N1.BO,Edelweiss Multi Asset Allocation Fund,10,,,,,1,,1.645
0P0001R3NQ.BO,360 ONE Flexicap Fund,10,,,,,0,,0.0
0P0001R3NR.BO,360 ONE Flexicap Fund,10,,,,,0,,0.0
0P0001R3NT.BO,360 ONE Flexicap Fund,10,,,,,0,,0.0
0P0001R3NU.BO,360 ONE Flexicap Fund,10,,,,,0,,0.0
0P0001R64W.BO,Motilal Oswal Nifty Microcap 250 Index Fund,10,,,,,0,,0.0
0P0001R64X.BO,Motilal Oswal Nifty Microcap 250 Index Fund,10,,,,,0,,0.0
0P0001R76D.BO,HDFC Consumption Fund,10,,,,,0,,0.0
0P0001R76E.BO,HDFC Consumption Fund,10,,,,,0,,0.0
0P0001R76G.BO,HDFC Consumption Fund,10,,,,,0,,0.0
0P0001R76H.BO,HDFC Consumption Fund,10,,,,,0,,0.0
0P0001R7JW.BO,Canara Robeco Multi Cap Fund,10,,,,,0,,0.0
0P0001R7JX.BO,Canara Robeco Multi Cap Fund,10,,,,,2,,2.2449999999999997
0P0001R7JZ.BO,Canara Robeco Multi Cap Fund,10,,,,,0,,0.0
0P0001R7K0.BO,Canara Robeco Multi Cap Fund,10,,,,,2,,2.235
0P0001R8FI.BO,quant Healthcare Fund,10,,,,,0,,0.0
0P0001R8FJ.BO,quant Healthcare Fund,10,,,,,0,,0.0
0P0001R8FL.BO,quant Healthcare Fund,10,,,,,0,,0.0
0P0001R8FM.BO,quant Healthcare Fund,10,,,,,0,,0.0
0P0001R8RR.BO,Bajaj Finserv Liquid Fund,10,,,,,0,,0.0
0P0001R8RT.BO,Bajaj Finserv Liquid Fund,10,,,,,1,,-1.8950000000000002
0P0001R8RU.BO,Bajaj Finserv Liquid Fund,10,,,,,1,,-1.8449999999999998
0P0001R8RV.BO,Bajaj Finserv Liquid Fund,10,,,,,1,,-1.86
0P0001R8S4.BO,Bajaj Finserv Liquid Fund,10,,,,,0,,0.0
0P0001R8S6.BO,Bajaj Finserv Liquid Fund,10,,,,,1,,-1.85
0P0001R8S7.BO,Bajaj Finserv Liquid Fund,10,,,,,1,,-1.8
0P0001R8S8.BO,Bajaj Finserv Liquid Fund,10,,,,,1,,-1.815
0P0001R8TW.BO,Bajaj Finserv Overnight Fund,10,,,,,0,,0.0
0P0001R8TY.BO,Bajaj Finserv Overnight Fund,10,,,,,1,,-1.93
0P0001R8TZ.BO,Bajaj Finserv Overnight Fund,10,,,,,1,,-1.815
0P0001R8U0.BO,Bajaj Finserv Overnight Fund,10,,,,,1,,-1.9550000000000003
0P0001R8U9.BO,Bajaj Finserv Overnight Fund,10,,,,,0,,0.0
0P0001R8UB.BO,Bajaj Finserv Overnight Fund,10,,,,,2,,-1.3100000000000003
0P0001R8UC.BO,Bajaj Finserv Overnight Fund,10,,,,,1,,-1.8400000000000003
0P0001R8UD.BO,Bajaj Finserv Overnight Fund,10,,,,,1,,-1.93
0P0001R9JZ.BO,BANDHAN FINANCIAL SERVICES FUND,10,,,,,0,,0.0
0P0001R9K0.BO,BANDHAN FINANCIAL SERVICES FUND,10,,,,,1,,-3.7799999999999994
0P0001R9K3.BO,BANDHAN FINANCIAL SERVICES FUND,10,,,,,0,,0.0
0P0001R9K4.BO,BANDHAN FINANCIAL SERVICES FUND,10,,,,,1,,-3.75
0P0001RARX.BO,Kotak Quant Fund,10,,,,,0,,0.0
0P0001RARY.BO,Kotak Quant Fund,10,,,,,0,,0.0
0P0001RAS0.BO,Kotak Quant Fund,10,,,,,0,,0.0
0P0001RAS1.BO,Kotak Quant Fund,10,,,,,0,,0.0
0P0001RC2O.BO,HDFC Transportation and Logistics Fund,10,,,,,0,,0.0
0P0001RC2P.BO,HDFC Transportation and Logistics Fund,10,,,,,0,,0.0
0P0001RC2R.BO,HDFC Transportation and Logistics Fund,10,,,,,0,,0.0
0P0001RC2S.BO,HDFC Transportation and Logistics Fund,10,,,,,0,,0.0
0P0001RCB9.BO,Bajaj Finserv Flexi Cap Fund,10,,,,,0,,0.0
0P0001RCBA.BO,Bajaj Finserv Flexi Cap Fund,10,,,,,0,,0.0
0P0001RCBD.BO,Bajaj Finserv Flexi Cap Fund,10,,,,,0,,0.0
0P0001RCBE.BO,Bajaj Finserv Flexi Cap Fund,10,,,,,0,,0.0
0P0001RCLE.BO,UTI Balanced Advantage Fund,10,,,,,0,,0.0
0P0001RCLF.BO,UTI Balanced Advantage Fund,10,,,,,0,,0.0
0P0001RCLG.BO,UTI Balanced Advantage Fund,10,,,,,0,,0.0
0P0001RCLH.BO,UTI Balanced Advantage Fund,10,,,,,0,,0.0
0P0001RCYN.BO,Kotak Nifty Financial Services Ex-Bank Index Fund,10,,,,,0,,0.0
0P0001RCYO.BO,Kotak Nifty Financial Services Ex-Bank Index Fund,10,,,,,0,,0.0
0P0001RCYQ.BO,Kotak Nifty Financial Services Ex-Bank Index Fund,10,,,,,0,,0.0
0P0001RCYR.BO,Kotak Nifty Financial Services Ex-Bank Index Fund,10,,,,,0,,0.0
0P0001RDCO.BO,HDFC  Charity Fund for Cancer Cure,10,,,,,0,,0.0
0P0001RDCP.BO,HDFC  Charity Fund for Cancer Cure,10,,,,,0,,0.0
0P0001RDCQ.BO,HDFC  Charity Fund for Cancer Cure,10,,,,,0,,0.0
0P0001RDCR.BO,HDFC  Charity Fund for Cancer Cure,10,,,,,0,,0.0
0P0001RDEZ.BO,quant Manufacturing Fund,10,,,,,0,,0.0
0P0001RDF0.BO,quant Manufacturing Fund,10,,,,,0,,0.0
0P0001RDF2.BO,quant Manufacturing Fund,10,,,,,0,,0.0
0P0001RDMV.BO,Union Innovation & Opportunities Fund,10,,,,,1,,4.25
0P0001RDMY.BO,Union Innovation & Opportunities Fund,10,,,,,0,,0.0
0P0001RDN0.BO,Union Innovation & Opportunities Fund,10,,,,,1,,4.435
0P0001RDN3.BO,Union Innovation & Opportunities Fund,10,,,,,0,,0.0
0P0001REJ6.BO,Mirae Asset Multicap Fund,10,,,,,0,,0.0
0P0001REJ7.BO,Mirae Asset Multicap Fund,10,,,,,0,,0.0
0P0001REJ9.BO,Mirae Asset Multicap Fund,10,,,,,0,,0.0
0P0001REJA.BO,Mirae Asset Multicap Fund,10,,,,,0,,0.0
0P0001REJU.BO,NJ Flexi Cap Fund,10,,,,,0,,0.0
0P0001REJV.BO,NJ Flexi Cap Fund,10,,,,,0,,0.0
0P0001REJW.BO,NJ Flexi Cap Fund,10,,,,,0,,0.0
0P0001REJX.BO,NJ Flexi Cap Fund,10,,,,,0,,0.0
0P0001RG1E.BO,Kotak BSE Housing Index Fund,10,,,,,0,,0.0
0P0001RG1F.BO,Kotak BSE Housing Index Fund,10,,,,,0,,0.0
0P0001RG1H.BO,Kotak BSE Housing Index Fund,10,,,,,0,,0.0
0P0001RG6F.BO,Nippon India Innovation Fund,10,,,,,0,,0.0
0P0001RG6I.BO,Nippon India Innovation Fund,10,,,,,0,,0.0
0P0001RG6J.BO,Nippon India Innovation Fund,10,,,,,0,,0.0
0P0001RGPU.BO,Bandhan Nifty IT Index Fund,10,,,,,0,,0.0
0P0001RGPX.BO,Bandhan Nifty IT Index Fund,10,,,,,0,,0.0
0P0001RGPY.BO,Bandhan Nifty IT Index Fund,10,,,,,0,,0.0
0P0001RGQ1.BO,Bandhan Nifty IT Index Fund,10,,,,,0,,0.0
0P0001RHED.BO,Shriram Multi Asset Allocation Fund,10,,,,,0,,0.0
0P0001RHEE.BO,Shriram Multi Asset Allocation Fund,10,,,,,0,,0.0
0P0001RI84.BO,NAVI BSE SENSEX INDEX FUND,10,,,,,0,,0.0
0P0001RI85.BO,NAVI BSE SENSEX INDEX FUND,10,,,,,0,,0.0
0P0001RIHF.BO,quant Teck Fund,10,,,,,0,,0.0
0P0001RIHG.BO,quant Teck Fund,10,,,,,0,,0.0
0P0001RIHI.BO,quant Teck Fund,10,,,,,0,,0.0
0P0001RIHJ.BO,quant Teck Fund,10,,,,,0,,0.0
0P0001RIYM.BO,WhiteOak Capital Multi Cap Fund,10,,,,,0,,0.0
0P0001RIYN.BO,WhiteOak Capital Multi Cap Fund,10,,,,,0,,0.0
0P0001RJBG.BO,Kotak Multi Asset Allocation Fund,10,,,,,0,,0.0
0P0001RJBH.BO,Kotak Multi Asset Allocation Fund,10,,,,,1,,2.1
0P0001RJBJ.BO,Kotak Multi Asset Allocation Fund,10,,,,,0,,0.0
0P0001RJBK.BO,Kotak Multi Asset Allocation Fund,10,,,,,1,,2.1
0P0001RJBZ.BO,DSP Multi Asset Allocation Fund,10,,,,,0,,0.0
0P0001RJC0.BO,DSP Multi Asset Allocation Fund,10,,,,,1,,-2.5
0P0001RJC2.BO,DSP Multi Asset Allocation Fund,10,,,,,0,,0.0
0P0001RJC3.BO,DSP Multi Asset Allocation Fund,10,,,,,2,,-2.54
0P0001RK58.BO,360 ONE Balanced Hybrid Fund,10,,,,,0,,0.0
0P0001RK59.BO,360 ONE Balanced Hybrid Fund,10,,,,,0,,0.0
0P0001RK5B.BO,360 ONE Balanced Hybrid Fund,10,,,,,0,,0.0
0P0001RK5C.BO,360 ONE Balanced Hybrid Fund,10,,,,,0,,0.0
0P0001RK6R.BO,HDFC Pharma and Healthcare Fund,10,,,,,0,,0.0
0P0001RK6S.BO,HDFC Pharma and Healthcare Fund,10,,,,,0,,0.0
0P0001RK6U.BO,HDFC Pharma and Healthcare Fund,10,,,,,0,,0.0
0P0001RK6V.BO,HDFC Pharma and Healthcare Fund,10,,,,,0,,0.0
0P0001RKMR.BO,Bajaj Finserv Arbitrage Fund,10,,,,,0,,0.0
0P0001RKMS.BO,Bajaj Finserv Arbitrage Fund,10,,,,,0,,0.0
0P0001RKMV.BO,Bajaj Finserv Arbitrage Fund,10,,,,,0,,0.0
0P0001RKMW.BO,Bajaj Finserv Arbitrage Fund,10,,,,,0,,0.0
0P0001RMF0.BO,Motilal Oswal Developed Market Ex US ETFs Overseas Equity Passive FOF,10,,,,,0,,0.0
0P0001RMF1.BO,Motilal Oswal Developed Market Ex US ETFs Overseas Equity Passive FOF,10,,,,,0,,0.0
0P0001RN95.BO,Kotak Nifty G-Sec July 2033 Index Fund,10,,,,,0,,0.0
0P0001RN96.BO,Kotak Nifty G-Sec July 2033 Index Fund,10,,,,,0,,0.0
0P0001RN98.BO,Kotak Nifty G-Sec July 2033 Index Fund,10,,,,,0,,0.0
0P0001RN99.BO,Kotak Nifty G-Sec July 2033 Index Fund,10,,,,,0,,0.0
0P0001RNOD.BO,BANDHAN RETIREMENT FUND,10,,,,,0,,0.0
0P0001RNOE.BO,BANDHAN RETIREMENT FUND,10,,,,,0,,0.0
0P0001RNOG.BO,BANDHAN RETIREMENT FUND,10,,,,,0,,0.0
0P0001RNOH.BO,BANDHAN RETIREMENT FUND,10,,,,,0,,0.0
0P0001RNZG.BO,Edelweiss Multi Cap Fund,10,,,,,0,,0.0
0P0001RNZH.BO,Edelweiss Multi Cap Fund,10,,,,,0,,0.0
0P0001RNZK.BO,Edelweiss Multi Cap Fund,10,,,,,0,,0.0
0P0001RNZL.BO,Edelweiss Multi Cap Fund,10,,,,,0,,0.0
0P0001RO8V.BO,Parag Parikh Arbitrage Fund,10,,,,,0,,0.0
0P0001RO8W.BO,Parag Parikh Arbitrage Fund,10,,,,,0,,0.0
0P0001ROY1.BO,WhiteOak Capital Balanced Hybrid Fund,10,,,,,0,,0.0
0P0001ROY2.BO,WhiteOak Capital Balanced Hybrid Fund,10,,,,,0,,0.0
0P0001RP16.BO,Baroda BNP Paribas Small Cap Fund,10,,,,,0,,0.0
0P0001RP17.BO,Baroda BNP Paribas Small Cap Fund,10,,,,,1,,-1.24
0P0001RP19.BO,Baroda BNP Paribas Small Cap Fund,10,,,,,0,,0.0
0P0001RP1A.BO,Baroda BNP Paribas Small Cap Fund,10,,,,,1,,-1.3
0P0001RQ6R.BO,QUANTUM SMALL CAP FUND,10,,,,,0,,0.0
0P0001RQ6S.BO,QUANTUM SMALL CAP FUND,10,,,,,0,,0.0
0P0001RQ77.BO,Aditya Birla Sun Life US Treasury 1-3 Year Bond ETFs Passive FOF,10,,,,,0,,0.0
0P0001RQ78.BO,Aditya Birla Sun Life US Treasury 1-3 Year Bond ETFs Passive FOF,10,,,,,0,,0.0
0P0001RQ7A.BO,Aditya Birla Sun Life US Treasury 1-3 Year Bond ETFs Passive FOF,10,,,,,0,,0.0
0P0001RQ7B.BO,Aditya Birla Sun Life US Treasury 1-3 Year Bond ETFs Passive FOF,10,,,,,0,,0.0
0P0001RQ82.BO,Aditya Birla Sun Life US Treasury 3-10 Year Bond ETFs Passive FOF,10,,,,,0,,0.0
0P0001RQ83.BO,Aditya Birla Sun Life US Treasury 3-10 Year Bond ETFs Passive FOF,10,,,,,0,,0.0
0P0001RQ85.BO,Aditya Birla Sun Life US Treasury 3-10 Year Bond ETFs Passive FOF,10,,,,,0,,0.0
0P0001RQ86.BO,Aditya Birla Sun Life US Treasury 3-10 Year Bond ETFs Passive FOF,10,,,,,0,,0.0
0P0001RQND.BO,Aditya Birla Sun Life Transportation and Logistics Fund,10,,,,,0,,0.0
0P0001RQNE.BO,Aditya Birla Sun Life Transportation and Logistics Fund,10,,,,,0,,0.0
0P0001RQNF.BO,Aditya Birla Sun Life Transportation and Logistics Fund,10,,,,,0,,0.0
0P0001RQNG.BO,Aditya Birla Sun Life Transportation and Logistics Fund,10,,,,,0,,0.0
0P0001RQX5.BO,Zerodha Nifty LargeMidcap 250 Index Fund,10,,,,,0,,0.0
0P0001RR1R.BO,Zerodha ELSS Tax Saver Nifty LargeMidcap 250 Index Fund,10,,,,,0,,0.0
0P0001RR6I.BO,Helios Flexi Cap Fund,10,,,,,0,,0.0
0P0001RR6J.BO,Helios Flexi Cap Fund,10,,,,,0,,0.0
0P0001RRC5.BO,Bajaj Finserv Banking and PSU Debt Fund,10,,,,,0,,0.0
0P0001RRC6.BO,Bajaj Finserv Banking and PSU Debt Fund,10,,,,,2,,0.6949999999999998
0P0001RRC9.BO,Bajaj Finserv Banking and PSU Debt Fund,10,,,,,0,,0.0
0P0001RRCA.BO,Bajaj Finserv Banking and PSU Debt Fund,10,,,,,2,,0.615
0P0001RRWM.BO,Kotak Consumption Fund,10,,,,,0,,0.0
0P0001RRWN.BO,Kotak Consumption Fund,10,,,,,0,,0.0
0P0001RRWP.BO,Kotak Consumption Fund,10,,,,,0,,0.0
0P0001RRWQ.BO,Kotak Consumption Fund,10,,,,,0,,0.0
0P0001RS9B.BO,Bandhan Nifty Alpha 50 Index Fund,10,,,,,0,,0.0
0P0001RS9C.BO,Bandhan Nifty Alpha 50 Index Fund,10,,,,,0,,0.0
0P0001RS9F.BO,Bandhan Nifty Alpha 50 Index Fund,10,,,,,0,,0.0
0P0001RS9G.BO,Bandhan Nifty Alpha 50 Index Fund,10,,,,,0,,0.0
0P0001RSDE.BO,Bajaj Finserv Banking and PSU Debt Fund,10,,,,,0,,0.0
0P0001RSDF.BO,Bajaj Finserv Banking and PSU Debt Fund,10,,,,,0,,0.0
0P0001RTBV.BO,quant Momentum Fund,10,,,,,0,,0.0
0P0001RTBW.BO,quant Momentum Fund,10,,,,,0,,0.0
0P0001RTBY.BO,quant Momentum Fund,10,,,,,0,,0.0
0P0001RTBZ.BO,quant Momentum Fund,10,,,,,0,,0.0
0P0001RUDG.BO,Bajaj Finserv Balanced Advantage Fund,10,,,,,0,,0.0
0P0001RUDH.BO,Bajaj Finserv Balanced Advantage Fund,10,,,,,0,,0.0
0P0001RUDK.BO,Bajaj Finserv Balanced Advantage Fund,10,,,,,0,,0.0
0P0001RUDL.BO,Bajaj Finserv Balanced Advantage Fund,10,,,,,0,,0.0
0P0001RWKA.BO,DSP Banking & Financial Services Fund,10,,,,,0,,0.0
0P0001RWKB.BO,DSP Banking & Financial Services Fund,10,,,,,2,,-4.155
0P0001RWKD.BO,DSP Banking & Financial Services Fund,10,,,,,0,,0.0
0P0001RWKE.BO,DSP Banking & Financial Services Fund,10,,,,,1,,0.0
0P0001RWMB.BO,Kotak Healthcare Fund,10,,,,,0,,0.0
0P0001RWMC.BO,Kotak Healthcare Fund,10,,,,,0,,0.0
0P0001RWME.BO,Kotak Healthcare Fund,10,,,,,0,,0.0
0P0001RWMF.BO,Kotak Healthcare Fund,10,,,,,0,,0.0
0P0001RYGG.BO,WhiteOak Capital Large & Mid Cap Fund,10,,,,,0,,0.0
0P0001RYGH.BO,WhiteOak Capital Large & Mid Cap Fund,10,,,,,0,,0.0
0P0001RZ6Y.BO,Union Children's Fund,10,,,,,0,,0.0
0P0001RZ6Z.BO,Union Children's Fund,10,,,,,0,,0.0
0P0001RZ70.BO,Union Children's Fund,10,,,,,0,,0.0
0P0001RZ71.BO,Union Children's Fund,10,,,,,0,,0.0
0P0001RZTN.BO,Samco Dynamic Asset Allocation Fund,10,,,,,0,,0.0
0P0001RZTO.BO,Samco Dynamic Asset Allocation Fund,10,,,,,0,,0.0
0P0001RZTR.BO,Samco Dynamic Asset Allocation Fund,10,,,,,0,,0.0
0P0001RZTS.BO,Samco Dynamic Asset Allocation Fund,10,,,,,0,,0.0
0P0001RZX9.BO,Motilal Oswal Small Cap Fund,10,,,,,0,,0.0
0P0001RZXA.BO,Motilal Oswal Small Cap Fund,10,,,,,0,,0.0
0P0001RZXC.BO,Motilal Oswal Small Cap Fund,10,,,,,0,,0.0
0P0001RZXD.BO,Motilal Oswal Small Cap Fund,10,,,,,0,,0.0
0P0001S00F.BO,Axis US Specific Treasury Dynamic Debt Passive FOF,10,,,,,0,,0.0
0P0001S00G.BO,Axis US Specific Treasury Dynamic Debt Passive FOF,10,,,,,0,,0.0
0P0001S00I.BO,Axis US Specific Treasury Dynamic Debt Passive FOF,10,,,,,0,,0.0
0P0001S00J.BO,Axis US Specific Treasury Dynamic Debt Passive FOF,10,,,,,0,,0.0
0P0001S08R.BO,Axis India Manufacturing Fund,10,,,,,0,,0.0
0P0001S08S.BO,Axis India Manufacturing Fund,10,,,,,0,,0.0
0P0001S08U.BO,Axis India Manufacturing Fund,10,,,,,0,,0.0
0P0001S08V.BO,Axis India Manufacturing Fund,10,,,,,0,,0.0
0P0001S0OG.BO,DSP Nifty Smallcap250 Quality 50 Index Fund,10,,,,,0,,0.0
0P0001S0OH.BO,DSP Nifty Smallcap250 Quality 50 Index Fund,10,,,,,0,,0.0
0P0001S0OJ.BO,DSP Nifty Smallcap250 Quality 50 Index Fund,10,,,,,0,,0.0
0P0001S0OK.BO,DSP Nifty Smallcap250 Quality 50 Index Fund,10,,,,,1,,-2.97
0P0001S1QA.BO,quant Commodities Fund,10,,,,,0,,0.0
0P0001S1QB.BO,quant Commodities Fund,10,,,,,0,,0.0
0P0001S1QD.BO,quant Commodities Fund,10,,,,,0,,0.0
0P0001S1QE.BO,quant Commodities Fund,10,,,,,0,,0.0
0P0001S21E.BO,BANDHAN Nifty Smallcap 250 Index Fund,10,,,,,0,,0.0
0P0001S21F.BO,BANDHAN Nifty Smallcap 250 Index Fund,10,,,,,0,,0.0
0P0001S21I.BO,BANDHAN Nifty Smallcap 250 Index Fund,10,,,,,0,,0.0
0P0001S21J.BO,BANDHAN Nifty Smallcap 250 Index Fund,10,,,,,0,,0.0
0P0001S2OR.BO,Aditya Birla Sun Life Crisil IBX Gilt April 2033 Index Fund,10,,,,,0,,0.0
0P0001S2OS.BO,Aditya Birla Sun Life Crisil IBX Gilt April 2033 Index Fund,10,,,,,0,,0.0
0P0001S2OT.BO,Aditya Birla Sun Life Crisil IBX Gilt April 2033 Index Fund,10,,,,,0,,0.0
0P0001S2OU.BO,Aditya Birla Sun Life Crisil IBX Gilt April 2033 Index Fund,10,,,,,0,,0.0
0P0001S2QI.BO,Baroda BNP Paribas Nifty 50 Index Fund,10,,,,,0,,0.0
0P0001S2QJ.BO,Baroda BNP Paribas Nifty 50 Index Fund,10,,,,,0,,0.0
0P0001S2QL.BO,Baroda BNP Paribas Nifty 50 Index Fund,10,,,,,0,,0.0
0P0001S2QM.BO,Baroda BNP Paribas Nifty 50 Index Fund,10,,,,,0,,0.0
0P0001S34L.BO,Sundaram Multi Asset Allocation Fund,10,,,,,0,,0.0
0P0001S34M.BO,Sundaram Multi Asset Allocation Fund,10,,,,,0,,0.0
0P0001S34P.BO,Sundaram Multi Asset Allocation Fund,10,,,,,0,,0.0
0P0001S34Q.BO,Sundaram Multi Asset Allocation Fund,10,,,,,0,,0.0
0P0001S3EG.BO,Groww Banking & Financial Services Fund,10,,,,,0,,0.0
0P0001S3EH.BO,Groww Banking & Financial Services Fund,10,,,,,0,,0.0
0P0001S3EJ.BO,Groww Banking & Financial Services Fund,10,,,,,0,,0.0
0P0001S3EK.BO,Groww Banking & Financial Services Fund,10,,,,,0,,0.0
0P0001S4E5.BO,Tata Gold ETF Fund of Fund,10,,,,,0,,0.0
0P0001S4E6.BO,Tata Gold ETF Fund of Fund,10,,,,,0,,0.0
0P0001S4E8.BO,Tata Gold ETF Fund of Fund,10,,,,,0,,0.0
0P0001S4E9.BO,Tata Gold ETF Fund of Fund,10,,,,,0,,0.0
0P0001S4SX.BO,Tata Silver ETF Fund of Fund,10,,,,,0,,0.0
0P0001S4SY.BO,Tata Silver ETF Fund of Fund,10,,,,,0,,0.0
0P0001S4T0.BO,Tata Silver ETF Fund of Fund,10,,,,,0,,0.0
0P0001S4T1.BO,Tata Silver ETF Fund of Fund,10,,,,,0,,0.0
0P0001S51M.BO,DSP Multi Cap Fund,10,,,,,0,,0.0
0P0001S51N.BO,DSP Multi Cap Fund,10,,,,,1,,0.0
0P0001S51P.BO,DSP Multi Cap Fund,10,,,,,0,,0.0
0P0001S51Q.BO,DSP Multi Cap Fund,10,,,,,1,,0.0
0P0001S5IH.BO,quant Consumption Fund,10,,,,,0,,0.0
0P0001S5II.BO,quant Consumption Fund,10,,,,,0,,0.0
0P0001S5IK.BO,quant Consumption Fund,10,,,,,0,,0.0
0P0001S5IL.BO,quant Consumption Fund,10,,,,,0,,0.0
0P0001S5ME.BO,BANDHAN MULTI ASSET ALLOCATION FUND,10,,,,,0,,0.0
0P0001S5MF.BO,BANDHAN MULTI ASSET ALLOCATION FUND,10,,,,,1,,0.0
0P0001S5MI.BO,BANDHAN MULTI ASSET ALLOCATION FUND,10,,,,,0,,0.0
0P0001S5MJ.BO,BANDHAN MULTI ASSET ALLOCATION FUND,10,,,,,1,,0.0
0P0001S5SQ.BO,Mirae Asset Multi Asset Allocation Fund,10,,,,,0,,0.0
0P0001S5SR.BO,Mirae Asset Multi Asset Allocation Fund,10,,,,,0,,0.0
0P0001S5ST.BO,Mirae Asset Multi Asset Allocation Fund,10,,,,,0,,0.0
0P0001S5SU.BO,Mirae Asset Multi Asset Allocation Fund,10,,,,,0,,0.0
0P0001S8TH.BO,WhiteOak Capital Banking & Financial Services Fund,10,,,,,0,,0.0
0P0001S8TI.BO,WhiteOak Capital Banking & Financial Services Fund,10,,,,,0,,0.0
0P0001S95K.BO,Motilal Oswal Large Cap Fund,10,,,,,0,,0.0
0P0001S95L.BO,Motilal Oswal Large Cap Fund,10,,,,,1,,-3.19
0P0001S95N.BO,Motilal Oswal Large Cap Fund,10,,,,,0,,0.0
0P0001S95O.BO,Motilal Oswal Large Cap Fund,10,,,,,1,,-3.8249999999999997
0P0001S9G6.BO,ICICI Prudential Nifty50 Value 20 Index Fund,10,,,,,0,,0.0
0P0001S9G9.BO,ICICI Prudential Nifty50 Value 20 Index Fund,10,,,,,0,,0.0
0P0001S9GA.BO,ICICI Prudential Nifty50 Value 20 Index Fund,10,,,,,0,,0.0
0P0001S9JG.BO,Old Bridge Focused Fund,10,,,,,0,,0.0
0P0001S9JH.BO,Old Bridge Focused Fund,10,,,,,0,,0.0
0P0001S9JJ.BO,Old Bridge Focused Fund,10,,,,,0,,0.0
0P0001S9JK.BO,Old Bridge Focused Fund,10,,,,,0,,0.0
0P0001S9LU.BO,SBI Nifty50 Equal Weight Index Fund,10,,,,,0,,0.0
0P0001S9LV.BO,SBI Nifty50 Equal Weight Index Fund,10,,,,,0,,0.0
0P0001S9LY.BO,SBI Nifty50 Equal Weight Index Fund,10,,,,,0,,0.0
0P0001S9LZ.BO,SBI Nifty50 Equal Weight Index Fund,10,,,,,0,,0.0
0P0001S9N0.BO,WhiteOak Capital Pharma and Healthcare Fund,10,,,,,0,,0.0
0P0001S9N1.BO,WhiteOak Capital Pharma and Healthcare Fund,10,,,,,0,,0.0
0P0001SAFD.BO,PGIM India Large and Midcap Fund,10,,,,,0,,0.0
0P0001SAFE.BO,PGIM India Large and Midcap Fund,10,,,,,2,,-2.42
0P0001SAFG.BO,PGIM India Large and Midcap Fund,10,,,,,0,,0.0
0P0001SAFH.BO,PGIM India Large and Midcap Fund,10,,,,,2,,-1.195
0P0001SAFM.BO,Bank of India Multi Asset Allocation Fund,10,,,,,0,,0.0
0P0001SAFN.BO,Bank of India Multi Asset Allocation Fund,10,,,,,0,,0.0
0P0001SAFP.BO,Bank of India Multi Asset Allocation Fund,10,,,,,0,,0.0
0P0001SAFQ.BO,Bank of India Multi Asset Allocation Fund,10,,,,,0,,0.0
0P0001SAS9.BO,HSBC Multi Asset Allocation Fund,10,,,,,0,,0.0
0P0001SASA.BO,HSBC Multi Asset Allocation Fund,10,,,,,1,,0.0
0P0001SASC.BO,HSBC Multi Asset Allocation Fund,10,,,,,0,,0.0
0P0001SASD.BO,HSBC Multi Asset Allocation Fund,10,,,,,1,,0.0
0P0001SBFV.BO,Nippon India Nifty Bank Index Fund,10,,,,,0,,0.0
0P0001SBFW.BO,Nippon India Nifty Bank Index Fund,10,,,,,0,,0.0
0P0001SBFY.BO,Nippon India Nifty Bank Index Fund,10,,,,,0,,0.0
0P0001SBFZ.BO,Nippon India Nifty Bank Index Fund,10,,,,,0,,0.0
0P0001SC92.BO,Mahindra Manulife Multi Asset Allocation Fund,10,,,,,0,,0.0
0P0001SC93.BO,Mahindra Manulife Multi Asset Allocation Fund,10,,,,,2,,-1.17
0P0001SC95.BO,Mahindra Manulife Multi Asset Allocation Fund,10,,,,,0,,0.0
0P0001SC96.BO,Mahindra Manulife Multi Asset Allocation Fund,10,,,,,2,,-1.18
0P0001SCE1.BO,Nippon India Nifty IT Index Fund,10,,,,,0,,0.0
0P0001SCE2.BO,Nippon India Nifty IT Index Fund,10,,,,,0,,0.0
0P0001SCE4.BO,Nippon India Nifty IT Index Fund,10,,,,,0,,0.0
0P0001SCE5.BO,Nippon India Nifty IT Index Fund,10,,,,,0,,0.0
0P0001SCGH.BO,quant PSU Fund,10,,,,,0,,0.0
0P0001SCGK.BO,quant PSU Fund,10,,,,,0,,0.0
0P0001SCGL.BO,quant PSU Fund,10,,,,,0,,0.0
0P0001SCLD.BO,SBI Energy Opportunities Fund,10,,,,,0,,0.0
0P0001SCLE.BO,SBI Energy Opportunities Fund,10,,,,,0,,0.0
0P0001SCLH.BO,SBI Energy Opportunities Fund,10,,,,,0,,0.0
0P0001SCLI.BO,SBI Energy Opportunities Fund,10,,,,,0,,0.0
0P0001SCPI.BO,Bajaj Finserv Large & Mid Cap Fund,10,,,,,0,,0.0
0P0001SCPJ.BO,Bajaj Finserv Large & Mid Cap Fund,10,,,,,0,,0.0
0P0001SCPM.BO,Bajaj Finserv Large & Mid Cap Fund,10,,,,,0,,0.0
0P0001SCPN.BO,Bajaj Finserv Large & Mid Cap Fund,10,,,,,0,,0.0
0P0001SDC6.BO,HDFC NIFTY200 Momentum 30 Index Fund,10,,,,,0,,0.0
0P0001SDC7.BO,HDFC NIFTY200 Momentum 30 Index Fund,10,,,,,0,,0.0
0P0001SDT7.BO,Baroda BNP Paribas Innovation Fund,10,,,,,0,,0.0
0P0001SDT8.BO,Baroda BNP Paribas Innovation Fund,10,,,,,0,,0.0
0P0001SDTA.BO,Baroda BNP Paribas Innovation Fund,10,,,,,0,,0.0
0P0001SDTB.BO,Baroda BNP Paribas Innovation Fund,10,,,,,1,,-0.52
0P0001SDTV.BO,Union Business Cycle Fund,10,,,,,0,,0.0
0P0001SDTW.BO,Union Business Cycle Fund,10,,,,,0,,0.0
0P0001SDTZ.BO,Union Business Cycle Fund,10,,,,,0,,0.0
0P0001SDU0.BO,Union Business Cycle Fund,10,,,,,0,,0.0
0P0001SDWZ.BO,Kotak Technology Fund,10,,,,,0,,0.0
0P0001SDX0.BO,Kotak Technology Fund,10,,,,,0,,0.0
0P0001SDX2.BO,Kotak Technology Fund,10,,,,,0,,0.0
0P0001SDX3.BO,Kotak Technology Fund,10,,,,,0,,0.0
0P0001SE0R.BO,Edelweiss Technology Fund,10,,,,,0,,0.0
0P0001SE0S.BO,Edelweiss Technology Fund,10,,,,,0,,0.0
0P0001SE0V.BO,Edelweiss Technology Fund,10,,,,,0,,0.0
0P0001SE0W.BO,Edelweiss Technology Fund,10,,,,,0,,0.0
0P0001SE57.BO,Mirae Asset Nifty Smallcap 250 Momentum Quality 100 ETF Fund of Fund,10,,,,,0,,0.0
0P0001SE58.BO,Mirae Asset Nifty Smallcap 250 Momentum Quality 100 ETF Fund of Fund,10,,,,,0,,0.0
0P0001SE5A.BO,Mirae Asset Nifty Smallcap 250 Momentum Quality 100 ETF Fund of Fund,10,,,,,0,,0.0
0P0001SE5B.BO,Mirae Asset Nifty Smallcap 250 Momentum Quality 100 ETF Fund of Fund,10,,,,,0,,0.0
0P0001SEAR.BO,Canara Robeco Manufacturing Fund,10,,,,,0,,0.0
0P0001SEAS.BO,Canara Robeco Manufacturing Fund,10,,,,,0,,0.0
0P0001SEAU.BO,Canara Robeco Manufacturing Fund,10,,,,,0,,0.0
0P0001SEET.BO,Quantum Multi Asset Allocation Fund,10,,,,,0,,0.0
0P0001SEEU.BO,Quantum Multi Asset Allocation Fund,10,,,,,0,,0.0
0P0001SEJL.BO,Parag Parikh Dynamic Asset Allocation Fund,10,,,,,0,,0.0
0P0001SEJO.BO,Parag Parikh Dynamic Asset Allocation Fund,10,,,,,0,,0.0
0P0001SFFD.BO,ICICI Prudential Nifty LargeMidcap 250 Index Fund,10,,,,,0,,0.0
0P0001SFFE.BO,ICICI Prudential Nifty LargeMidcap 250 Index Fund,10,,,,,0,,0.0
0P0001SFFG.BO,ICICI Prudential Nifty LargeMidcap 250 Index Fund,10,,,,,0,,0.0
0P0001SFFH.BO,ICICI Prudential Nifty LargeMidcap 250 Index Fund,10,,,,,0,,0.0
0P0001SIX8.BO,Helios Balanced Advantage Fund,10,,,,,0,,0.0
0P0001SIX9.BO,Helios Balanced Advantage Fund,10,,,,,1,,0.355
0P0001SIXC.BO,Helios Balanced Advantage Fund,10,,,,,0,,0.0
0P0001SIXD.BO,Helios Balanced Advantage Fund,10,,,,,1,,0.325
0P0001SJ92.BO,BANDHAN LONG TERM FUND,10,,,,,0,,0.0
0P0001SJ93.BO,BANDHAN LONG TERM FUND,10,,,,,1,,0.0
0P0001SJ96.BO,BANDHAN LONG TERM FUND,10,,,,,0,,0.0
0P0001SJ97.BO,BANDHAN LONG TERM FUND,10,,,,,1,,0.0
0P0001SJJ3.BO,HDFC NIFTY Realty Index Fund,10,,,,,0,,0.0
0P0001SJJ4.BO,HDFC NIFTY Realty Index Fund,10,,,,,0,,0.0
0P0001SJJJ.BO,DSP US Specific Debt Passive FoF,10,,,,,0,,0.0
0P0001SJJK.BO,DSP US Specific Debt Passive FoF,10,,,,,0,,0.0
0P0001SJJM.BO,DSP US Specific Debt Passive FoF,10,,,,,0,,0.0
0P0001SJJN.BO,DSP US Specific Debt Passive FoF,10,,,,,0,,0.0
0P0001SK6O.BO,Navi NiftyIT Index Fund,10,,,,,0,,0.0
0P0001SK6P.BO,Navi NiftyIT Index Fund,10,,,,,0,,0.0
0P0001SLK5.BO,PGIM India Retirement Fund,10,,,,,0,,0.0
0P0001SLK6.BO,PGIM India Retirement Fund,10,,,,,0,,0.0
0P0001SLK7.BO,PGIM India Retirement Fund,10,,,,,0,,0.0
0P0001SLK8.BO,PGIM India Retirement Fund,10,,,,,0,,0.0
0P0001SMZV.BO,TRUSTMF Flexi Cap Fund,10,,,,,0,,0.0
0P0001SMZW.BO,TRUSTMF Flexi Cap Fund,10,,,,,0,,0.0
0P0001SMZY.BO,TRUSTMF Flexi Cap Fund,10,,,,,0,,0.0
0P0001SMZZ.BO,TRUSTMF Flexi Cap Fund,10,,,,,0,,0.0
0P0001SN1U.BO,Tata Nifty Realty Index Fund,10,,,,,0,,0.0
0P0001SN1V.BO,Tata Nifty Realty Index Fund,10,,,,,0,,0.0
0P0001SN1X.BO,Tata Nifty Realty Index Fund,10,,,,,0,,0.0
0P0001SN1Y.BO,Tata Nifty Realty Index Fund,10,,,,,0,,0.0
0P0001SN20.BO,Tata Nifty Auto Index Fund,10,,,,,0,,0.0
0P0001SN21.BO,Tata Nifty Auto Index Fund,10,,,,,0,,0.0
0P0001SN23.BO,Tata Nifty Auto Index Fund,10,,,,,0,,0.0
0P0001SN24.BO,Tata Nifty Auto Index Fund,10,,,,,0,,0.0
0P0001SN26.BO,Tata Nifty MidSmall Healthcare Index Fund,10,,,,,0,,0.0
0P0001SN27.BO,Tata Nifty MidSmall Healthcare Index Fund,10,,,,,0,,0.0
0P0001SN29.BO,Tata Nifty MidSmall Healthcare Index Fund,10,,,,,0,,0.0
0P0001SN2A.BO,Tata Nifty MidSmall Healthcare Index Fund,10,,,,,0,,0.0
0P0001SO2G.BO,Tata Nifty Financial Services Index Fund,10,,,,,0,,0.0
0P0001SO2H.BO,Tata Nifty Financial Services Index Fund,10,,,,,0,,0.0
0P0001SO2J.BO,Tata Nifty Financial Services Index Fund,10,,,,,0,,0.0
0P0001SO2K.BO,Tata Nifty Financial Services Index Fund,10,,,,,0,,0.0
0P0001SOGG.BO,Tata Nifty500 Multicap India Manufacturing 50:30:20 Index Fund,10,,,,,0,,0.0
0P0001SOGH.BO,Tata Nifty500 Multicap India Manufacturing 50:30:20 Index Fund,10,,,,,0,,0.0
0P0001SOGJ.BO,Tata Nifty500 Multicap India Manufacturing 50:30:20 Index Fund,10,,,,,0,,0.0
0P0001SOGK.BO,Tata Nifty500 Multicap India Manufacturing 50:30:20 Index Fund,10,,,,,0,,0.0
0P0001SOOY.BO,Tata Nifty500 Multicap Infrastructure 50:30:20 Index Fund,10,,,,,0,,0.0
0P0001SOOZ.BO,Tata Nifty500 Multicap Infrastructure 50:30:20 Index Fund,10,,,,,0,,0.0
0P0001SOP1.BO,Tata Nifty500 Multicap Infrastructure 50:30:20 Index Fund,10,,,,,0,,0.0
0P0001SOP2.BO,Tata Nifty500 Multicap Infrastructure 50:30:20 Index Fund,10,,,,,0,,0.0
0P0001SP7E.BO,BANDHAN INNOVATION FUND,10,,,,,0,,0.0
0P0001SP7F.BO,BANDHAN INNOVATION FUND,10,,,,,1,,0.0
0P0001SP7I.BO,BANDHAN INNOVATION FUND,10,,,,,0,,0.0
0P0001SP7J.BO,BANDHAN INNOVATION FUND,10,,,,,1,,0.0
0P0001SQFL.BO,HDFC Manufacturing Fund,10,,,,,0,,0.0
0P0001SQFM.BO,HDFC Manufacturing Fund,10,,,,,0,,0.0
0P0001SQFO.BO,HDFC Manufacturing Fund,10,,,,,0,,0.0
0P0001SQFP.BO,HDFC Manufacturing Fund,10,,,,,0,,0.0
0P0001SRPV.BO,Baroda BNP Paribas Retirement Fund,10,,,,,0,,0.0
0P0001SRPW.BO,Baroda BNP Paribas Retirement Fund,10,,,,,0,,0.0
0P0001SRPX.BO,Baroda BNP Paribas Retirement Fund,10,,,,,0,,0.0
0P0001SRPY.BO,Baroda BNP Paribas Retirement Fund,10,,,,,0,,0.0
0P0001ST32.BO,Edelweiss Nifty Alpha Low Volatility 30 Index Fund,10,,,,,0,,0.0
0P0001ST33.BO,Edelweiss Nifty Alpha Low Volatility 30 Index Fund,10,,,,,0,,0.0
0P0001ST36.BO,Edelweiss Nifty Alpha Low Volatility 30 Index Fund,10,,,,,0,,0.0
0P0001ST37.BO,Edelweiss Nifty Alpha Low Volatility 30 Index Fund,10,,,,,0,,0.0
0P0001STED.BO,JM Small Cap Fund,10,,,,,0,,0.0
0P0001STEE.BO,JM Small Cap Fund,10,,,,,0,,0.0
0P0001STEG.BO,JM Small Cap Fund,10,,,,,0,,0.0
0P0001STEH.BO,JM Small Cap Fund,10,,,,,0,,0.0
0P0001SWRN.BO,Mirae Asset Nifty MidSmallcap400 Momentum Quality 100 ETF Fund of Fund,10,,,,,0,,0.0
0P0001SWRO.BO,Mirae Asset Nifty MidSmallcap400 Momentum Quality 100 ETF Fund of Fund,10,,,,,0,,0.0
0P0001SWRQ.BO,Mirae Asset Nifty MidSmallcap400 Momentum Quality 100 ETF Fund of Fund,10,,,,,0,,0.0
0P0001SWRR.BO,Mirae Asset Nifty MidSmallcap400 Momentum Quality 100 ETF Fund of Fund,10,,,,,0,,0.0
0P0001SWYY.BO,Bajaj Finserv Multi Asset Allocation Fund,10,,,,,0,,0.0
0P0001SWYZ.BO,Bajaj Finserv Multi Asset Allocation Fund,10,,,,,0,,0.0
0P0001SWZ2.BO,Bajaj Finserv Multi Asset Allocation Fund,10,,,,,0,,0.0
0P0001SWZ3.BO,Bajaj Finserv Multi Asset Allocation Fund,10,,,,,0,,0.0
0P0001SXPR.BO,DSP Nifty Bank Index Fund,10,,,,,0,,0.0
0P0001SXPS.BO,DSP Nifty Bank Index Fund,10,,,,,0,,0.0
0P0001SY5B.BO,Motilal Oswal Multi Cap Fund,10,,,,,0,,0.0
0P0001SY5C.BO,Motilal Oswal Multi Cap Fund,10,,,,,0,,0.0
0P0001SY5E.BO,Motilal Oswal Multi Cap Fund,10,,,,,0,,0.0
0P0001SY5F.BO,Motilal Oswal Multi Cap Fund,10,,,,,0,,0.0
0P0001SY6E.BO,SBI Automotive Opportunities Fund,10,,,,,0,,0.0
0P0001SY6F.BO,SBI Automotive Opportunities Fund,10,,,,,0,,0.0
0P0001SY6I.BO,SBI Automotive Opportunities Fund,10,,,,,0,,0.0
0P0001SY6J.BO,SBI Automotive Opportunities Fund,10,,,,,0,,0.0
0P0001T0FA.BO,Aditya Birla Sun Life Crisil IBX Gilt June 2027 Index Fund,10,,,,,0,,0.0
0P0001T0FB.BO,Aditya Birla Sun Life Crisil IBX Gilt June 2027 Index Fund,10,,,,,0,,0.0
0P0001T0FC.BO,Aditya Birla Sun Life Crisil IBX Gilt June 2027 Index Fund,10,,,,,0,,0.0
0P0001T0FD.BO,Aditya Birla Sun Life Crisil IBX Gilt June 2027 Index Fund,10,,,,,0,,0.0
0P0001T0NV.BO,Kotak NIFTY 100 Low Volatility 30 Index Fund,10,,,,,0,,0.0
0P0001T0NW.BO,Kotak NIFTY 100 Low Volatility 30 Index Fund,10,,,,,0,,0.0
0P0001T0NY.BO,Kotak NIFTY 100 Low Volatility 30 Index Fund,10,,,,,0,,0.0
0P0001T0NZ.BO,Kotak NIFTY 100 Low Volatility 30 Index Fund,10,,,,,0,,0.0
0P0001T20A.BO,Sundaram Business Cycle Fund,10,,,,,0,,0.0
0P0001T20B.BO,Sundaram Business Cycle Fund,10,,,,,0,,0.0
0P0001T20D.BO,Sundaram Business Cycle Fund,10,,,,,0,,0.0
0P0001T20E.BO,Sundaram Business Cycle Fund,10,,,,,0,,0.0
0P0001T26O.BO,Baroda BNP Paribas Manufacturing Fund,10,,,,,0,,0.0
0P0001T26P.BO,Baroda BNP Paribas Manufacturing Fund,10,,,,,0,,0.0
0P0001T26R.BO,Baroda BNP Paribas Manufacturing Fund,10,,,,,0,,0.0
0P0001T26S.BO,Baroda BNP Paribas Manufacturing Fund,10,,,,,0,,0.0
0P0001T39D.BO,Helios Financial Services Fund,10,,,,,0,,0.0
0P0001T39E.BO,Helios Financial Services Fund,10,,,,,0,,0.0
0P0001T39H.BO,Helios Financial Services Fund,10,,,,,0,,0.0
0P0001T39I.BO,Helios Financial Services Fund,10,,,,,0,,0.0
0P0001T3NZ.BO,Aditya Birla Sun Life Quant Fund,10,,,,,0,,0.0
0P0001T3O0.BO,Aditya Birla Sun Life Quant Fund,10,,,,,0,,0.0
0P0001T3O1.BO,Aditya Birla Sun Life Quant Fund,10,,,,,0,,0.0
0P0001T3O2.BO,Aditya Birla Sun Life Quant Fund,10,,,,,0,,0.0
0P0001T3UW.BO,Motilal Oswal Quant Fund,10,,,,,0,,0.0
0P0001T3UX.BO,Motilal Oswal Quant Fund,10,,,,,0,,0.0
0P0001T3UZ.BO,Motilal Oswal Quant Fund,10,,,,,0,,0.0
0P0001T3V0.BO,Motilal Oswal Quant Fund,10,,,,,0,,0.0
0P0001T4SS.BO,Kotak Special Opportunities Fund,10,,,,,0,,0.0
0P0001T4SV.BO,Kotak Special Opportunities Fund,10,,,,,0,,0.0
0P0001T4SX.BO,Kotak Special Opportunities Fund,10,,,,,0,,0.0
0P0001T4SY.BO,Kotak Special Opportunities Fund,10,,,,,0,,0.0
0P0001T5N3.BO,Motilal Oswal Nifty India Defence Index Fund,10,,,,,0,,0.0
0P0001T5N4.BO,Motilal Oswal Nifty India Defence Index Fund,10,,,,,0,,0.0
0P0001T5RJ.BO,Edelweiss Business Cycle Fund,10,,,,,0,,0.0
0P0001T5RK.BO,Edelweiss Business Cycle Fund,10,,,,,0,,0.0
0P0001T5RN.BO,Edelweiss Business Cycle Fund,10,,,,,0,,0.0
0P0001T5RO.BO,Edelweiss Business Cycle Fund,10,,,,,0,,0.0
0P0001T862.BO,HDFC NIFTY100 Low Volatility 30 Index Fund,10,,,,,0,,0.0
0P0001T863.BO,HDFC NIFTY100 Low Volatility 30 Index Fund,10,,,,,0,,0.0
0P0001T8DA.BO,BANDHAN NIFTY TOTAL MARKET INDEX FUND,10,,,,,0,,0.0
0P0001T8DB.BO,BANDHAN NIFTY TOTAL MARKET INDEX FUND,10,,,,,0,,0.0
0P0001T99L.BO,ICICI PRUDENTIAL ENERGY OPPORTUNITIES FUND,10,,,,,0,,0.0
0P0001T99M.BO,ICICI PRUDENTIAL ENERGY OPPORTUNITIES FUND,10,,,,,0,,0.0
0P0001T99O.BO,ICICI PRUDENTIAL ENERGY OPPORTUNITIES FUND,10,,,,,0,,0.0
0P0001T99P.BO,ICICI PRUDENTIAL ENERGY OPPORTUNITIES FUND,10,,,,,0,,0.0
0P0001T9D3.BO,SBI Silver ETF Fund of Fund,10,,,,,0,,0.0
0P0001T9D4.BO,SBI Silver ETF Fund of Fund,10,,,,,0,,0.0
0P0001T9D7.BO,SBI Silver ETF Fund of Fund,10,,,,,0,,0.0
0P0001T9D8.BO,SBI Silver ETF Fund of Fund,10,,,,,0,,0.0
0P0001T9IU.BO,Mirae Asset Nifty200 Alpha 30 ETF Fund of Fund,10,,,,,0,,0.0
0P0001T9IV.BO,Mirae Asset Nifty200 Alpha 30 ETF Fund of Fund,10,,,,,0,,0.0
0P0001T9IX.BO,Mirae Asset Nifty200 Alpha 30 ETF Fund of Fund,10,,,,,0,,0.0
0P0001T9IY.BO,Mirae Asset Nifty200 Alpha 30 ETF Fund of Fund,10,,,,,0,,0.0
0P0001TACK.BO,Franklin India Multi Cap Fund,10,,,,,0,,0.0
0P0001TACL.BO,Franklin India Multi Cap Fund,10,,,,,0,,0.0
0P0001TACN.BO,Franklin India Multi Cap Fund,10,,,,,0,,0.0
0P0001TACO.BO,Franklin India Multi Cap Fund,10,,,,,0,,0.0
0P0001TACX.BO,Tata Nifty India Tourism Index Fund,10,,,,,0,,0.0
0P0001TACY.BO,Tata Nifty India Tourism Index Fund,10,,,,,0,,0.0
0P0001TAD0.BO,Tata Nifty India Tourism Index Fund,10,,,,,0,,0.0
0P0001TAD1.BO,Tata Nifty India Tourism Index Fund,10,,,,,0,,0.0
0P0001TAYR.BO,kotak BSE PSU Index Fund,10,,,,,0,,0.0
0P0001TAYS.BO,kotak BSE PSU Index Fund,10,,,,,0,,0.0
0P0001TAYU.BO,kotak BSE PSU Index Fund,10,,,,,0,,0.0
0P0001TAYV.BO,kotak BSE PSU Index Fund,10,,,,,0,,0.0
0P0001TB31.BO,Canara Robeco Balanced Advantage Fund,10,,,,,0,,0.0
0P0001TB32.BO,Canara Robeco Balanced Advantage Fund,10,,,,,0,,0.0
0P0001TB34.BO,Canara Robeco Balanced Advantage Fund,10,,,,,0,,0.0
0P0001TB35.BO,Canara Robeco Balanced Advantage Fund,10,,,,,0,,0.0
0P0001TBEJ.BO,Quant Small Cap Fund,10,,,,,0,,0.0
0P0001TBYT.BO,Motilal Oswal Manufacturing Fund,10,,,,,0,,0.0
0P0001TBYU.BO,Motilal Oswal Manufacturing Fund,10,,,,,0,,0.0
0P0001TBYW.BO,Motilal Oswal Manufacturing Fund,10,,,,,0,,0.0
0P0001TBYX.BO,Motilal Oswal Manufacturing Fund,10,,,,,0,,0.0
0P0001TC5H.BO,Edelweiss Gilt Fund,10,,,,,1,,3.3600000000000003
0P0001TC5V.BO,Navi Nifty 500 Multicap 50:25:25 Index Fund,10,,,,,0,,0.0
0P0001TC5W.BO,Navi Nifty 500 Multicap 50:25:25 Index Fund,10,,,,,0,,0.0
0P0001TE1M.BO,Kotak Nifty Midcap 50 Index Fund,10,,,,,0,,0.0
0P0001TE1N.BO,Kotak Nifty Midcap 50 Index Fund,10,,,,,0,,0.0
0P0001TE1P.BO,Kotak Nifty Midcap 50 Index Fund,10,,,,,0,,0.0
0P0001TE1Q.BO,Kotak Nifty Midcap 50 Index Fund,10,,,,,0,,0.0
0P0001TE4G.BO,Groww Nifty EV & New Age Automotive ETF FOF,10,,,,,0,,0.0
0P0001TE4H.BO,Groww Nifty EV & New Age Automotive ETF FOF,10,,,,,0,,0.0
0P0001TE4J.BO,Groww Nifty EV & New Age Automotive ETF FOF,10,,,,,0,,0.0
0P0001TE4K.BO,Groww Nifty EV & New Age Automotive ETF FOF,10,,,,,0,,0.0
0P0001TER9.BO,BAJAJ FINSERV LARGE CAP FUND,10,,,,,0,,0.0
0P0001TERA.BO,BAJAJ FINSERV LARGE CAP FUND,10,,,,,0,,0.0
0P0001TERD.BO,BAJAJ FINSERV LARGE CAP FUND,10,,,,,0,,0.0
0P0001TERE.BO,BAJAJ FINSERV LARGE CAP FUND,10,,,,,0,,0.0
0P0001TEVD.BO,SBI Innovative Opportunities Fund,10,,,,,0,,0.0
0P0001TEVE.BO,SBI Innovative Opportunities Fund,10,,,,,0,,0.0
0P0001TEVH.BO,SBI Innovative Opportunities Fund,10,,,,,0,,0.0
0P0001TEVI.BO,SBI Innovative Opportunities Fund,10,,,,,0,,0.0
0P0001TFD4.BO,HDFC NIFTY500 Multicap 50:25:25 Index Fund,10,,,,,0,,0.0
0P0001TFD5.BO,HDFC NIFTY500 Multicap 50:25:25 Index Fund,10,,,,,0,,0.0
0P0001TFNQ.BO,Bank of India Business Cycle Fund,10,,,,,0,,0.0
0P0001TFNR.BO,Bank of India Business Cycle Fund,10,,,,,0,,0.0
0P0001TFNT.BO,Bank of India Business Cycle Fund,10,,,,,0,,0.0
0P0001TFNU.BO,Bank of India Business Cycle Fund,10,,,,,0,,0.0
0P0001TG7Y.BO,Motilal Oswal Business Cycle Fund,10,,,,,0,,0.0
0P0001TG7Z.BO,Motilal Oswal Business Cycle Fund,10,,,,,0,,0.0
0P0001TG81.BO,Motilal Oswal Business Cycle Fund,10,,,,,0,,0.0
0P0001TG82.BO,Motilal Oswal Business Cycle Fund,10,,,,,0,,0.0
0P0001TGBW.BO,BANDHAN NIFTY BANK INDEX FUND,10,,,,,0,,0.0
0P0001TGBX.BO,BANDHAN NIFTY BANK INDEX FUND,10,,,,,0,,0.0
0P0001TGTU.BO,Axis Consumption Fund,10,,,,,0,,0.0
0P0001TGTV.BO,Axis Consumption Fund,10,,,,,0,,0.0
0P0001TGTX.BO,Axis Consumption Fund,10,,,,,0,,0.0
0P0001TGTY.BO,Axis Consumption Fund,10,,,,,0,,0.0
0P0001TH6S.BO,Baroda BNP Paribas Dividend Yield Fund,10,,,,,0,,0.0
0P0001TH6T.BO,Baroda BNP Paribas Dividend Yield Fund,10,,,,,0,,0.0
0P0001TH6V.BO,Baroda BNP Paribas Dividend Yield Fund,10,,,,,0,,0.0
0P0001TH6W.BO,Baroda BNP Paribas Dividend Yield Fund,10,,,,,0,,0.0
0P0001THNF.BO,DSP Nifty Top 10 Equal Weight Index Fund,10,,,,,0,,0.0
0P0001THNG.BO,DSP Nifty Top 10 Equal Weight Index Fund,10,,,,,0,,0.0
0P0001THYB.BO,Union Multi Asset Allocation Fund,10,,,,,0,,0.0
0P0001THYC.BO,Union Multi Asset Allocation Fund,10,,,,,1,,7.880000000000001
0P0001THYF.BO,Union Multi Asset Allocation Fund,10,,,,,0,,0.0
0P0001THYG.BO,Union Multi Asset Allocation Fund,10,,,,,1,,4.025
0P0001TI37.BO,PGIM India Multi Cap Fund,10,,,,,0,,0.0
0P0001TI38.BO,PGIM India Multi Cap Fund,10,,,,,0,,0.0
0P0001TI3A.BO,PGIM India Multi Cap Fund,10,,,,,0,,0.0
0P0001TI3B.BO,PGIM India Multi Cap Fund,10,,,,,0,,0.0
0P0001TIEM.BO,ITI Large & Mid Cap Fund,10,,,,,0,,0.0
0P0001TIK5.BO,Tata Nifty200 Alpha 30 Index Fund,10,,,,,0,,0.0
0P0001TIK6.BO,Tata Nifty200 Alpha 30 Index Fund,10,,,,,0,,0.0
0P0001TIK8.BO,Tata Nifty200 Alpha 30 Index Fund,10,,,,,0,,0.0
0P0001TIK9.BO,Tata Nifty200 Alpha 30 Index Fund,10,,,,,0,,0.0
0P0001TIKG.BO,ITI Large & Mid Cap Fund,10,,,,,0,,0.0
0P0001TIKI.BO,ITI Large & Mid Cap Fund,10,,,,,0,,0.0
0P0001TIKJ.BO,ITI Large & Mid Cap Fund,10,,,,,0,,0.0
0P0001TIRB.BO,Nippon India Nifty 500 Equal Weight Index Fund,10,,,,,0,,0.0
0P0001TIRC.BO,Nippon India Nifty 500 Equal Weight Index Fund,10,,,,,0,,0.0
0P0001TIRE.BO,Nippon India Nifty 500 Equal Weight Index Fund,10,,,,,0,,0.0
0P0001TIRF.BO,Nippon India Nifty 500 Equal Weight Index Fund,10,,,,,0,,0.0
0P0001TIVQ.BO,Bandhan BSE Healthcare Index Fund,10,,,,,0,,0.0
0P0001TIVR.BO,Bandhan BSE Healthcare Index Fund,10,,,,,0,,0.0
0P0001TJGR.BO,Bandhan Business Cycle Fund,10,,,,,0,,0.0
0P0001TJGS.BO,Bandhan Business Cycle Fund,10,,,,,0,,0.0
0P0001TJGV.BO,Bandhan Business Cycle Fund,10,,,,,0,,0.0
0P0001TJGW.BO,Bandhan Business Cycle Fund,10,,,,,0,,0.0
0P0001TK3E.BO,WhiteOak Capital Arbitrage Fund,10,,,,,0,,0.0
0P0001TK3F.BO,WhiteOak Capital Arbitrage Fund,10,,,,,0,,0.0
0P0001TK3S.BO,Samco Multi Cap Fund,10,,,,,0,,0.0
0P0001TK3T.BO,Samco Multi Cap Fund,10,,,,,0,,0.0
0P0001TKDB.BO,Bandhan Nifty Midcap 150 Index Fund,10,,,,,0,,0.0
0P0001TKDC.BO,Bandhan Nifty Midcap 150 Index Fund,10,,,,,0,,0.0
0P0001TKOG.BO,Invesco India Technology Fund,10,,,,,0,,0.0
0P0001TKOH.BO,Invesco India Technology Fund,10,,,,,0,,0.0
0P0001TKOJ.BO,Invesco India Technology Fund,10,,,,,0,,0.0
0P0001TKOK.BO,Invesco India Technology Fund,10,,,,,0,,0.0
0P0001TKQC.BO,Kotak Nifty India Tourism Index Fund,10,,,,,0,,0.0
0P0001TKQD.BO,Kotak Nifty India Tourism Index Fund,10,,,,,0,,0.0
0P0001TKQF.BO,Kotak Nifty India Tourism Index Fund,10,,,,,0,,0.0
0P0001TKQG.BO,Kotak Nifty India Tourism Index Fund,10,,,,,0,,0.0
0P0001TKUU.BO,Kotak CRISIL-IBX AAA Financial Services Index-Sep 2027 Fund,10,,,,,0,,0.0
0P0001TKUV.BO,Kotak CRISIL-IBX AAA Financial Services Index-Sep 2027 Fund,10,,,,,0,,0.0
0P0001TKUX.BO,Kotak CRISIL-IBX AAA Financial Services Index-Sep 2027 Fund,10,,,,,0,,0.0
0P0001TKUY.BO,Kotak CRISIL-IBX AAA Financial Services Index-Sep 2027 Fund,10,,,,,0,,0.0
0P0001TL7C.BO,Motilal Oswal Nifty 500 Momentum 50 Index Fund,10,,,,,0,,0.0
0P0001TL7D.BO,Motilal Oswal Nifty 500 Momentum 50 Index Fund,10,,,,,0,,0.0
0P0001TO0Q.BO,Nippon India Nifty 500 Momentum 50 Index Fund,10,,,,,0,,0.0
0P0001TO0S.BO,Nippon India Nifty 500 Momentum 50 Index Fund,10,,,,,0,,0.0
0P0001TO0T.BO,Nippon India Nifty 500 Momentum 50 Index Fund,10,,,,,0,,0.0
0P0001TO0V.BO,Nippon India Nifty 500 Momentum 50 Index Fund,10,,,,,0,,0.0
0P0001TP19.BO,Franklin India Money Market Fund,10,,,,,1,,-0.14000000000000012
0P0001TP1A.BO,Franklin India Money Market Fund,10,,,,,1,,-0.14500000000000002
0P0001TPSC.BO,HDFC NIFTY LargeMidcap 250 Index Fund,10,,,,,0,,0.0
0P0001TPSD.BO,HDFC NIFTY LargeMidcap 250 Index Fund,10,,,,,0,,0.0
0P0001TPWY.BO,SBI Nifty 500 Index Fund,10,,,,,0,,0.0
0P0001TPWZ.BO,SBI Nifty 500 Index Fund,10,,,,,0,,0.0
0P0001TPX2.BO,SBI Nifty 500 Index Fund,10,,,,,0,,0.0
0P0001TPX3.BO,SBI Nifty 500 Index Fund,10,,,,,0,,0.0
0P0001TQ0N.BO,Kotak MNC Fund,10,,,,,0,,0.0
0P0001TQ0O.BO,Kotak MNC Fund,10,,,,,0,,0.0
0P0001TQ0Q.BO,Kotak MNC Fund,10,,,,,0,,0.0
0P0001TQ0R.BO,Kotak MNC Fund,10,,,,,0,,0.0
0P0001TQ7S.BO,Kotak Nifty Midcap 150 Momentum 50 Index Fund,10,,,,,0,,0.0
0P0001TQ7T.BO,Kotak Nifty Midcap 150 Momentum 50 Index Fund,10,,,,,0,,0.0
0P0001TQ7V.BO,Kotak Nifty Midcap 150 Momentum 50 Index Fund,10,,,,,0,,0.0
0P0001TQ7W.BO,Kotak Nifty Midcap 150 Momentum 50 Index Fund,10,,,,,0,,0.0
0P0001TQ8W.BO,WhiteOak Capital Digital Bharat Fund,10,,,,,0,,0.0
0P0001TQ8X.BO,WhiteOak Capital Digital Bharat Fund,10,,,,,0,,0.0
0P0001TQAR.BO,LIC MF Manufacturing Fund,10,,,,,0,,0.0
0P0001TQAS.BO,LIC MF Manufacturing Fund,10,,,,,0,,0.0
0P0001TQAU.BO,LIC MF Manufacturing Fund,10,,,,,0,,0.0
0P0001TQAV.BO,LIC MF Manufacturing Fund,10,,,,,0,,0.0
0P0001TQNU.BO,Groww Nifty India Defence ETF FOF,10,,,,,0,,0.0
0P0001TQNV.BO,Groww Nifty India Defence ETF FOF,10,,,,,0,,0.0
0P0001TQNX.BO,Groww Nifty India Defence ETF FOF,10,,,,,0,,0.0
0P0001TQNY.BO,Groww Nifty India Defence ETF FOF,10,,,,,0,,0.0
0P0001TR0N.BO,Baroda BNP Paribas Nifty200 Momentum 30 Index Fund,10,,,,,0,,0.0
0P0001TR0O.BO,Baroda BNP Paribas Nifty200 Momentum 30 Index Fund,10,,,,,0,,0.0
0P0001TSK7.BO,ICICI Prudential Nifty200 Value 30 Index Fund,10,,,,,0,,0.0
0P0001TSK8.BO,ICICI Prudential Nifty200 Value 30 Index Fund,10,,,,,0,,0.0
0P0001TSKA.BO,ICICI Prudential Nifty200 Value 30 Index Fund,10,,,,,0,,0.0
0P0001TSKB.BO,ICICI Prudential Nifty200 Value 30 Index Fund,10,,,,,0,,0.0
0P0001TSW4.BO,Helios Large & Mid Cap Fund,10,,,,,0,,0.0
0P0001TSW5.BO,Helios Large & Mid Cap Fund,10,,,,,0,,0.0
0P0001TSW8.BO,Helios Large & Mid Cap Fund,10,,,,,0,,0.0
0P0001TSW9.BO,Helios Large & Mid Cap Fund,10,,,,,0,,0.0
0P0001TSX8.BO,TRUSTMF SMALL CAP FUND,10,,,,,0,,0.0
0P0001TSX9.BO,TRUSTMF SMALL CAP FUND,10,,,,,0,,0.0
0P0001TSXB.BO,TRUSTMF SMALL CAP FUND,10,,,,,0,,0.0
0P0001TSXC.BO,TRUSTMF SMALL CAP FUND,10,,,,,0,,0.0
0P0001TSZB.BO,Aditya Birla Sun Life Crisil-IBX AAA NBFC-HFC INDEX-Sep 2026 Fund,10,,,,,0,,0.0
0P0001TSZC.BO,Aditya Birla Sun Life Crisil-IBX AAA NBFC-HFC INDEX-Sep 2026 Fund,10,,,,,0,,0.0
0P0001TSZD.BO,Aditya Birla Sun Life Crisil-IBX AAA NBFC-HFC INDEX-Sep 2026 Fund,10,,,,,0,,0.0
0P0001TSZE.BO,Aditya Birla Sun Life Crisil-IBX AAA NBFC-HFC INDEX-Sep 2026 Fund,10,,,,,0,,0.0
0P0001TTT3.BO,Tata Nifty Capital Markets Index Fund,10,,,,,0,,0.0
0P0001TTT4.BO,Tata Nifty Capital Markets Index Fund,10,,,,,0,,0.0
0P0001TTT6.BO,Tata Nifty Capital Markets Index Fund,10,,,,,0,,0.0
0P0001TTT7.BO,Tata Nifty Capital Markets Index Fund,10,,,,,0,,0.0
0P0001TUN0.BO,Motilal Oswal Digital India Fund,10,,,,,0,,0.0
0P0001TUN1.BO,Motilal Oswal Digital India Fund,10,,,,,0,,0.0
0P0001TUN3.BO,Motilal Oswal Digital India Fund,10,,,,,0,,0.0
0P0001TUN4.BO,Motilal Oswal Digital India Fund,10,,,,,0,,0.0
0P0001TVTU.BO,DSP Liquid Fund,10,,,,,1,,-0.28
0P0001TVTV.BO,BANDHAN Overnight Fund,10,,,,,1,,-0.02500000000000013
0P0001TWEQ.BO,Edelweiss Nifty500 Multicap Momentum Quality 50 Index Fund,10,,,,,0,,0.0
0P0001TWET.BO,Edelweiss Nifty500 Multicap Momentum Quality 50 Index Fund,10,,,,,0,,0.0
0P0001TWEU.BO,Edelweiss Nifty500 Multicap Momentum Quality 50 Index Fund,10,,,,,0,,0.0
0P0001TWEX.BO,Edelweiss Nifty500 Multicap Momentum Quality 50 Index Fund,10,,,,,0,,0.0
0P0001TWG9.BO,Baroda BNP Paribas Nifty Midcap 150 Index Fund,10,,,,,0,,0.0
0P0001TWHU.BO,Groww Gold ETF FOF,10,,,,,0,,0.0
0P0001TWHV.BO,Groww Gold ETF FOF,10,,,,,0,,0.0
0P0001TWHX.BO,Groww Gold ETF FOF,10,,,,,0,,0.0
0P0001TWHY.BO,Groww Gold ETF FOF,10,,,,,0,,0.0
0P0001TWPL.BO,Nippon India CRISIL - IBX AAA Financial Services - Dec 2026 Index Fund,10,,,,,0,,0.0
0P0001TWPM.BO,Nippon India CRISIL - IBX AAA Financial Services - Dec 2026 Index Fund,10,,,,,0,,0.0
0P0001TWPO.BO,Nippon India CRISIL - IBX AAA Financial Services - Dec 2026 Index Fund,10,,,,,0,,0.0
0P0001TWPP.BO,Nippon India CRISIL - IBX AAA Financial Services - Dec 2026 Index Fund,10,,,,,0,,0.0
0P0001TWS7.BO,Bandhan Nifty 500 Momentum 50 Index Fund,10,,,,,0,,0.0
0P0001TWS8.BO,Bandhan Nifty 500 Momentum 50 Index Fund,10,,,,,0,,0.0
0P0001TWSM.BO,Bandhan Nifty 500 Value 50 Index Fund,10,,,,,0,,0.0
0P0001TWSN.BO,Bandhan Nifty 500 Value 50 Index Fund,10,,,,,0,,0.0
0P0001TWTX.BO,Nippon India CRISIL - IBX AAA Financial Services - Jan 2028 Index Fund,10,,,,,0,,0.0
0P0001TWTY.BO,Nippon India CRISIL - IBX AAA Financial Services - Jan 2028 Index Fund,10,,,,,0,,0.0
0P0001TWU0.BO,Nippon India CRISIL - IBX AAA Financial Services - Jan 2028 Index Fund,10,,,,,0,,0.0
0P0001TWU1.BO,Nippon India CRISIL - IBX AAA Financial Services - Jan 2028 Index Fund,10,,,,,0,,0.0
0P0001TXZ7.BO,Mirae Asset Gold ETF Fund of Fund,10,,,,,0,,0.0
0P0001TXZ9.BO,Mirae Asset Gold ETF Fund of Fund,10,,,,,0,,0.0
0P0001TXZA.BO,Mirae Asset Gold ETF Fund of Fund,10,,,,,0,,0.0
0P0001TXZC.BO,Mirae Asset Gold ETF Fund of Fund,10,,,,,0,,0.0
0P0001TY34.BO,SBI Nifty India Consumption Index Fund,10,,,,,0,,0.0
0P0001TY35.BO,SBI Nifty India Consumption Index Fund,10,,,,,0,,0.0
0P0001TY38.BO,SBI Nifty India Consumption Index Fund,10,,,,,0,,0.0
0P0001TY39.BO,SBI Nifty India Consumption Index Fund,10,,,,,0,,0.0
0P0001TYUE.BO,Zerodha Gold ETF FoF,10,,,,,0,,0.0
0P0001U079.BO,Motilal Oswal Nifty MidSmall Financial Services Index Fund,10,,,,,0,,0.0
0P0001U07A.BO,Motilal Oswal Nifty MidSmall Financial Services Index Fund,10,,,,,0,,0.0
0P0001U08I.BO,Motilal Oswal Nifty MidSmall Healthcare Index Fund,10,,,,,0,,0.0
0P0001U08J.BO,Motilal Oswal Nifty MidSmall Healthcare Index Fund,10,,,,,0,,0.0
0P0001U08K.BO,Motilal Oswal Nifty MidSmall IT and Telecom Index Fund,10,,,,,0,,0.0
0P0001U08L.BO,Motilal Oswal Nifty MidSmall IT and Telecom Index Fund,10,,,,,0,,0.0
0P0001U08M.BO,Motilal Oswal Nifty MidSmall India Consumption Index Fund,10,,,,,0,,0.0
0P0001U08N.BO,Motilal Oswal Nifty MidSmall India Consumption Index Fund,10,,,,,0,,0.0
0P0001U15H.BO,Aditya Birla Sun Life Crisil-IBX AAA Financial Services Index-Sep 2027 Fund,10,,,,,0,,0.0
0P0001U15I.BO,Aditya Birla Sun Life Crisil-IBX AAA Financial Services Index-Sep 2027 Fund,10,,,,,0,,0.0
0P0001U15J.BO,Aditya Birla Sun Life Crisil-IBX AAA Financial Services Index-Sep 2027 Fund,10,,,,,0,,0.0
0P0001U15K.BO,Aditya Birla Sun Life Crisil-IBX AAA Financial Services Index-Sep 2027 Fund,10,,,,,0,,0.0
0P0001U16W.BO,Shriram Liquid Fund,10,,,,,0,,0.0
0P0001U16X.BO,Shriram Liquid Fund,10,,,,,0,,0.0
0P0001U186.BO,HSBC Income Plus Arbitrage Active FOF (erstwhile HSBC Managed Solution India - Conservative Plan),10,,,,,1,,0.625
0P0001U198.BO,Franklin India Arbitrage Fund,10,,,,,0,,0.0
0P0001U199.BO,Franklin India Arbitrage Fund,10,,,,,0,,0.0
0P0001U19B.BO,Franklin India Arbitrage Fund,10,,,,,0,,0.0
0P0001U19C.BO,Franklin India Arbitrage Fund,10,,,,,0,,0.0
0P0001U1JQ.BO,Tata India Innovation Fund,10,,,,,0,,0.0
0P0001U1JR.BO,Tata India Innovation Fund,10,,,,,0,,0.0
0P0001U1JT.BO,Tata India Innovation Fund,10,,,,,0,,0.0
0P0001U1JU.BO,Tata India Innovation Fund,10,,,,,0,,0.0
0P0001U2DR.BO,Bajaj Finserv Consumption Fund,10,,,,,0,,0.0
0P0001U2DS.BO,Bajaj Finserv Consumption Fund,10,,,,,0,,0.0
0P0001U2DV.BO,Bajaj Finserv Consumption Fund,10,,,,,0,,0.0
0P0001U2DW.BO,Bajaj Finserv Consumption Fund,10,,,,,0,,0.0
0P0001U2EF.BO,ICICI Prudential Equity Minimum Variance Fund,10,,,,,0,,0.0
0P0001U2EG.BO,ICICI Prudential Equity Minimum Variance Fund,10,,,,,0,,0.0
0P0001U2EI.BO,ICICI Prudential Equity Minimum Variance Fund,10,,,,,0,,0.0
0P0001U2EJ.BO,ICICI Prudential Equity Minimum Variance Fund,10,,,,,0,,0.0
0P0001U2P3.BO,Nippon India Nifty Realty Index Fund,10,,,,,0,,0.0
0P0001U2P4.BO,Nippon India Nifty Realty Index Fund,10,,,,,0,,0.0
0P0001U2P6.BO,Nippon India Nifty Realty Index Fund,10,,,,,0,,0.0
0P0001U2P7.BO,Nippon India Nifty Realty Index Fund,10,,,,,0,,0.0
0P0001U2P9.BO,Nippon India Nifty Auto Index Fund,10,,,,,0,,0.0
0P0001U2PA.BO,Nippon India Nifty Auto Index Fund,10,,,,,0,,0.0
0P0001U2PC.BO,Nippon India Nifty Auto Index Fund,10,,,,,0,,0.0
0P0001U2PD.BO,Nippon India Nifty Auto Index Fund,10,,,,,0,,0.0
0P0001U2S2.BO,Samco Arbitrage Fund,10,,,,,0,,0.0
0P0001U2S3.BO,Samco Arbitrage Fund,10,,,,,0,,0.0
0P0001U38T.BO,Shriram Multi Sector Rotation Fund,10,,,,,0,,0.0
0P0001U38U.BO,Shriram Multi Sector Rotation Fund,10,,,,,0,,0.0
0P0001U38X.BO,Axis Momentum Fund,10,,,,,0,,0.0
0P0001U38Y.BO,Axis Momentum Fund,10,,,,,0,,0.0
0P0001U390.BO,Axis Momentum Fund,10,,,,,0,,0.0
0P0001U391.BO,Axis Momentum Fund,10,,,,,0,,0.0
0P0001U395.BO,Groww Multicap Fund,10,,,,,0,,0.0
0P0001U396.BO,Groww Multicap Fund,10,,,,,0,,0.0
0P0001U398.BO,Groww Multicap Fund,10,,,,,0,,0.0
0P0001U399.BO,Groww Multicap Fund,10,,,,,0,,0.0
0P0001U3KK.BO,Kotak Transportation & Logistics Fund,10,,,,,0,,0.0
0P0001U3KL.BO,Kotak Transportation & Logistics Fund,10,,,,,0,,0.0
0P0001U3KN.BO,Kotak Transportation & Logistics Fund,10,,,,,0,,0.0
0P0001U3KO.BO,Kotak Transportation & Logistics Fund,10,,,,,0,,0.0
0P0001U3KQ.BO,Quantum Ethical Fund,10,,,,,0,,0.0
0P0001U3KR.BO,Quantum Ethical Fund,10,,,,,0,,0.0
0P0001U3KS.BO,Samco Multi Asset Allocation Fund,10,,,,,0,,0.0
0P0001U3KT.BO,Samco Multi Asset Allocation Fund,10,,,,,0,,0.0
0P0001U4QZ.BO,Bandhan Nifty 200 Quality 30 Index Fund,10,,,,,0,,0.0
0P0001U4R0.BO,Bandhan Nifty 200 Quality 30 Index Fund,10,,,,,0,,0.0
0P0001U539.BO,Union Active Momentum Fund,10,,,,,0,,0.0
0P0001U53A.BO,Union Active Momentum Fund,10,,,,,0,,0.0
0P0001U53D.BO,Union Active Momentum Fund,10,,,,,0,,0.0
0P0001U53E.BO,Union Active Momentum Fund,10,,,,,0,,0.0
0P0001U54I.BO,Franklin India Long Term Fund,10,,,,,0,,0.0
0P0001U54J.BO,Franklin India Long Term Fund,10,,,,,1,,0.765
0P0001U54L.BO,Franklin India Long Term Fund,10,,,,,0,,0.0
0P0001U54M.BO,Franklin India Long Term Fund,10,,,,,1,,0.57
0P0001U54O.BO,Invesco India Multi Asset Allocation Fund,10,,,,,0,,0.0
0P0001U54P.BO,Invesco India Multi Asset Allocation Fund,10,,,,,0,,0.0
0P0001U54R.BO,Invesco India Multi Asset Allocation Fund,10,,,,,0,,0.0
0P0001U54S.BO,Invesco India Multi Asset Allocation Fund,10,,,,,0,,0.0
0P0001U59I.BO,HDFC Nifty India Digital Index Fund,10,,,,,0,,0.0
0P0001U59J.BO,HDFC Nifty India Digital Index Fund,10,,,,,0,,0.0
0P0001U5D5.BO,Edelweiss CRISIL IBX AAA Financial Services Bond - Jan 2028 Index Fund,10,,,,,0,,0.0
0P0001U5D6.BO,Edelweiss CRISIL IBX AAA Financial Services Bond - Jan 2028 Index Fund,10,,,,,1,,2.28
0P0001U5D9.BO,Edelweiss CRISIL IBX AAA Financial Services Bond - Jan 2028 Index Fund,10,,,,,0,,0.0
0P0001U5DA.BO,Edelweiss CRISIL IBX AAA Financial Services Bond - Jan 2028 Index Fund,10,,,,,1,,2.29
0P0001U6RL.BO,Tata BSE Select Business Groups Index Fund,10,,,,,0,,0.0
0P0001U6RM.BO,Tata BSE Select Business Groups Index Fund,10,,,,,0,,0.0
0P0001U6RO.BO,Tata BSE Select Business Groups Index Fund,10,,,,,0,,0.0
0P0001U6RP.BO,Tata BSE Select Business Groups Index Fund,10,,,,,0,,0.0
0P0001U7AO.BO,Motilal Oswal Nifty Capital Market Index Fund,10,,,,,0,,0.0
0P0001U7AP.BO,Motilal Oswal Nifty Capital Market Index Fund,10,,,,,0,,0.0
0P0001U7KR.BO,Aditya Birla Sun Life Conglomerate Fund,10,,,,,0,,0.0
0P0001U7KS.BO,Aditya Birla Sun Life Conglomerate Fund,10,,,,,0,,0.0
0P0001U7KT.BO,Aditya Birla Sun Life Conglomerate Fund,10,,,,,0,,0.0
0P0001U7KU.BO,Aditya Birla Sun Life Conglomerate Fund,10,,,,,0,,0.0
0P0001U8FV.BO,Bajaj Finserv Healthcare Fund,10,,,,,0,,0.0
0P0001U8FW.BO,Bajaj Finserv Healthcare Fund,10,,,,,0,,0.0
0P0001U8FZ.BO,Bajaj Finserv Healthcare Fund,10,,,,,0,,0.0
0P0001U8G0.BO,Bajaj Finserv Healthcare Fund,10,,,,,0,,0.0
0P0001U8U0.BO,Bank of India Consumption Fund,10,,,,,0,,0.0
0P0001U8U1.BO,Bank of India Consumption Fund,10,,,,,0,,0.0
0P0001U8U3.BO,Bank of India Consumption Fund,10,,,,,0,,0.0
0P0001U8U4.BO,Bank of India Consumption Fund,10,,,,,0,,0.0
0P0001U8V7.BO,Kotak Nifty 50 Equal Weight Index Fund,10,,,,,0,,0.0
0P0001U8V8.BO,Kotak Nifty 50 Equal Weight Index Fund,10,,,,,0,,0.0
0P0001U8VA.BO,Kotak Nifty 50 Equal Weight Index Fund,10,,,,,0,,0.0
0P0001U8VB.BO,Kotak Nifty 50 Equal Weight Index Fund,10,,,,,0,,0.0
0P0001U8VD.BO,Kotak Nifty 100 Equal Weight Index Fund,10,,,,,0,,0.0
0P0001U8VE.BO,Kotak Nifty 100 Equal Weight Index Fund,10,,,,,0,,0.0
0P0001U8VF.BO,Kotak Nifty 100 Equal Weight Index Fund,10,,,,,0,,0.0
0P0001U8VH.BO,Kotak Nifty 100 Equal Weight Index Fund,10,,,,,0,,0.0
0P0001U8VT.BO,Baroda BNP Paribas Children's Fund,10,,,,,0,,0.0
0P0001U8VV.BO,Baroda BNP Paribas Children's Fund,10,,,,,0,,0.0
0P0001U8VW.BO,Baroda BNP Paribas Children's Fund,10,,,,,0,,0.0
0P0001UABR.BO,SBI Quant Fund,10,,,,,0,,0.0
0P0001UABS.BO,SBI Quant Fund,10,,,,,0,,0.0
0P0001UABV.BO,SBI Quant Fund,10,,,,,0,,0.0
0P0001UABW.BO,SBI Quant Fund,10,,,,,0,,0.0
0P0001UAN7.BO,ICICI Prudential Nifty 500 Index Fund,10,,,,,0,,0.0
0P0001UAN8.BO,ICICI Prudential Nifty 500 Index Fund,10,,,,,0,,0.0
0P0001UANA.BO,ICICI Prudential Nifty 500 Index Fund,10,,,,,0,,0.0
0P0001UANB.BO,ICICI Prudential Nifty 500 Index Fund,10,,,,,0,,0.0
0P0001UBAR.BO,Aditya Birla Sun Life Crisil-IBX Financial Services 3 to 6 months Debt Index Fund,10,,,,,0,,0.0
0P0001UBAS.BO,Aditya Birla Sun Life Crisil-IBX Financial Services 3 to 6 months Debt Index Fund,10,,,,,0,,0.0
0P0001UBAT.BO,Aditya Birla Sun Life Crisil-IBX Financial Services 3 to 6 months Debt Index Fund,10,,,,,0,,0.0
0P0001UBAU.BO,Aditya Birla Sun Life Crisil-IBX Financial Services 3 to 6 months Debt Index Fund,10,,,,,0,,0.0
0P0001UCK0.BO,Mirae Asset Nifty India New Age Consumption ETF Fund of Fund,10,,,,,0,,0.0
0P0001UCK1.BO,Mirae Asset Nifty India New Age Consumption ETF Fund of Fund,10,,,,,0,,0.0
0P0001UCK3.BO,Mirae Asset Nifty India New Age Consumption ETF Fund of Fund,10,,,,,0,,0.0
0P0001UCK4.BO,Mirae Asset Nifty India New Age Consumption ETF Fund of Fund,10,,,,,0,,0.0
0P0001UCTI.BO,Motilal Oswal Arbitrage Fund,10,,,,,0,,0.0
0P0001UCTL.BO,Motilal Oswal Arbitrage Fund,10,,,,,0,,0.0
0P0001UCTM.BO,Motilal Oswal Arbitrage Fund,10,,,,,0,,0.0
0P0001UCTO.BO,Baroda BNP Paribas Energy Opportunities Fund,10,,,,,0,,0.0
0P0001UCTP.BO,Baroda BNP Paribas Energy Opportunities Fund,10,,,,,0,,0.0
0P0001UCTR.BO,Baroda BNP Paribas Energy Opportunities Fund,10,,,,,0,,0.0
0P0001UCTS.BO,Baroda BNP Paribas Energy Opportunities Fund,10,,,,,0,,0.0
0P0001UDYA.BO,ICICI Prudential Rural Opportunities Fund,10,,,,,0,,0.0
0P0001UDYB.BO,ICICI Prudential Rural Opportunities Fund,10,,,,,0,,0.0
0P0001UDYD.BO,ICICI Prudential Rural Opportunities Fund,10,,,,,0,,0.0
0P0001UDYE.BO,ICICI Prudential Rural Opportunities Fund,10,,,,,0,,0.0
0P0001UET0.BO,Bajaj Finserv ELSS - Tax Saver Fund,10,,,,,0,,0.0
0P0001UET1.BO,Bajaj Finserv ELSS - Tax Saver Fund,10,,,,,0,,0.0
0P0001UET2.BO,Bajaj Finserv ELSS - Tax Saver Fund,10,,,,,0,,0.0
0P0001UET3.BO,Bajaj Finserv ELSS - Tax Saver Fund,10,,,,,0,,0.0
0P0001UGL9.BO,Bajaj Finserv Gilt Fund,10,,,,,0,,0.0
0P0001UGLA.BO,Bajaj Finserv Gilt Fund,10,,,,,0,,0.0
0P0001UGLB.BO,Bajaj Finserv Gilt Fund,10,,,,,0,,0.0
0P0001UGLE.BO,Bajaj Finserv Gilt Fund,10,,,,,0,,0.0
0P0001UGUW.BO,Kotak Nifty SmallCap 250 Index Fund,10,,,,,0,,0.0
0P0001UGUX.BO,Kotak Nifty SmallCap 250 Index Fund,10,,,,,0,,0.0
0P0001UGUZ.BO,Kotak Nifty SmallCap 250 Index Fund,10,,,,,0,,0.0
0P0001UGV0.BO,Kotak Nifty SmallCap 250 Index Fund,10,,,,,0,,0.0
0P0001UGVC.BO,Bandhan Nifty Alpha Low Volatility 30 Index Fund,10,,,,,0,,0.0
0P0001UGVD.BO,Bandhan Nifty Alpha Low Volatility 30 Index Fund,10,,,,,0,,0.0
0P0001UH4K.BO,Mirae Asset Small Cap Fund,10,,,,,0,,0.0
0P0001UH4L.BO,Mirae Asset Small Cap Fund,10,,,,,0,,0.0
0P0001UH4N.BO,Mirae Asset Small Cap Fund,10,,,,,0,,0.0
0P0001UH4O.BO,Mirae Asset Small Cap Fund,10,,,,,0,,0.0
0P0001UH8N.BO,DSP BSE SENSEX Next 30 Index Fund,10,,,,,0,,0.0
0P0001UH8O.BO,DSP BSE SENSEX Next 30 Index Fund,10,,,,,0,,
0P0001UH8Q.BO,DSP BSE SENSEX Next 30 Index Fund,10,,,,,0,,
0P0001UH8R.BO,DSP BSE SENSEX Next 30 Index Fund,10,,,,,0,,
0P0001UHHP.BO,Edelweiss Consumption Fund,10,,,,,0,,0.0
0P0001UHHQ.BO,Edelweiss Consumption Fund,10,,,,,0,,0.0
0P0001UHHT.BO,Edelweiss Consumption Fund,10,,,,,0,,0.0
0P0001UHHU.BO,Edelweiss Consumption Fund,10,,,,,0,,0.0
0P0001UJYA.BO,SBI Nifty Bank Index Fund,10,,,,,0,,0.0
0P0001UJYB.BO,SBI Nifty Bank Index Fund,10,,,,,0,,0.0
0P0001UJYE.BO,SBI Nifty Bank Index Fund,10,,,,,0,,0.0
0P0001UJYF.BO,SBI Nifty Bank Index Fund,10,,,,,0,,0.0
0P0001UL1B.BO,LIC MF Multi Asset Allocation Fund,10,,,,,0,,0.0
0P0001UL1D.BO,LIC MF Multi Asset Allocation Fund,10,,,,,0,,0.0
0P0001UL1E.BO,LIC MF Multi Asset Allocation Fund,10,,,,,0,,0.0
0P0001UL1J.BO,LIC MF Multi Asset Allocation Fund,10,,,,,0,,0.0
0P0001UL7K.BO,Kotak BSE Sensex Index Fund,10,,,,,0,,0.0
0P0001UL7L.BO,Kotak BSE Sensex Index Fund,10,,,,,0,,0.0
0P0001UL7N.BO,Kotak BSE Sensex Index Fund,10,,,,,0,,0.0
0P0001UL7O.BO,Kotak BSE Sensex Index Fund,10,,,,,0,,0.0
0P0001ULFZ.BO,Bajaj Finserv Multi Cap Fund,10,,,,,0,,0.0
0P0001ULG0.BO,Bajaj Finserv Multi Cap Fund,10,,,,,0,,0.0
0P0001ULG3.BO,Bajaj Finserv Multi Cap Fund,10,,,,,0,,0.0
0P0001ULG4.BO,Bajaj Finserv Multi Cap Fund,10,,,,,0,,0.0
0P0001ULLV.BO,Motilal Oswal Innovation Opportunities Fund,10,,,,,0,,0.0
0P0001ULLW.BO,Motilal Oswal Innovation Opportunities Fund,10,,,,,0,,0.0
0P0001ULLY.BO,Motilal Oswal Innovation Opportunities Fund,10,,,,,0,,0.0
0P0001ULLZ.BO,Motilal Oswal Innovation Opportunities Fund,10,,,,,0,,0.0
0P0001ULRQ.BO,Bank of India Money Market Fund,10,,,,,0,,0.0
0P0001ULRT.BO,Bank of India Money Market Fund,10,,,,,1,,1.79
0P0001ULRX.BO,Bank of India Money Market Fund,10,,,,,0,,0.0
0P0001ULS0.BO,Bank of India Money Market Fund,10,,,,,1,,1.71
0P0001ULU0.BO,HDFC Nifty100 Quality 30 Index Fund,10,,,,,0,,0.0
0P0001ULU1.BO,HDFC Nifty100 Quality 30 Index Fund,10,,,,,0,,0.0
0P0001UMDX.BO,Kotak CRISIL- IBX AAA Bond Financial Services Index - Dec 2026 Fund,10,,,,,0,,0.0
0P0001UMDY.BO,Kotak CRISIL- IBX AAA Bond Financial Services Index - Dec 2026 Fund,10,,,,,0,,0.0
0P0001UME0.BO,Kotak CRISIL- IBX AAA Bond Financial Services Index - Dec 2026 Fund,10,,,,,0,,0.0
0P0001UME1.BO,Kotak CRISIL- IBX AAA Bond Financial Services Index - Dec 2026 Fund,10,,,,,0,,0.0
0P0001UMO6.BO,ITI Bharat Consumption Fund,10,,,,,0,,0.0
0P0001UMO7.BO,ITI Bharat Consumption Fund,10,,,,,1,,0.0
0P0001UMO9.BO,ITI Bharat Consumption Fund,10,,,,,0,,0.0
0P0001UMOA.BO,ITI Bharat Consumption Fund,10,,,,,1,,0.0
0P0001UMVC.BO,Samco Large Cap Fund,10,,,,,0,,
0P0001UMVD.BO,Samco Large Cap Fund,10,,,,,0,,
0P0001UMYJ.BO,SBI Nifty IT Index Fund,10,,,,,0,,
0P0001UMYL.BO,SBI Nifty IT Index Fund,10,,,,,0,,
0P0001UMYN.BO,SBI Nifty IT Index Fund,10,,,,,0,,
0P0001UMYP.BO,SBI Nifty IT Index Fund,10,,,,,0,,
0P0001UN4T.BO,Groww Nifty 200 ETF FOF,10,,,,,0,,0.0
0P0001UN4U.BO,Groww Nifty 200 ETF FOF,10,,,,,0,,0.0
0P0001UN4W.BO,Groww Nifty 200 ETF FOF,10,,,,,0,,0.0
0P0001UN4X.BO,Groww Nifty 200 ETF FOF,10,,,,,0,,0.0
0P0001UN5S.BO,Helios Mid Cap Fund,10,,,,,0,,0.0
0P0001UN5T.BO,Helios Mid Cap Fund,10,,,,,0,,0.0
0P0001UN5W.BO,Helios Mid Cap Fund,10,,,,,0,,0.0
0P0001UN5X.BO,Helios Mid Cap Fund,10,,,,,0,,0.0
0P0001UNFX.BO,Union Gold ETF Fund of Fund,10,,,,,0,,0.0
0P0001UNFY.BO,Union Gold ETF Fund of Fund,10,,,,,0,,0.0
0P0001UNG1.BO,Union Gold ETF Fund of Fund,10,,,,,0,,0.0
0P0001UNG2.BO,Union Gold ETF Fund of Fund,10,,,,,0,,0.0
0P0001UO3H.BO,Edelweiss CRISIL IBX AAA Bond NBFC HFC Jun 2027 Index Fund,10,,,,,0,,0.0
0P0001UO3I.BO,Edelweiss CRISIL IBX AAA Bond NBFC HFC Jun 2027 Index Fund,10,,,,,1,,3.2699999999999996
0P0001UO3L.BO,Edelweiss CRISIL IBX AAA Bond NBFC HFC Jun 2027 Index Fund,10,,,,,0,,0.0
0P0001UO3M.BO,Edelweiss CRISIL IBX AAA Bond NBFC HFC Jun 2027 Index Fund,10,,,,,1,,3.2750000000000004
0P0001UOFR.BO,ANGEL ONE NIFTY TOTAL MARKET INDEX FUND,10,,,,,0,,0.0
0P0001UOFS.BO,ANGEL ONE NIFTY TOTAL MARKET INDEX FUND,10,,,,,0,,0.0
0P0001UOP4.BO,Bandhan Nifty Next 50 Index Fund,10,,,,,0,,0.0
0P0001UOP5.BO,Bandhan Nifty Next 50 Index Fund,10,,,,,0,,0.0
0P0001UOPG.BO,DSP Nifty Private Bank Index Fund,10,,,,,0,,
0P0001UOPH.BO,DSP Nifty Private Bank Index Fund,10,,,,,0,,
0P0001UOPJ.BO,DSP Nifty Private Bank Index Fund,10,,,,,0,,
0P0001UOPK.BO,DSP Nifty Private Bank Index Fund,10,,,,,0,,
0P0001UPI5.BO,Kotak Nifty Commodities Index Fund,10,,,,,0,,0.0
0P0001UPI6.BO,Kotak Nifty Commodities Index Fund,10,,,,,0,,0.0
0P0001UPI8.BO,Kotak Nifty Commodities Index Fund,10,,,,,0,,0.0
0P0001UPI9.BO,Kotak Nifty Commodities Index Fund,10,,,,,0,,0.0
0P0001UQLY.BO,WhiteOak Capital Equity Savings Fund,10,,,,,0,,
0P0001UQLZ.BO,WhiteOak Capital Equity Savings Fund,10,,,,,0,,
0P0001UR4X.BO,Kotak CRISIL-IBX Financial Services 3-6 Months Debt Index Fund,10,,,,,0,,0.0
0P0001UR4Y.BO,Kotak CRISIL-IBX Financial Services 3-6 Months Debt Index Fund,10,,,,,0,,0.0
0P0001UR50.BO,Kotak CRISIL-IBX Financial Services 3-6 Months Debt Index Fund,10,,,,,0,,0.0
0P0001UR51.BO,Kotak CRISIL-IBX Financial Services 3-6 Months Debt Index Fund,10,,,,,0,,0.0
0P0001URG6.BO,Motilal Oswal Active Momentum Fund,10,,,,,0,,0.0
0P0001URG7.BO,Motilal Oswal Active Momentum Fund,10,,,,,0,,0.0
0P0001URG8.BO,Motilal Oswal Active Momentum Fund,10,,,,,0,,0.0
0P0001URGA.BO,Motilal Oswal Active Momentum Fund,10,,,,,0,,0.0
0P0001URSD.BO,Navi Nifty Smallcap250 Momentum Quality 100 Index Fund,10,,,,,0,,
0P0001URSE.BO,Navi Nifty Smallcap250 Momentum Quality 100 Index Fund,10,,,,,0,,
0P0001URZB.BO,Mirae Asset BSE 200 Equal Weight ETF Fund of Fund,10,,,,,0,,0.0
0P0001URZC.BO,Mirae Asset BSE 200 Equal Weight ETF Fund of Fund,10,,,,,0,,0.0
0P0001URZE.BO,Mirae Asset BSE 200 Equal Weight ETF Fund of Fund,10,,,,,0,,0.0
0P0001URZF.BO,Mirae Asset BSE 200 Equal Weight ETF Fund of Fund,10,,,,,0,,0.0
0P0001URZY.BO,Mirae Asset BSE Select IPO ETF Fund of Fund,10,,,,,0,,0.0
0P0001URZZ.BO,Mirae Asset BSE Select IPO ETF Fund of Fund,10,,,,,0,,0.0
0P0001US01.BO,Mirae Asset BSE Select IPO ETF Fund of Fund,10,,,,,0,,0.0
0P0001US02.BO,Mirae Asset BSE Select IPO ETF Fund of Fund,10,,,,,0,,0.0
0P0001US04.BO,Bandhan CRISIL-IBX 10:90 Gilt Plus SDL Index - Dec 2029 Fund,10,,,,,0,,0.0
0P0001US05.BO,Bandhan CRISIL-IBX 10:90 Gilt Plus SDL Index - Dec 2029 Fund,10,,,,,1,,0.0
0P0001US07.BO,Bandhan CRISIL-IBX 10:90 Gilt Plus SDL Index - Dec 2029 Fund,10,,,,,0,,0.0
0P0001US08.BO,Bandhan CRISIL-IBX 10:90 Gilt Plus SDL Index - Dec 2029 Fund,10,,,,,1,,0.0
0P0001USQH.BO,UNIFI DYNAMIC ASSET ALLOCATION FUND,10,,,,,0,,0.0
0P0001USQI.BO,UNIFI DYNAMIC ASSET ALLOCATION FUND,10,,,,,0,,0.0
0P0001UT3H.BO,Kotak Nifty Midcap 150 Index Fund,10,,,,,0,,
0P0001UT3I.BO,Kotak Nifty Midcap 150 Index Fund,10,,,,,0,,
0P0001UT3K.BO,Kotak Nifty Midcap 150 Index Fund,10,,,,,0,,
0P0001UT3L.BO,Kotak Nifty Midcap 150 Index Fund,10,,,,,0,,
0P0001UTRF.BO,HDFC Nifty Top 20 Equal Weight Index Fund,10,,,,,0,,0.0
0P0001UTRG.BO,HDFC Nifty Top 20 Equal Weight Index Fund,10,,,,,0,,0.0
0P0001UU2W.BO,Bandhan CRISIL-IBX Financial Services 3-6 Months Debt Index Fund,10,,,,,0,,0.0
0P0001UU2X.BO,Bandhan CRISIL-IBX Financial Services 3-6 Months Debt Index Fund,10,,,,,0,,0.0
0P0001UUN8.BO,ICICI Prudential CRISIL-IBX Financial Services 3-6 Months Debt Index Fund,10,,,,,0,,0.0
0P0001UUN9.BO,ICICI Prudential CRISIL-IBX Financial Services 3-6 Months Debt Index Fund,10,,,,,0,,0.0
0P0001UUNB.BO,ICICI Prudential CRISIL-IBX Financial Services 3-6 Months Debt Index Fund,10,,,,,0,,0.0
0P0001UUNC.BO,ICICI Prudential CRISIL-IBX Financial Services 3-6 Months Debt Index Fund,10,,,,,0,,0.0
0P0001UVSF.BO,Tata BSE Quality Index Fund,10,,,,,0,,
0P0001UVSG.BO,Tata BSE Quality Index Fund,10,,,,,0,,
0P0001UVSI.BO,Tata BSE Quality Index Fund,10,,,,,0,,
0P0001UVSK.BO,Tata BSE Quality Index Fund,10,,,,,0,,
0P0001UVZM.BO,SBI BSE PSU BANK INDEX FUND,10,,,,,0,,
0P0001UVZN.BO,SBI BSE PSU BANK INDEX FUND,10,,,,,0,,
0P0001UVZQ.BO,SBI BSE PSU BANK INDEX FUND,10,,,,,0,,
0P0001UVZR.BO,SBI BSE PSU BANK INDEX FUND,10,,,,,0,,
0P0001UWCY.BO,Zerodha Overnight Fund,10,,,,,0,,
0P0001UWIU.BO,Aditya Birla Sun Life Crisil-IBX Financial Services 9-12 Months Debt Index Fund,10,,,,,0,,0.0
0P0001UWIV.BO,Aditya Birla Sun Life Crisil-IBX Financial Services 9-12 Months Debt Index Fund,10,,,,,0,,0.0
0P0001UWIW.BO,Aditya Birla Sun Life Crisil-IBX Financial Services 9-12 Months Debt Index Fund,10,,,,,0,,0.0
0P0001UWKC.BO,quant Arbitrage Fund,10,,,,,0,,
0P0001UWKD.BO,quant Arbitrage Fund,10,,,,,0,,
0P0001UWKF.BO,quant Arbitrage Fund,10,,,,,0,,
0P0001UWKG.BO,quant Arbitrage Fund,10,,,,,0,,
0P0001UX03.BO,UTI Income Plus Arbitrage Active Fund of Fund,10,,,,,0,,
0P0001UX04.BO,UTI Income Plus Arbitrage Active Fund of Fund,10,,,,,0,,
0P0001UY94.BO,ICICI Prudential Nifty EV & New Age Automotive ETF FOF,10,,,,,0,,
0P0001UY95.BO,ICICI Prudential Nifty EV & New Age Automotive ETF FOF,10,,,,,0,,
0P0001UY97.BO,ICICI Prudential Nifty EV & New Age Automotive ETF FOF,10,,,,,0,,
0P0001UY98.BO,ICICI Prudential Nifty EV & New Age Automotive ETF FOF,10,,,,,0,,
0P0001UYLP.BO,Kotak Energy Opportunities Fund,10,,,,,0,,
0P0001UYLQ.BO,Kotak Energy Opportunities Fund,10,,,,,0,,
0P0001UYLS.BO,Kotak Energy Opportunities Fund,10,,,,,0,,
0P0001UYLT.BO,Kotak Energy Opportunities Fund,10,,,,,0,,
0P0001UZTB.BO,Groww Nifty 500 Momentum 50 ETF FOF,10,,,,,0,,
0P0001UZTD.BO,Groww Nifty 500 Momentum 50 ETF FOF,10,,,,,0,,
0P0001UZTE.BO,Groww Nifty 500 Momentum 50 ETF FOF,10,,,,,0,,
0P0001UZTG.BO,Groww Nifty 500 Momentum 50 ETF FOF,10,,,,,0,,
0P0001V05D.BO,Bajaj Finserv Overnight Fund,10,,,,,0,,
0P0001V13X.BO,Kotak Nifty Top 10 Equal Weight Index Fund,10,,,,,0,,
0P0001V13Z.BO,Kotak Nifty Top 10 Equal Weight Index Fund,10,,,,,0,,
0P0001V140.BO,Kotak Nifty Top 10 Equal Weight Index Fund,10,,,,,0,,
0P0001V142.BO,Kotak Nifty Top 10 Equal Weight Index Fund,10,,,,,0,,
0P0001V39E.BO,Nippon India Nifty 500 Quality 50 Index Fund,10,,,,,0,,
0P0001V39F.BO,Nippon India Nifty 500 Quality 50 Index Fund,10,,,,,0,,
0P0001V39H.BO,Nippon India Nifty 500 Quality 50 Index Fund,10,,,,,0,,
0P0001V39I.BO,Nippon India Nifty 500 Quality 50 Index Fund,10,,,,,0,,
0P0001V3A0.BO,Nippon India Nifty 500 Low Volatility 50 Index Fund,10,,,,,0,,
0P0001V3A1.BO,Nippon India Nifty 500 Low Volatility 50 Index Fund,10,,,,,0,,
0P0001V3A3.BO,Nippon India Nifty 500 Low Volatility 50 Index Fund,10,,,,,0,,
0P0001V3A4.BO,Nippon India Nifty 500 Low Volatility 50 Index Fund,10,,,,,0,,
0P0001V3SY.BO,Groww Gilt Fund,10,,,,,0,,
0P0001V3SZ.BO,Groww Gilt Fund,10,,,,,0,,
0P0001V3T1.BO,Groww Gilt Fund,10,,,,,0,,
0P0001V3T2.BO,Groww Gilt Fund,10,,,,,0,,
0P0001V3UD.BO,Bajaj Finserv Nifty Next 50 Index Fund,10,,,,,0,,
0P0001V3UE.BO,Bajaj Finserv Nifty Next 50 Index Fund,10,,,,,0,,
0P0001V3UG.BO,Bajaj Finserv Nifty Next 50 Index Fund,10,,,,,0,,
0P0001V3UH.BO,Bajaj Finserv Nifty Next 50 Index Fund,10,,,,,0,,
0P0001V4AC.BO,Edelweiss BSE Internet Economy Index Fund,10,,,,,0,,
0P0001V4AD.BO,Edelweiss BSE Internet Economy Index Fund,10,,,,,0,,
0P0001V4AG.BO,Edelweiss BSE Internet Economy Index Fund,10,,,,,0,,
0P0001V4AH.BO,Edelweiss BSE Internet Economy Index Fund,10,,,,,0,,
0P0001V4BY.BO,Motilal Oswal Infrastructure Fund,10,,,,,0,,
0P0001V4BZ.BO,Motilal Oswal Infrastructure Fund,10,,,,,0,,
0P0001V4C1.BO,Motilal Oswal Infrastructure Fund,10,,,,,0,,
0P0001V4C2.BO,Motilal Oswal Infrastructure Fund,10,,,,,0,,
0P0001V4IY.BO,SBI Income Plus Arbitrage Active FOF,10,,,,,0,,
0P0001V4IZ.BO,SBI Income Plus Arbitrage Active FOF,10,,,,,0,,
0P0001V4J2.BO,SBI Income Plus Arbitrage Active FOF,10,,,,,0,,
0P0001V4J3.BO,SBI Income Plus Arbitrage Active FOF,10,,,,,0,,
0P0001V4PF.BO,UTI Multi Cap Fund,10,,,,,0,,
0P0001V4PG.BO,UTI Multi Cap Fund,10,,,,,0,,
0P0001V4T9.BO,HDFC CRISIL-IBX Financial Services 3-6 Months Debt Index Fund,10,,,,,0,,
0P0001V50M.BO,Bajaj Finserv Nifty 50 Index Fund,10,,,,,0,,
0P0001V50N.BO,Bajaj Finserv Nifty 50 Index Fund,10,,,,,0,,
0P0001V50P.BO,Bajaj Finserv Nifty 50 Index Fund,10,,,,,0,,
0P0001V50Q.BO,Bajaj Finserv Nifty 50 Index Fund,10,,,,,0,,
0P0001V74I.BO,Tata Income Plus Arbitrage Active FOF,10,,,,,0,,
0P0001V74K.BO,Tata Income Plus Arbitrage Active FOF,10,,,,,0,,
0P0001V74L.BO,Tata Income Plus Arbitrage Active FOF,10,,,,,0,,
0P0001V74N.BO,Tata Income Plus Arbitrage Active FOF,10,,,,,0,,
0P0001V7BS.BO,Canara Robeco Multi Asset Allocation Fund,10,,,,,0,,
0P0001V7BT.BO,Canara Robeco Multi Asset Allocation Fund,10,,,,,1,,
0P0001V7BV.BO,Canara Robeco Multi Asset Allocation Fund,10,,,,,0,,
0P0001V7BW.BO,Canara Robeco Multi Asset Allocation Fund,10,,,,,1,,
0P0001V7D7.BO,Groww Silver ETF FOF,10,,,,,0,,
0P0001V7D8.BO,Groww Silver ETF FOF,10,,,,,0,,
0P0001V7DA.BO,Groww Silver ETF FOF,10,,,,,0,,
0P0001V7DB.BO,Groww Silver ETF FOF,10,,,,,0,,
0P0001V7HU.BO,ANGEL ONE NIFTY 50 INDEX FUND,10,,,,,0,,
0P0001V7HV.BO,ANGEL ONE NIFTY 50 INDEX FUND,10,,,,,0,,
0P0001V8BX.BO,Samco Large & Mid Cap Fund,10,,,,,0,,
0P0001V8BY.BO,Samco Large & Mid Cap Fund,10,,,,,0,,
0P0001V8KG.BO,ICICI Prudential Quality Fund,10,,,,,0,,
0P0001V8KH.BO,ICICI Prudential Quality Fund,10,,,,,0,,
0P0001V8KJ.BO,ICICI Prudential Quality Fund,10,,,,,0,,
0P0001V8KK.BO,ICICI Prudential Quality Fund,10,,,,,0,,
0P0001V9V1.BO,Baroda BNP Paribas Multi Asset Active Fund of Funds,10,,,,,0,,
0P0001V9V2.BO,Baroda BNP Paribas Multi Asset Active Fund of Funds,10,,,,,0,,
0P0001V9V4.BO,Baroda BNP Paribas Multi Asset Active Fund of Funds,10,,,,,0,,
0P0001V9V5.BO,Baroda BNP Paribas Multi Asset Active Fund of Funds,10,,,,,0,,
0P0001VBUE.BO,UNIFI FLEXI CAP FUND,10,,,,,0,,
0P0001VBUF.BO,UNIFI FLEXI CAP FUND,10,,,,,0,,
0P0001VC32.BO,SBI Nifty200 Quality 30 Index Fund,10,,,,,0,,
0P0001VC33.BO,SBI Nifty200 Quality 30 Index Fund,10,,,,,0,,
0P0001VC36.BO,SBI Nifty200 Quality 30 Index Fund,10,,,,,0,,
0P0001VC37.BO,SBI Nifty200 Quality 30 Index Fund,10,,,,,0,,
0P0001VCKQ.BO,ICICI Prudential Nifty200 Quality 30 Index Fund,10,,,,,0,,
0P0001VCKR.BO,ICICI Prudential Nifty200 Quality 30 Index Fund,10,,,,,0,,
0P0001VCKT.BO,ICICI Prudential Nifty200 Quality 30 Index Fund,10,,,,,0,,
0P0001VCKU.BO,ICICI Prudential Nifty200 Quality 30 Index Fund,10,,,,,0,,
0P0001VD2A.BO,Nippon India BSE Sensex Next 30 Index Fund,10,,,,,0,,
0P0001VD2B.BO,Nippon India BSE Sensex Next 30 Index Fund,10,,,,,0,,
0P0001VD2D.BO,Nippon India BSE Sensex Next 30 Index Fund,10,,,,,0,,
0P0001VD2E.BO,Nippon India BSE Sensex Next 30 Index Fund,10,,,,,0,,
0P0001VD43.BO,Motilal Oswal Services Fund,10,,,,,0,,
0P0001VD44.BO,Motilal Oswal Services Fund,10,,,,,0,,
0P0001VD46.BO,Motilal Oswal Services Fund,10,,,,,0,,
0P0001VD47.BO,Motilal Oswal Services Fund,10,,,,,0,,
0P0001VDDH.BO,Union Income Plus Arbitrage Active FOF,10,,,,,0,,
0P0001VDDI.BO,Union Income Plus Arbitrage Active FOF,10,,,,,0,,
0P0001VDDL.BO,Union Income Plus Arbitrage Active FOF,10,,,,,0,,
0P0001VDDM.BO,Union Income Plus Arbitrage Active FOF,10,,,,,0,,
0P0001VENG.BO,UNIFI LIQUID FUND,10,,,,,0,,
0P0001VENH.BO,UNIFI LIQUID FUND,10,,,,,0,,
0P0001VFHA.BO,DSP Nifty Healthcare Index Fund,10,,,,,0,,
0P0001VFHB.BO,DSP Nifty Healthcare Index Fund,10,,,,,0,,
0P0001VFHD.BO,DSP Nifty Healthcare Index Fund,10,,,,,0,,
0P0001VFHE.BO,DSP Nifty Healthcare Index Fund,10,,,,,0,,
0P0001VG2Z.BO,DSP Nifty IT Index Fund,10,,,,,0,,
0P0001VG30.BO,DSP Nifty IT Index Fund,10,,,,,0,,
0P0001VG32.BO,DSP Nifty IT Index Fund,10,,,,,0,,
0P0001VG33.BO,DSP Nifty IT Index Fund,10,,,,,0,,
0P0001VG35.BO,Nippon India Income Plus Arbitrage Active Fund of Fund,10,,,,,0,,
0P0001VG36.BO,Nippon India Income Plus Arbitrage Active Fund of Fund,10,,,,,0,,
0P0001VG38.BO,Nippon India Income Plus Arbitrage Active Fund of Fund,10,,,,,0,,
0P0001VG39.BO,Nippon India Income Plus Arbitrage Active Fund of Fund,10,,,,,0,,
0P0001VHIV.BO,Tata Nifty Midcap 150 Index Fund,10,,,,,0,,
0P0001VHIW.BO,Tata Nifty Midcap 150 Index Fund,10,,,,,0,,
0P0001VHIY.BO,Tata Nifty Midcap 150 Index Fund,10,,,,,0,,
0P0001VHIZ.BO,Tata Nifty Midcap 150 Index Fund,10,,,,,0,,
0P0001VHSW.BO,Motilal Oswal BSE 1000 Index Fund,10,,,,,0,,
0P0001VHSX.BO,Motilal Oswal BSE 1000 Index Fund,10,,,,,0,,
0P0001VI8N.BO,Baroda BNP Paribas Health and Wellness Fund,10,,,,,0,,
0P0001VI8O.BO,Baroda BNP Paribas Health and Wellness Fund,10,,,,,0,,
0P0001VI8Q.BO,Baroda BNP Paribas Health and Wellness Fund,10,,,,,0,,
0P0001VI8R.BO,Baroda BNP Paribas Health and Wellness Fund,10,,,,,0,,
0P0001VK6O.BO,ICICI Prudential Nifty Top 15 Equal Weight Index Fund,10,,,,,0,,
0P0001VK6P.BO,ICICI Prudential Nifty Top 15 Equal Weight Index Fund,10,,,,,0,,
0P0001VK6R.BO,ICICI Prudential Nifty Top 15 Equal Weight Index Fund,10,,,,,0,,
0P0001VK6S.BO,ICICI Prudential Nifty Top 15 Equal Weight Index Fund,10,,,,,0,,
0P0001VNYW.BO,Groww Nifty India Internet ETF FOF,10,,,,,0,,
0P0001VNYX.BO,Groww Nifty India Internet ETF FOF,10,,,,,0,,
0P0001VNYZ.BO,Groww Nifty India Internet ETF FOF,10,,,,,0,,
0P0001VNZ0.BO,Groww Nifty India Internet ETF FOF,10,,,,,0,,
0P0001VOMX.BO,Bajaj Finserv Small Cap Fund,10,,,,,0,,
0P0001VOMY.BO,Bajaj Finserv Small Cap Fund,10,,,,,0,,
0P0001VON1.BO,Bajaj Finserv Small Cap Fund,10,,,,,0,,
0P0001VON2.BO,Bajaj Finserv Small Cap Fund,10,,,,,0,,
0P0001VON9.BO,HDFC INNOVATION FUND,10,,,,,0,,
0P0001VONA.BO,HDFC INNOVATION FUND,10,,,,,0,,
0P0001VONC.BO,HDFC INNOVATION FUND,10,,,,,0,,
0P0001VOO4.BO,Axis Services Opportunities Fund,10,,,,,0,,
0P0001VOO5.BO,Axis Services Opportunities Fund,10,,,,,0,,
0P0001VOO7.BO,Axis Services Opportunities Fund,10,,,,,0,,
0P0001VOO8.BO,Axis Services Opportunities Fund,10,,,,,0,,
0P0001VOT5.BO,JM Large & Mid Cap Fund,10,,,,,0,,
0P0001VOT6.BO,JM Large & Mid Cap Fund,10,,,,,0,,
0P0001VOT8.BO,JM Large & Mid Cap Fund,10,,,,,0,,
0P0001VOT9.BO,JM Large & Mid Cap Fund,10,,,,,0,,
0P0001VPMI.BO,Mirae Asset Income plus Arbitrage Active FOF,10,,,,,0,,
0P0001VPMJ.BO,Mirae Asset Income plus Arbitrage Active FOF,10,,,,,0,,
0P0001VPML.BO,Mirae Asset Income plus Arbitrage Active FOF,10,,,,,0,,
0P0001VPMM.BO,Mirae Asset Income plus Arbitrage Active FOF,10,,,,,0,,
0P0001VSBH.BO,Zerodha Silver ETF FoF,10,,,,,0,,
0P0001VSMG.BO,KOTAK NIFTY 200 QUALITY 30 INDEX FUND,10,,,,,0,,
0P0001VSMH.BO,KOTAK NIFTY 200 QUALITY 30 INDEX FUND,10,,,,,0,,
0P0001VSMJ.BO,KOTAK NIFTY 200 QUALITY 30 INDEX FUND,10,,,,,0,,
0P0001VSMK.BO,KOTAK NIFTY 200 QUALITY 30 INDEX FUND,10,,,,,0,,
0P0001VTVD.BO,SBI Nifty200 Momentum 30 Index Fund,10,,,,,0,,
0P0001VTVE.BO,SBI Nifty200 Momentum 30 Index Fund,10,,,,,0,,
0P0001VTVH.BO,SBI Nifty200 Momentum 30 Index Fund,10,,,,,0,,
0P0001VTVI.BO,SBI Nifty200 Momentum 30 Index Fund,10,,,,,0,,
0P0001W3J4.BO,MahindraManulife Banking & Financial Services Fund,10,,,,,0,,
0P0001W3J5.BO,MahindraManulife Banking & Financial Services Fund,10,,,,,0,,
0P0001W3J7.BO,MahindraManulife Banking & Financial Services Fund,10,,,,,0,,
0P0001W3J8.BO,MahindraManulife Banking & Financial Services Fund,10,,,,,0,,
0P0001W3JA.BO,TRUSTMF MULTI CAP FUND,10,,,,,0,,
0P0001W3JD.BO,TRUSTMF MULTI CAP FUND,10,,,,,0,,
0P0001W3JE.BO,JioBlackRock Liquid Fund,10,,,,,0,,
0P0001W3MI.BO,Kotak Nifty AAA Bond Financial Services Mar 2028 Index Fund,10,,,,,0,,
0P0001W3MJ.BO,Kotak Nifty AAA Bond Financial Services Mar 2028 Index Fund,10,,,,,0,,
0P0001W3ML.BO,Kotak Nifty AAA Bond Financial Services Mar 2028 Index Fund,10,,,,,0,,
0P0001W3MM.BO,Kotak Nifty AAA Bond Financial Services Mar 2028 Index Fund,10,,,,,0,,
0P0001W8O9.BO,ICICI Prudential Nifty Private Bank Index Fund,10,,,,,0,,
0P0001W8OC.BO,ICICI Prudential Nifty Private Bank Index Fund,10,,,,,0,,
0P0001WCJI.BO,Sundaram Multi-Factor Fund,10,,,,,0,,
0P0001WCJJ.BO,Sundaram Multi-Factor Fund,10,,,,,0,,
0P0001WCJM.BO,Sundaram Multi-Factor Fund,10,,,,,0,,
0P0001WCJN.BO,Sundaram Multi-Factor Fund,10,,,,,0,,
0P0001WCJQ.BO,Invesco India Income Plus Arbitrage Active Fund of Fund,10,,,,,0,,
0P0001WCJR.BO,Invesco India Income Plus Arbitrage Active Fund of Fund,10,,,,,0,,
0P0001WCJT.BO,Invesco India Income Plus Arbitrage Active Fund of Fund,10,,,,,0,,
0P0001WCJU.BO,Invesco India Income Plus Arbitrage Active Fund of Fund,10,,,,,0,,
0P0001WE6I.BO,Edelweiss Income Plus Arbitrage Omni Fund of Funds,10,,,,,0,,
0P0001WE6J.BO,Edelweiss Income Plus Arbitrage Omni Fund of Funds,10,,,,,0,,
0P0001WE6M.BO,Edelweiss Income Plus Arbitrage Omni Fund of Funds,10,,,,,0,,
0P0001WE6N.BO,Edelweiss Income Plus Arbitrage Omni Fund of Funds,10,,,,,0,,
0P0001WEBL.BO,ICICI Prudential Active Momentum Fund,10,,,,,0,,
0P0001WEBP.BO,ICICI Prudential Active Momentum Fund,10,,,,,0,,
0P0001WEBT.BO,Bandhan Multi-Factor Fund,10,,,,,0,,
0P0001WEBU.BO,Bandhan Multi-Factor Fund,10,,,,,0,,
0P0001WEBX.BO,Bandhan Multi-Factor Fund,10,,,,,0,,
0P0001WEBY.BO,Bandhan Multi-Factor Fund,10,,,,,0,,
0P0001WFPZ.BO,quant Equity Savings Fund,10,,,,,0,,
0P0001WFQ0.BO,quant Equity Savings Fund,10,,,,,0,,
0P0001WFQ2.BO,quant Equity Savings Fund,10,,,,,0,,
0P0001WFQ3.BO,quant Equity Savings Fund,10,,,,,0,,
0P0001WHUF.BO,SBI Nifty100 Low Volatility 30 Index Fund,10,,,,,0,,
0P0001WHUH.BO,SBI Nifty100 Low Volatility 30 Index Fund,10,,,,,0,,
0P0001WHUJ.BO,SBI Nifty100 Low Volatility 30 Index Fund,10,,,,,0,,
0P0001WHUL.BO,SBI Nifty100 Low Volatility 30 Index Fund,10,,,,,0,,
0P0001WN79.BO,BANK OF INDIA MID CAP FUND,10,,,,,0,,
0P0001WN7B.BO,BANK OF INDIA MID CAP FUND,10,,,,,0,,
0P0001WN7D.BO,BANK OF INDIA MID CAP FUND,10,,,,,0,,
0P0001WN7E.BO,BANK OF INDIA MID CAP FUND,10,,,,,0,,
0P0001WR2B.BO,Franklin India Multi Asset Allocation Fund,10,,,,,0,,
0P0001WR2C.BO,Franklin India Multi Asset Allocation Fund,10,,,,,0,,
0P0001WR2E.BO,Franklin India Multi Asset Allocation Fund,10,,,,,0,,
0P0001WR2F.BO,Franklin India Multi Asset Allocation Fund,10,,,,,0,,
0P0001WWBH.BO,Groww BSE Power ETF FOF,10,,,,,0,,
0P0001WWBI.BO,Groww BSE Power ETF FOF,10,,,,,0,,
0P0001WWBK.BO,Groww BSE Power ETF FOF,10,,,,,0,,
0P0001WWBL.BO,Groww BSE Power ETF FOF,10,,,,,0,,
0P0001WY9L.BO,Capitalmind Flexi Cap Fund,10,,,,,0,,
0P0001WY9M.BO,Capitalmind Flexi Cap Fund,10,,,,,0,,
0P0001X1M5.BO,Motilal Oswal Special Opportunities Fund,10,,,,,0,,
0P0001X1M6.BO,Motilal Oswal Special Opportunities Fund,10,,,,,0,,
0P0001X1M8.BO,Motilal Oswal Special Opportunities Fund,10,,,,,0,,
0P0001X1M9.BO,Motilal Oswal Special Opportunities Fund,10,,,,,0,,
0P0001X2VW.BO,Zerodha Multi Asset Passive FoF,10,,,,,0,,
0P0001X3X9.BO,Kotak Nifty Alpha 50 Index Fund,10,,,,,0,,
0P0001X3XB.BO,Kotak Nifty Alpha 50 Index Fund,10,,,,,0,,
0P0001X3XC.BO,Kotak Nifty Alpha 50 Index Fund,10,,,,,0,,
0P0001X3XU.BO,Bajaj Finserv Equity Savings Fund,10,,,,,0,,
0P0001X3XV.BO,Bajaj Finserv Equity Savings Fund,10,,,,,0,,
0P0001X3XY.BO,Bajaj Finserv Equity Savings Fund,10,,,,,0,,
0P0001X3XZ.BO,Bajaj Finserv Equity Savings Fund,10,,,,,0,,
0P0001X4IE.BO,Kotak Active Momentum Fund,10,,,,,0,,
0P0001X4IF.BO,Kotak Active Momentum Fund,10,,,,,0,,
0P0001X4IH.BO,Kotak Active Momentum Fund,10,,,,,0,,
0P0001X4II.BO,Kotak Active Momentum Fund,10,,,,,0,,
0P0001X4UC.BO,360 ONE Multi Asset Allocation Fund,10,,,,,0,,
0P0001X4UD.BO,360 ONE Multi Asset Allocation Fund,10,,,,,0,,
0P0001X4UF.BO,360 ONE Multi Asset Allocation Fund,10,,,,,0,,
0P0001X4UG.BO,360 ONE Multi Asset Allocation Fund,10,,,,,0,,
0P0001X5PO.BO,Baroda BNP Paribas Gold ETF Fund of Fund,10,,,,,0,,
0P0001X5PP.BO,Baroda BNP Paribas Gold ETF Fund of Fund,10,,,,,0,,
0P0001X76O.BO,Nippon India Nifty India Manufacturing Index Fund,10,,,,,0,,
0P0001X76P.BO,Nippon India Nifty India Manufacturing Index Fund,10,,,,,0,,
0P0001X76R.BO,Nippon India Nifty India Manufacturing Index Fund,10,,,,,0,,
0P0001X76S.BO,Nippon India Nifty India Manufacturing Index Fund,10,,,,,0,,
0P0001X87Y.BO,Edelweiss Multi Asset Omni Fund of Fund,10,,,,,0,,
0P0001X87Z.BO,Edelweiss Multi Asset Omni Fund of Fund,10,,,,,0,,
0P0001X882.BO,Edelweiss Multi Asset Omni Fund of Fund,10,,,,,0,,
0P0001X883.BO,Edelweiss Multi Asset Omni Fund of Fund,10,,,,,0,,
0P0001X8GU.BO,DSP Nifty500 Flexicap Quality 30 Index Fund,10,,,,,0,,
0P0001X8GV.BO,DSP Nifty500 Flexicap Quality 30 Index Fund,10,,,,,0,,
0P0001X8GX.BO,DSP Nifty500 Flexicap Quality 30 Index Fund,10,,,,,0,,
0P0001X8GY.BO,DSP Nifty500 Flexicap Quality 30 Index Fund,10,,,,,0,,
0P0001X8T2.BO,Mirae Asset Multi Factor Passive FOF,10,,,,,0,,
0P0001X8T3.BO,Mirae Asset Multi Factor Passive FOF,10,,,,,0,,
0P0001X8T5.BO,Mirae Asset Multi Factor Passive FOF,10,,,,,0,,
0P0001X8T6.BO,Mirae Asset Multi Factor Passive FOF,10,,,,,0,,
0P0001X8T8.BO,Mirae Asset Gold Silver Passive FoF,10,,,,,0,,
0P0001X8T9.BO,Mirae Asset Gold Silver Passive FoF,10,,,,,0,,
0P0001X8TA.BO,Mirae Asset Gold Silver Passive FoF,10,,,,,0,,
0P0001X8TB.BO,Mirae Asset Gold Silver Passive FoF,10,,,,,0,,
0P0001XAA8.BO,TRUSTMF ARBITRAGE FUND,10,,,,,0,,
0P0001XAA9.BO,TRUSTMF ARBITRAGE FUND,10,,,,,0,,
0P0001XAGH.BO,Union Diversified Equity All Cap Active FOF,10,,,,,0,,
0P0001XAGI.BO,Union Diversified Equity All Cap Active FOF,10,,,,,0,,
0P0001XAGL.BO,Union Diversified Equity All Cap Active FOF,10,,,,,0,,
0P0001XAGM.BO,Union Diversified Equity All Cap Active FOF,10,,,,,0,,
0P0001XD15.BO,SBI Dynamic Asset Allocation Active FoF,10,,,,,0,,
0P0001XD16.BO,SBI Dynamic Asset Allocation Active FoF,10,,,,,0,,
0P0001XD19.BO,SBI Dynamic Asset Allocation Active FoF,10,,,,,0,,
0P0001XD1A.BO,SBI Dynamic Asset Allocation Active FoF,10,,,,,0,,
0P0001XEHT.BO,Baroda BNP Paribas Business Conglomerates Fund,10,,,,,0,,
0P0001XEHU.BO,Baroda BNP Paribas Business Conglomerates Fund,10,,,,,0,,
0P0001XEHW.BO,Baroda BNP Paribas Business Conglomerates Fund,10,,,,,0,,
0P0001XEHX.BO,Baroda BNP Paribas Business Conglomerates Fund,10,,,,,0,,
0P0001XES6.BO,Groww Multi Asset Allocation Fund,10,,,,,0,,
0P0001XES8.BO,Groww Multi Asset Allocation Fund,10,,,,,0,,
0P0001XES9.BO,Groww Multi Asset Allocation Fund,10,,,,,0,,
0P0001XFZW.BO,Bandhan BSE India Sector Leaders Index Fund,10,,,,,0,,
0P0001XFZX.BO,Bandhan BSE India Sector Leaders Index Fund,10,,,,,0,,
0P0001XGXW.BO,HDFC Diversified Equity All Cap Active FOF,10,,,,,0,,
0P0001XGXX.BO,HDFC Diversified Equity All Cap Active FOF,10,,,,,0,,
0P0001XGXZ.BO,HDFC Diversified Equity All Cap Active FOF,10,,,,,0,,
0P0001XGY0.BO,HDFC Diversified Equity All Cap Active FOF,10,,,,,0,,
0P0001XIUM.BO,Tata Nifty Next 50 Index Fund,10,,,,,0,,
0P0001XIUN.BO,Tata Nifty Next 50 Index Fund,10,,,,,0,,
0P0001XIUP.BO,Tata Nifty Next 50 Index Fund,10,,,,,0,,
0P0001XIUQ.BO,Tata Nifty Next 50 Index Fund,10,,,,,0,,
0P0001XLG5.BO,JioBlackRock Flexi Cap Fund,10,,,,,0,,
0P0001XLG6.BO,JioBlackRock Flexi Cap Fund,10,,,,,0,,
0P0001XLGB.BO,The Wealth Company Flexi Cap Fund,10,,,,,0,,
0P0001XLGC.BO,The Wealth Company Flexi Cap Fund,10,,,,,0,,
0P0001XLGE.BO,The Wealth Company Flexi Cap Fund,10,,,,,0,,
0P0001XLGF.BO,The Wealth Company Flexi Cap Fund,10,,,,,0,,
0P0001XLNU.BO,Kotak CRISIL-IBX Financial Services 9 to 12 Months Debt Index Fund,10,,,,,0,,
0P0001XLNV.BO,Kotak CRISIL-IBX Financial Services 9 to 12 Months Debt Index Fund,10,,,,,0,,
0P0001XLNX.BO,Kotak CRISIL-IBX Financial Services 9 to 12 Months Debt Index Fund,10,,,,,0,,
0P0001XLNY.BO,Kotak CRISIL-IBX Financial Services 9 to 12 Months Debt Index Fund,10,,,,,0,,
0P0001XP74.BO,The Wealth Company Arbitrage Fund,10,,,,,0,,
0P0001XP75.BO,The Wealth Company Arbitrage Fund,10,,,,,0,,
0P0001XP77.BO,The Wealth Company Arbitrage Fund,10,,,,,0,,
0P0001XP78.BO,The Wealth Company Arbitrage Fund,10,,,,,0,,
0P0001XPC0.BO,The Wealth Company Liquid Fund,10,,,,,0,,
0P0001XPC1.BO,The Wealth Company Liquid Fund,10,,,,,0,,
0P0001XPC2.BO,The Wealth Company Liquid Fund,10,,,,,0,,
0P0001XPES.BO,THE WEALTH COMPANY ETHICAL FUND,10,,,,,0,,
0P0001XPET.BO,THE WEALTH COMPANY ETHICAL FUND,10,,,,,0,,
0P0001XPEV.BO,THE WEALTH COMPANY ETHICAL FUND,10,,,,,0,,
0P0001XPEW.BO,THE WEALTH COMPANY ETHICAL FUND,10,,,,,0,,
0P0001XQH0.BO,Zerodha Nifty 50 Index Fund,10,,,,,0,,
0P0001XQHU.BO,Groww Nifty Capital Markets ETF FOF,10,,,,,0,,
0P0001XQHW.BO,Groww Nifty Capital Markets ETF FOF,10,,,,,0,,
0P0001XQHX.BO,Groww Nifty Capital Markets ETF FOF,10,,,,,0,,
0P0001XQHZ.BO,Groww Nifty Capital Markets ETF FOF,10,,,,,0,,
0P0001XRYE.BO,The Wealth Company Liquid Fund,10,,,,,0,,
0P0001XSOU.BO,Motilal Oswal Consumption Fund,10,,,,,0,,
0P0001XSOV.BO,Motilal Oswal Consumption Fund,10,,,,,0,,
0P0001XSOX.BO,Motilal Oswal Consumption Fund,10,,,,,0,,
0P0001XSOY.BO,Motilal Oswal Consumption Fund,10,,,,,0,,
0P0001XTPD.BO,ICICI Prudential Conglomerate Fund,10,,,,,0,,
0P0001XTPE.BO,ICICI Prudential Conglomerate Fund,10,,,,,0,,
0P0001XTPH.BO,ICICI Prudential Conglomerate Fund,10,,,,,0,,
0P0001XTPI.BO,ICICI Prudential Conglomerate Fund,10,,,,,0,,
0P0001XUS9.BO,Kotak Gold Silver Passive FOF,10,,,,,0,,
0P0001XUTV.BO,Kotak Gold Silver Passive FOF,10,,,,,0,,
0P0001XW4D.BO,Samco Small Cap Fund,10,,,,,0,,
0P0001XW4E.BO,Samco Small Cap Fund,10,,,,,0,,
0P0001XYIH.BO,Mirae Asset Liquid Fund,10,,,,,0,,
0P0001XYII.BO,Mirae Asset Liquid Fund,10,,,,,0,,
0P0001XYIJ.BO,Nippon India Liquid Fund,10,,,,,1,,
0P0001Y06H.BO,Zerodha BSE SENSEX Index Fund,10,,,,,0,,
0P0001Y06Y.BO,Bajaj Finserv Overnight Fund,10,,,,,0,,
0P0001Y0DM.BO,Helios Small Cap Fund,10,,,,,0,,
0P0001Y0DN.BO,Helios Small Cap Fund,10,,,,,0,,
0P0001Y0DQ.BO,Helios Small Cap Fund,10,,,,,0,,
0P0001Y0DR.BO,Helios Small Cap Fund,10,,,,,0,,
0P0001Y0E5.BO,Axis Income Plus Arbitrage Passive FOF,10,,,,,0,,
0P0001Y0E6.BO,Axis Income Plus Arbitrage Passive FOF,10,,,,,0,,
0P0001Y0E8.BO,Axis Income Plus Arbitrage Passive FOF,10,,,,,0,,
0P0001Y0E9.BO,Axis Income Plus Arbitrage Passive FOF,10,,,,,0,,
0P0001Y2X9.BO,Bajaj Finserv Banking and Financial Services Fund,10,,,,,0,,
0P0001Y2XA.BO,Bajaj Finserv Banking and Financial Services Fund,10,,,,,0,,
0P0001Y2XD.BO,Bajaj Finserv Banking and Financial Services Fund,10,,,,,0,,
0P0001Y2XE.BO,Bajaj Finserv Banking and Financial Services Fund,10,,,,,0,,
0P0001Y2XL.BO,LIC MF Consumption Fund,10,,,,,0,,
0P0001Y2XM.BO,LIC MF Consumption Fund,10,,,,,0,,
0P0001Y2XO.BO,LIC MF Consumption Fund,10,,,,,0,,
0P0001Y2XP.BO,LIC MF Consumption Fund,10,,,,,0,,
0P0001Y4VK.BO,Kotak Rural Opportunities Fund,10,,,,,0,,
0P0001Y4VM.BO,Kotak Rural Opportunities Fund,10,,,,,0,,
0P0001Y4VP.BO,Kotak Rural Opportunities Fund,10,,,,,0,,
0P0001Y4VQ.BO,Kotak Rural Opportunities Fund,10,,,,,0,,
0P0001Y4W1.BO,Old Bridge Arbitrage Fund,10,,,,,0,,
0P0001Y4W4.BO,Old Bridge Arbitrage Fund,10,,,,,0,,
0P0001Y4W7.BO,Old Bridge Arbitrage Fund,10,,,,,0,,
0P0001Y4W8.BO,Old Bridge Arbitrage Fund,10,,,,,0,,
0P0001Y56H.BO,ANGEL ONE NIFTY TOTAL MARKET MOMENTUM QUALITY 50 INDEX FUND,10,,,,,0,,
0P0001Y56I.BO,ANGEL ONE NIFTY TOTAL MARKET MOMENTUM QUALITY 50 INDEX FUND,10,,,,,0,,
0P0001Y6JM.BO,HDFC BSE India Sector Leaders Index Fund,10,,,,,0,,
0P0001Y6JN.BO,HDFC BSE India Sector Leaders Index Fund,10,,,,,0,,
0P0001Y6XB.BO,Franklin India Multi-Factor Fund,10,,,,,0,,
0P0001Y6XC.BO,Franklin India Multi-Factor Fund,10,,,,,0,,
0P0001Y6XE.BO,Franklin India Multi-Factor Fund,10,,,,,0,,
0P0001Y6XF.BO,Franklin India Multi-Factor Fund,10,,,,,0,,
0P0001Y6XK.BO,Bandhan Healthcare Fund,10,,,,,0,,
0P0001Y6XL.BO,Bandhan Healthcare Fund,10,,,,,0,,
0P0001Y6XO.BO,Bandhan Healthcare Fund,10,,,,,0,,
0P0001Y6XP.BO,Bandhan Healthcare Fund,10,,,,,0,,
0P0001Y7CX.BO,PGIM India Multi Asset Allocation Fund,10,,,,,0,,
0P0001Y7CY.BO,PGIM India Multi Asset Allocation Fund,10,,,,,0,,
0P0001Y7D0.BO,PGIM India Multi Asset Allocation Fund,10,,,,,0,,
0P0001Y7D1.BO,PGIM India Multi Asset Allocation Fund,10,,,,,0,,
0P0001Y7RE.BO,Mahindra Manulife Income Plus Arbitrage Active FOF,10,,,,,0,,
0P0001Y7RF.BO,Mahindra Manulife Income Plus Arbitrage Active FOF,10,,,,,0,,
0P0001Y7RH.BO,Mahindra Manulife Income Plus Arbitrage Active FOF,10,,,,,0,,
0P0001Y7RI.BO,Mahindra Manulife Income Plus Arbitrage Active FOF,10,,,,,0,,
0P0001Y7SV.BO,Axis Multi-Asset Omni FoF,10,,,,,0,,
0P0001Y7SW.BO,Axis Multi-Asset Omni FoF,10,,,,,0,,
0P0001Y7SY.BO,Axis Multi-Asset Omni FoF,10,,,,,0,,
0P0001Y7T0.BO,Axis Multi-Asset Omni FoF,10,,,,,0,,
0P0001Y8J0.BO,The Wealth Company Multi Asset Allocation Fund,10,,,,,0,,
0P0001Y8J1.BO,The Wealth Company Multi Asset Allocation Fund,10,,,,,0,,
0P0001Y8J3.BO,The Wealth Company Multi Asset Allocation Fund,10,,,,,0,,
0P0001Y8J4.BO,The Wealth Company Multi Asset Allocation Fund,10,,,,,0,,
0P0001Y8YD.BO,Capitalmind Liquid Fund,10,,,,,0,,
0P0001Y8YE.BO,Capitalmind Liquid Fund,10,,,,,0,,
0P0001YACV.BO,Kotak Nifty500 Momentum 50 Index Fund,10,,,,,0,,
0P0001YACW.BO,Kotak Nifty500 Momentum 50 Index Fund,10,,,,,0,,
0P0001YACY.BO,Kotak Nifty500 Momentum 50 Index Fund,10,,,,,0,,
0P0001YACZ.BO,Kotak Nifty500 Momentum 50 Index Fund,10,,,,,0,,
0P0001YAT8.BO,The Wealth Company Liquid Fund,10,,,,,0,,
0P0001YAYR.BO,Navi Nifty Midsmallcap 400 Index Fund,10,,,,,0,,
0P0001YAYS.BO,Navi Nifty Midsmallcap 400 Index Fund,10,,,,,0,,
0P0001YAYW.BO,DSP Nifty Midcap 150 Index Fund,10,,,,,0,,
0P0001YAYX.BO,DSP Nifty Midcap 150 Index Fund,10,,,,,0,,
0P0001YAYZ.BO,DSP Nifty Midcap 150 Index Fund,10,,,,,0,,
0P0001YAZ0.BO,DSP Nifty Midcap 150 Index Fund,10,,,,,0,,
0P0001YAZ2.BO,DSP Nifty Smallcap 250 Index Fund,10,,,,,0,,
0P0001YAZ3.BO,DSP Nifty Smallcap 250 Index Fund,10,,,,,0,,
0P0001YAZ5.BO,DSP Nifty Smallcap 250 Index Fund,10,,,,,0,,
0P0001YAZ6.BO,DSP Nifty Smallcap 250 Index Fund,10,,,,,0,,
0P0001YDRN.BO,Groww Multi Asset Omni FOF,10,,,,,0,,
0P0001YDRQ.BO,Groww Multi Asset Omni FOF,10,,,,,0,,
0P0001YDRX.BO,Groww Multi Asset Omni FOF,10,,,,,0,,
0P0001YDS0.BO,Groww Multi Asset Omni FOF,10,,,,,0,,
0P0001YEFL.BO,Union Consumption Fund,10,,,,,0,,
0P0001YEFM.BO,Union Consumption Fund,10,,,,,0,,
0P0001YEFP.BO,Union Consumption Fund,10,,,,,0,,
0P0001YEFQ.BO,Union Consumption Fund,10,,,,,0,,
0P0001YEMA.BO,Edelweiss Silver ETF Fund of Fund,10,,,,,0,,
0P0001YEMJ.BO,Abakkus Liquid Fund,10,,,,,0,,
0P0001YEMO.BO,Abakkus Liquid Fund,10,,,,,0,,
0P0001YEMY.BO,Abakkus Flexi Cap Fund,10,,,,,0,,
0P0001YEMZ.BO,Abakkus Flexi Cap Fund,10,,,,,0,,
0P0001YEN1.BO,Abakkus Flexi Cap Fund,10,,,,,0,,
0P0001YEN2.BO,Abakkus Flexi Cap Fund,10,,,,,0,,
0P0001YEN9.BO,Tata BSE Multicap Consumption 50:30:20 Index Fund,10,,,,,0,,
0P0001YENA.BO,Tata BSE Multicap Consumption 50:30:20 Index Fund,10,,,,,0,,
0P0001YENC.BO,Tata BSE Multicap Consumption 50:30:20 Index Fund,10,,,,,0,,
0P0001YEND.BO,Tata BSE Multicap Consumption 50:30:20 Index Fund,10,,,,,0,,
0P0001YEZT.BO,Groww Small Cap Fund,10,,,,,0,,
0P0001YEZU.BO,Groww Small Cap Fund,10,,,,,0,,
0P0001YEZW.BO,Groww Small Cap Fund,10,,,,,0,,
0P0001YEZX.BO,Groww Small Cap Fund,10,,,,,0,,
0P0001YFXG.BO,JioBlackRock Arbitrage Fund,10,,,,,0,,
0P0001YFYA.BO,Axis Gold and Silver Passive FOF,10,,,,,0,,
0P0001YFYB.BO,Axis Gold and Silver Passive FOF,10,,,,,0,,
0P0001YGTR.BO,BANDHAN LIQUID Fund,10,,,,,1,,
0P0001YIPE.BO,DSP Nifty 500 Index Fund,10,,,,,0,,
0P0001YIPF.BO,DSP Nifty 500 Index Fund,10,,,,,0,,
0P0001YIPH.BO,DSP Nifty 500 Index Fund,10,,,,,0,,
0P0001YIPI.BO,DSP Nifty 500 Index Fund,10,,,,,0,,
0P0001YJIV.BO,Kotak Dividend Yield Fund,10,,,,,0,,
0P0001YJIW.BO,Kotak Dividend Yield Fund,10,,,,,0,,
0P0001YJIY.BO,Kotak Dividend Yield Fund,10,,,,,0,,
0P0001YJIZ.BO,Kotak Dividend Yield Fund,10,,,,,0,,
0P0001YJJ4.BO,Motilal Oswal Diversified Equity Flexicap Passive Fund of Funds,10,,,,,0,,
0P0001YJJ5.BO,Motilal Oswal Diversified Equity Flexicap Passive Fund of Funds,10,,,,,0,,
0P0001YJJH.BO,Edelweiss Financial Services Fund,10,,,,,0,,
0P0001YJJI.BO,Edelweiss Financial Services Fund,10,,,,,0,,
0P0001YJJL.BO,Edelweiss Financial Services Fund,10,,,,,0,,
0P0001YJJM.BO,Edelweiss Financial Services Fund,10,,,,,0,,
0P0001YK40.BO,Zerodha Nifty Short Duration G-Sec Index Fund,10,,,,,0,,
0P0001YLC8.BO,Sundaram Income Plus Arbitrage Active FoF,10,,,,,0,,
0P0001YLC9.BO,Sundaram Income Plus Arbitrage Active FoF,10,,,,,0,,
0P0001YLCC.BO,Sundaram Income Plus Arbitrage Active FoF,10,,,,,0,,
0P0001YLCD.BO,Sundaram Income Plus Arbitrage Active FoF,10,,,,,0,,
0P0001YLHL.BO,The Wealth Company Gold ETF FOF,10,,,,,0,,
0P0001YLHM.BO,The Wealth Company Gold ETF FOF,10,,,,,0,,
0P0001YLHO.BO,The Wealth Company Gold ETF FOF,10,,,,,0,,
0P0001YLHP.BO,The Wealth Company Gold ETF FOF,10,,,,,0,,
0P0001YLJ9.BO,Invesco India Liquid Fund,10,,,,,1,,
0P0001YLJA.BO,Invesco India Liquid Fund,10,,,,,1,,
0P0001YM38.BO,Bank of India Banking & Financial Services Fund,10,,,,,0,,
0P0001YM39.BO,Bank of India Banking & Financial Services Fund,10,,,,,0,,
0P0001YM3B.BO,Bank of India Banking & Financial Services Fund,10,,,,,0,,
0P0001YM3C.BO,Bank of India Banking & Financial Services Fund,10,,,,,0,,
0P0001YNVM.BO,Motilal Oswal Financial Services Fund,10,,,,,0,,
0P0001YNVO.BO,Motilal Oswal Financial Services Fund,10,,,,,0,,
0P0001YNVP.BO,Motilal Oswal Financial Services Fund,10,,,,,0,,
0P0001YNVR.BO,Motilal Oswal Financial Services Fund,10,,,,,0,,
0P0001YO9G.BO,Parag Parikh Large Cap Fund,10,,,,,0,,
0P0001YO9J.BO,Parag Parikh Large Cap Fund,10,,,,,0,,
0P0001YOLO.BO,ITI Business Cycle Fund,10,,,,,0,,
0P0001YOLP.BO,ITI Business Cycle Fund,10,,,,,0,,
0P0001YOLR.BO,ITI Business Cycle Fund,10,,,,,0,,
0P0001YOLS.BO,ITI Business Cycle Fund,10,,,,,0,,
0P0001YOWR.BO,Samco Mid Cap Fund,10,,,,,0,,
0P0001YOWS.BO,Samco Mid Cap Fund,10,,,,,0,,
0P0001YPW4.BO,Kotak Services Fund,10,,,,,0,,
0P0001YPW5.BO,Kotak Services Fund,10,,,,,0,,
0P0001YPW7.BO,Kotak Services Fund,10,,,,,0,,
0P0001YPW8.BO,Kotak Services Fund,10,,,,,0,,
0P0001YPXD.BO,Groww Nifty PSE ETF FOF,10,,,,,0,,
0P0001YPXE.BO,Groww Nifty PSE ETF FOF,10,,,,,0,,
0P0001YPXG.BO,Groww Nifty PSE ETF FOF,10,,,,,0,,
0P0001YPXH.BO,Groww Nifty PSE ETF FOF,10,,,,,0,,
0P0001YPYF.BO,The Wealth Company Liquid Fund,10,,,,,0,,
0P0001YQML.BO,The Wealth Company Balanced Advantage Fund,10,,,,,0,,
0P0001YQMN.BO,The Wealth Company Balanced Advantage Fund,10,,,,,0,,
0P0001YQMO.BO,The Wealth Company Balanced Advantage Fund,10,,,,,0,,
0P0001YQMR.BO,The Wealth Company Balanced Advantage Fund,10,,,,,0,,
0P0001YRC9.BO,HDFC Nifty India Consumption Index Fund,10,,,,,0,,
0P0001YRCA.BO,HDFC Nifty India Consumption Index Fund,10,,,,,0,,
0P0001YRCI.BO,SBI Quality Fund,10,,,,,0,,
0P0001YRCJ.BO,SBI Quality Fund,10,,,,,0,,
0P0001YRCM.BO,SBI Quality Fund,10,,,,,0,,
0P0001YRCN.BO,SBI Quality Fund,10,,,,,0,,
0P000209VS.BO,Mirae Asset BSE India Defence ETF FOF,10,,,,,0,,
0P000209VU.BO,Mirae Asset BSE India Defence ETF FOF,10,,,,,0,,
0P000209VW.BO,Mirae Asset BSE India Defence ETF FOF,10,,,,,0,,
0P000209VX.BO,Mirae Asset BSE India Defence ETF FOF,10,,,,,0,,
0P00020A66.BO,Baroda BNP Paribas ESG Best-in-Class Strategy Fund,10,,,,,0,,
0P00020A67.BO,Baroda BNP Paribas ESG Best-in-Class Strategy Fund,10,,,,,0,,
0P00020A69.BO,Baroda BNP Paribas ESG Best-in-Class Strategy Fund,10,,,,,0,,
0P00020A6A.BO,Baroda BNP Paribas ESG Best-in-Class Strategy Fund,10,,,,,0,,
0P00020AOT.BO,Groww BSE Hospitals ETF FOF,10,,,,,0,,
0P00020AOU.BO,Groww BSE Hospitals ETF FOF,10,,,,,0,,
0P00020AOX.BO,Groww BSE Hospitals ETF FOF,10,,,,,0,,
0P00020AOY.BO,Groww BSE Hospitals ETF FOF,10,,,,,0,,
0P00020BGJ.BO,Edelweiss Gold ETF Fund of Fund,10,,,,,0,,
0P00020BGK.BO,Edelweiss Gold ETF Fund of Fund,10,,,,,0,,
0P00020BOQ.BO,TRUSTMF MID CAP FUND,10,,,,,0,,
0P00020BOR.BO,TRUSTMF MID CAP FUND,10,,,,,0,,
0P00020C1V.BO,Abakkus Small Cap Fund,10,,,,,0,,
0P00020C1W.BO,Abakkus Small Cap Fund,10,,,,,0,,
0P00020C3N.BO,Mirae Asset Nifty Metal ETF FOF,10,,,,,0,,
0P00020C3P.BO,Mirae Asset Nifty Metal ETF FOF,10,,,,,0,,
0P00020C3Q.BO,Mirae Asset Nifty Metal ETF FOF,10,,,,,0,,
0P00020C3S.BO,Mirae Asset Nifty Metal ETF FOF,10,,,,,0,,
0P00020CJJ.BO,Capitalmind Multi Asset Allocation Fund,10,,,,,0,,
0P00020CJK.BO,Capitalmind Multi Asset Allocation Fund,10,,,,,0,,
0P00020CJM.BO,Capitalmind Multi Asset Allocation Fund,10,,,,,0,,
0P00020CJN.BO,Capitalmind Multi Asset Allocation Fund,10,,,,,0,,
0P00020D51.BO,Old Bridge Flexi Cap Fund,10,,,,,0,,
0P00020D52.BO,Old Bridge Flexi Cap Fund,10,,,,,0,,
0P00020D54.BO,Old Bridge Flexi Cap Fund,10,,,,,0,,
0P00020D55.BO,Old Bridge Flexi Cap Fund,10,,,,,0,,
0P00020DHH.BO,Capitalmind Arbitrage Fund,10,,,,,0,,
0P00020DHI.BO,Capitalmind Arbitrage Fund,10,,,,,0,,
0P00020DHK.BO,Capitalmind Arbitrage Fund,10,,,,,0,,
0P00020DHL.BO,Capitalmind Arbitrage Fund,10,,,,,0,,
0P00020GUD.BO,LIC MF Technology Fund,10,,,,,0,,
0P00020GUE.BO,LIC MF Technology Fund,10,,,,,0,,
0P00020GUG.BO,LIC MF Technology Fund,10,,,,,0,,
0P00020GUH.BO,LIC MF Technology Fund,10,,,,,0,,
0P00020HCZ.BO,Motilal Oswal Multi Factor Passive Fund of Funds,10,,,,,0,,
0P00020HD0.BO,Motilal Oswal Multi Factor Passive Fund of Funds,10,,,,,0,,
0P00020HOY.BO,Nippon India CRISIL-IBX Financial Services 9-12 Months Debt Index Fund,10,,,,,0,,
0P00020HOZ.BO,Nippon India CRISIL-IBX Financial Services 9-12 Months Debt Index Fund,10,,,,,0,,
0P00020HP1.BO,Nippon India CRISIL-IBX Financial Services 9-12 Months Debt Index Fund,10,,,,,0,,
0P00020HP2.BO,Nippon India CRISIL-IBX Financial Services 9-12 Months Debt Index Fund,10,,,,,0,,
0P00020HR5.BO,Canara Robeco Banking and Financial Services Fund,10,,,,,0,,
0P00020HR6.BO,Canara Robeco Banking and Financial Services Fund,10,,,,,0,,
0P00020HR8.BO,Canara Robeco Banking and Financial Services Fund,10,,,,,0,,
0P00020HR9.BO,Canara Robeco Banking and Financial Services Fund,10,,,,,0,,
0P00020I30.BO,HDFC INCOME PLUS ARBITRAGE OMNI FOF,10,,,,,0,,
0P00020I31.BO,HDFC INCOME PLUS ARBITRAGE OMNI FOF,10,,,,,0,,
0P00020I33.BO,HDFC INCOME PLUS ARBITRAGE OMNI FOF,10,,,,,0,,
0P00020I34.BO,HDFC INCOME PLUS ARBITRAGE OMNI FOF,10,,,,,0,,
0P00020IJR.BO,ICICI Prudential Diversified Equity All Cap Active FOF,10,,,,,0,,
0P00020IJS.BO,ICICI Prudential Diversified Equity All Cap Active FOF,10,,,,,0,,
0P00020IKW.BO,Helios Arbitrage Fund,10,,,,,0,,
0P00020IKX.BO,Helios Arbitrage Fund,10,,,,,0,,
0P00020IL0.BO,Helios Arbitrage Fund,10,,,,,0,,
0P00020IL1.BO,Helios Arbitrage Fund,10,,,,,0,,
0P00020ITP.BO,Kotak Multi Factor Passive FOF,10,,,,,0,,
0P00020ITQ.BO,Kotak Multi Factor Passive FOF,10,,,,,0,,
0P00021CLB.BO,The Wealth Company Small Cap Fund,10,,,,,0,,
0P00021CLC.BO,The Wealth Company Small Cap Fund,10,,,,,0,,
0P00021CLE.BO,The Wealth Company Small Cap Fund,10,,,,,0,,
0P00021CLF.BO,The Wealth Company Small Cap Fund,10,,,,,0,,
0P00021CLX.BO,Nippon India CRISIL-IBX Financial Services 3-6 Months Debt Index Fund,10,,,,,0,,
0P00021CLY.BO,Nippon India CRISIL-IBX Financial Services 3-6 Months Debt Index Fund,10,,,,,0,,
0P00021CM0.BO,Nippon India CRISIL-IBX Financial Services 3-6 Months Debt Index Fund,10,,,,,0,,
0P00021CM1.BO,Nippon India CRISIL-IBX Financial Services 3-6 Months Debt Index Fund,10,,,,,0,,
0P00021FSY.BO,Mirae Asset Silver ETF FOF,10,,,,,0,,
0P00021FSZ.BO,Mirae Asset Silver ETF FOF,10,,,,,0,,
0P00021FT0.BO,Mirae Asset Silver ETF FOF,10,,,,,0,,
0P00021FT3.BO,Mirae Asset Silver ETF FOF,10,,,,,0,,
0P00021FUS.BO,Kotak Quality Overseas Equity Active FOF,10,,,,,0,,
0P00021FUU.BO,Kotak Quality Overseas Equity Active FOF,10,,,,,0,,
0P00021FUX.BO,Kotak Quality Overseas Equity Active FOF,10,,,,,0,,
0P00021FUZ.BO,Kotak Quality Overseas Equity Active FOF,10,,,,,0,,
0P0002C907.BO,Choice Nifty Next 50 Index Fund,10,,,,,0,,
0P0002C908.BO,Choice Nifty 50 Index Fund,10,,,,,0,,
0P0002C90A.BO,Choice Nifty 50 Index Fund,10,,,,,0,,
0P0002C90B.BO,Choice Nifty Next 50 Index Fund,10,,,,,0,,
0P0002C943.BO,Zerodha Nifty MidSmallcap400 50:50 Index Fund,10,,,,,0,,
0P0002C945.BO,JioBlackRock Large Cap Fund,10,,,,,0,,
0P0002C946.BO,JioBlackRock Large Cap Fund,10,,,,,0,,
0P0002CA34.BO,Edelweiss Nifty LargeMidcap250 Plus 8-13yr G-Sec 70:30 Index Fund,10,,,,,0,,
0P0002CA36.BO,Edelweiss Nifty LargeMidcap250 Plus 8-13yr G-Sec 70:30 Index Fund,10,,,,,0,,
0P0002CA37.BO,Edelweiss Nifty LargeMidcap250 Plus 8-13yr G-Sec 70:30 Index Fund,10,,,,,0,,
0P0002CA3D.BO,Edelweiss Nifty LargeMidcap250 Plus 8-13yr G-Sec 70:30 Index Fund,10,,,,,0,,
0P0002CA3E.BO,Edelweiss Nifty LargeMidcap250 Plus 8-13yr G-Sec 70:30 Index Fund,10,,,,,0,,
0P0002CA3F.BO,Edelweiss Nifty LargeMidcap250 Plus 8-13yr G-Sec 70:30 Index Fund,10,,,,,0,,
0P0002CBYU.BO,HDFC CRISIL-IBX Financial Services 9-12 Months Debt Index Fund,10,,,,,0,,
0P0002CBYW.BO,HDFC CRISIL-IBX Financial Services 9-12 Months Debt Index Fund,10,,,,,0,,
0P0002CC2A.BO,HSBC Gold ETF Fund of Fund,10,,,,,0,,
0P0002CC2B.BO,HSBC Gold ETF Fund of Fund,10,,,,,0,,
0P0002CC2D.BO,HSBC Gold ETF Fund of Fund,10,,,,,0,,
0P0002CC2E.BO,HSBC Gold ETF Fund of Fund,10,,,,,0,,
0P0002D13H.BO,Kotak Multi Asset Active FOF,10,,,,,0,,
0P0002D13J.BO,Kotak Multi Asset Active FOF,10,,,,,0,,
0P0002D13K.BO,Kotak Multi Asset Active FOF,10,,,,,0,,
0P0002D13N.BO,Kotak Multi Asset Active FOF,10,,,,,0,,
0P0002D4S1.BO,Zerodha Nifty LargeMidcap250 Plus 8-13 Yr G-Sec 70:30 Index Fund,10,,,,,0,,
0P0002DNBG.BO,Groww Arbitrage Fund,10,,,,,0,,
0P0002DNBH.BO,Groww Arbitrage Fund,10,,,,,0,,
0P0002DNBJ.BO,Groww Arbitrage Fund,10,,,,,0,,
0P0002DNBK.BO,Groww Arbitrage Fund,10,,,,,0,,
0P0002EFUJ.BO,SBI CRISIL-IBX Financial Services 9-12 Months Debt Index Fund,10,,,,,0,,
0P0002EFUK.BO,SBI CRISIL-IBX Financial Services 9-12 Months Debt Index Fund,10,,,,,0,,
0P0002EFUN.BO,SBI CRISIL-IBX Financial Services 9-12 Months Debt Index Fund,10,,,,,0,,
0P0002EFUO.BO,SBI CRISIL-IBX Financial Services 9-12 Months Debt Index Fund,10,,,,,0,,
0P0002EFUR.BO,SBI CRISIL-IBX Financial Services 3-6 Months Debt Index Fund,10,,,,,0,,
0P0002EFUT.BO,SBI CRISIL-IBX Financial Services 3-6 Months Debt Index Fund,10,,,,,0,,
0P0002EFUW.BO,SBI CRISIL-IBX Financial Services 3-6 Months Debt Index Fund,10,,,,,0,,
0P0002EFUX.BO,SBI CRISIL-IBX Financial Services 3-6 Months Debt Index Fund,10,,,,,0,,
0P0002EYUO.BO,Motilal Oswal Contra Fund,10,,,,,0,,
0P0002EYUP.BO,Motilal Oswal Contra Fund,10,,,,,0,,
0P0002EYUR.BO,Motilal Oswal Contra Fund,10,,,,,0,,
0P0002EYUS.BO,Motilal Oswal Contra Fund,10,,,,,0,,
0P0002PKTX.BO,HDFC GOLD SILVER PASSIVE FOF,10,,,,,0,,
0P0002PKTY.BO,HDFC GOLD SILVER PASSIVE FOF,10,,,,,0,,
0P0002PNT4.BO,SBI CRISIL-IBX 10:90 Gilt + SDL Index - Dec 2029 Index Fund,10,,,,,0,,
0P0002PNT9.BO,SBI CRISIL-IBX 10:90 Gilt + SDL Index - Dec 2029 Index Fund,10,,,,,0,,
0P0002PNTD.BO,SBI Nifty G-sec Jul 2031 Index Fund,10,,,,,0,,
0P0002PNTE.BO,SBI Nifty G-sec Jul 2031 Index Fund,10,,,,,0,,
0P0002PNTH.BO,SBI Nifty G-sec Jul 2031 Index Fund,10,,,,,0,,
0P0002PNTI.BO,SBI Nifty G-sec Jul 2031 Index Fund,10,,,,,0,,
0P0002PNTL.BO,SBI CRISIL-IBX 10:90 Gilt + SDL Index - Dec 2029 Index Fund,10,,,,,0,,
0P0002PNUE.BO,Motilal Oswal BSE Midcap 150 Momentum 30 Index Fund,10,,,,,0,,
0P0002PNUG.BO,Motilal Oswal BSE Midcap 150 Momentum 30 Index Fund,10,,,,,0,,
0P0002PNUI.BO,Motilal Oswal BSE Clean Environment Index Fund,10,,,,,0,,
0P0002PUGA.BO,Motilal Oswal BSE Clean Environment Index Fund,10,,,,,0,,
0P00034BCT.BO,The Wealth Company Large & Mid Cap Fund,10,,,,,0,,
0P00034BCU.BO,The Wealth Company Large & Mid Cap Fund,10,,,,,0,,
0P00034BCW.BO,The Wealth Company Large & Mid Cap Fund,10,,,,,0,,
0P00034BCX.BO,The Wealth Company Large & Mid Cap Fund,10,,,,,0,,
0P00035GEG.BO,Kotak Nifty Alpha Low Volatility 30 Index Fund,10,,,,,0,,
0P00035GEH.BO,Kotak Nifty Alpha Low Volatility 30 Index Fund,10,,,,,0,,
0P00035GEJ.BO,Kotak Nifty Alpha Low Volatility 30 Index Fund,10,,,,,0,,
0P00035GEK.BO,Kotak Nifty Alpha Low Volatility 30 Index Fund,10,,,,,0,,
0P00035HDK.BO,WhiteOak Capital Aggressive Hybrid Fund,10,,,,,0,,
0P00035HDL.BO,WhiteOak Capital Aggressive Hybrid Fund,10,,,,,0,,
0P00035UCN.BO,JM Multi Asset Allocation Fund,10,,,,,0,,
0P00035UCO.BO,JM Multi Asset Allocation Fund,10,,,,,0,,
0P00035UCQ.BO,JM Multi Asset Allocation Fund,10,,,,,0,,
0P00035UCR.BO,JM Multi Asset Allocation Fund,10,,,,,0,,
0P00035UCT.BO,ICICI Prudential Balanced Hybrid Fund,10,,,,,0,,
0P00035UCU.BO,ICICI Prudential Balanced Hybrid Fund,10,,,,,0,,
0P00035UCW.BO,ICICI Prudential Balanced Hybrid Fund,10,,,,,0,,
0P00035UCX.BO,ICICI Prudential Balanced Hybrid Fund,10,,,,,0,,
0P00035VVZ.BO,Tata Multi Sector Passive FOF,10,,,,,0,,
0P00035VW0.BO,Tata Multi Sector Passive FOF,10,,,,,0,,
0P00035VW2.BO,Tata Multi Sector Passive FOF,10,,,,,0,,
0P00035VW3.BO,Tata Multi Sector Passive FOF,10,,,,,0,,
0P00035VW5.BO,AlphaGrep Multi Asset Allocation Fund,10,,,,,0,,
0P00035VW6.BO,AlphaGrep Multi Asset Allocation Fund,10,,,,,0,,
0P00035VW8.BO,AlphaGrep Multi Asset Allocation Fund,10,,,,,0,,
0P00035VW9.BO,AlphaGrep Multi Asset Allocation Fund,10,,,,,0,,
0P00035W6B.BO,TRUSTMF LARGE & MIDCAP FUND,10,,,,,0,,
0P00035W6C.BO,TRUSTMF LARGE & MIDCAP FUND,10,,,,,0,,
0P00035XNA.BO,ICICI Prudential Multi-Asset Active FOF,10,,,,,0,,
0P00035XNB.BO,ICICI Prudential Multi-Asset Active FOF,10,,,,,0,,
0P00035ZTS.BO,Mirae Asset BSE Midcap 150 Momentum 30 ETF FOF,10,,,,,0,,
0P00035ZTU.BO,Mirae Asset BSE Midcap 150 Momentum 30 ETF FOF,10,,,,,0,,
0P0003603V.BO,Abakkus Large & Mid Cap Fund,10,,,,,0,,
0P0003603W.BO,Abakkus Large & Mid Cap Fund,10,,,,,0,,
0P0003603X.BO,Baroda BNP Paribas Services Fund,10,,,,,0,,
0P0003603Y.BO,Baroda BNP Paribas Services Fund,10,,,,,0,,
0P00036040.BO,Baroda BNP Paribas Services Fund,10,,,,,0,,
0P00036042.BO,Baroda BNP Paribas Services Fund,10,,,,,0,,
0P00036044.BO,The Wealth Company Mid Cap Fund,10,,,,,0,,
0P00036045.BO,The Wealth Company Mid Cap Fund,10,,,,,0,,
0P00036047.BO,The Wealth Company Mid Cap Fund,10,,,,,0,,
0P00036048.BO,The Wealth Company Mid Cap Fund,10,,,,,0,,
0P00036A1O.BO,AlphaGrep Flexi Cap Fund,10,,,,,0,,
0P00036A1Q.BO,AlphaGrep Flexi Cap Fund,10,,,,,0,,
0P00036A1R.BO,AlphaGrep Flexi Cap Fund,10,,,,,0,,
0P00036A1T.BO,Quantum Flexi Cap Fund,10,,,,,0,,
0P00036A1U.BO,Quantum Flexi Cap Fund,10,,,,,0,,
0P00036A1V.BO,AlphaGrep Flexi Cap Fund,10,,,,,0,,
0P00036CPI.BO,SBI Nifty Midcap 150 Momentum 50 ETF FOF,10,,,,,0,,
0P00036CPJ.BO,SBI Nifty Midcap 150 Momentum 50 ETF FOF,10,,,,,0,,
0P00036CPM.BO,SBI Nifty Midcap 150 Momentum 50 ETF FOF,10,,,,,0,,
0P00036CPN.BO,SBI Nifty Midcap 150 Momentum 50 ETF FOF,10,,,,,0,,
0P00036CWW.BO,HDFC Nifty Metal ETF FOF,10,,,,,0,,
0P00036CWX.BO,HDFC Nifty Metal ETF FOF,10,,,,,0,,
0P00036QDD.BO,Kotak Corporate Bond Fund,10,,,,,0,,
0P00036QNL.BO,ITI Multi Asset Allocation Fund,10,,,,,0,,
0P00036QNM.BO,ITI Multi Asset Allocation Fund,10,,,,,0,,
0P00036QNO.BO,ITI Multi Asset Allocation Fund,10,,,,,0,,
0P00036QNP.BO,ITI Multi Asset Allocation Fund,10,,,,,0,,
0P00036T6I.BO,WhiteOak Capital Dividend Yield Fund,10,,,,,0,,
0P00036T6J.BO,WhiteOak Capital Dividend Yield Fund,10,,,,,0,,
0P00036T6L.BO,WhiteOak Capital Dividend Yield Fund,10,,,,,0,,
0P00036T6M.BO,WhiteOak Capital Dividend Yield Fund,10,,,,,0,,
0P00036TOJ.BO,ALPHAGREP LIQUID OMNI FOF,10,,,,,0,,
0P00036TOK.BO,ALPHAGREP LIQUID OMNI FOF,10,,,,,0,,
0P00036TOM.BO,ALPHAGREP LIQUID OMNI FOF,10,,,,,0,,
0P00036TON.BO,ALPHAGREP LIQUID OMNI FOF,10,,,,,0,,
0P00036TOP.BO,Kotak Diversified Equity All Cap Omni FOF,10,,,,,0,,
0P00036TOQ.BO,Kotak Diversified Equity All Cap Omni FOF,10,,,,,0,,
0P00036TOS.BO,Kotak Diversified Equity All Cap Omni FOF,10,,,,,0,,
0P00036TOT.BO,Kotak Diversified Equity All Cap Omni FOF,10,,,,,0,,
0P00036U5A.BO,Bandhan Contra Fund,10,,,,,0,,
0P00036U5B.BO,Bandhan Contra Fund,10,,,,,0,,
0P00036U5E.BO,Bandhan Contra Fund,10,,,,,0,,
0P00036U5F.BO,Bandhan Contra Fund,10,,,,,0,,
0P00036UFY.BO,Invesco India Pharma and Healthcare Fund,10,,,,,0,,
0P00036UFZ.BO,Invesco India Pharma and Healthcare Fund,10,,,,,0,,
0P00036UG1.BO,Invesco India Pharma and Healthcare Fund,10,,,,,0,,
0P00036UG2.BO,Invesco India Pharma and Healthcare Fund,10,,,,,0,,
0P00036UM0.BO,Kotak Liquid Fund,10,,,,,0,,
0P00036UM1.BO,Kotak Liquid Fund,10,,,,,0,,
0P00036UOO.BO,Kotak Corporate Bond Fund,10,,,,,0,,
0P00036UYG.BO,SBI Balanced Hybrid Fund,10,,,,,0,,
0P00036UYH.BO,SBI Balanced Hybrid Fund,10,,,,,0,,
0P00036UYN.BO,SBI Balanced Hybrid Fund,10,,,,,0,,
0P00036UYO.BO,SBI Balanced Hybrid Fund,10,,,,,0,,
0P00036UYU.BO,Zerodha Arbitrage Fund,10,,,,,0,,
0P00036V7O.BO,ASK Liquid Fund,10,,,,,0,,
0P00036V7Q.BO,ASK Liquid Fund,10,,,,,0,,
0P00036V7R.BO,ASK Liquid Fund,10,,,,,0,,
0P00036V7V.BO,ASK Liquid Fund,10,,,,,0,,
0P00036V7X.BO,ASK Liquid Fund,10,,,,,0,,
0P00036V7Z.BO,ASK Liquid Fund,10,,,,,0,,
0P00036WX5.BO,UTI Balanced Hybrid Fund,10,,,,,0,,
0P00036WX6.BO,UTI Balanced Hybrid Fund,10,,,,,0,,
0P00036WX7.BO,UTI Balanced Hybrid Fund,10,,,,,0,,
0P00036X8V.BO,quant Income Plus Arbitrage Active FOF,10,,,,,0,,
0P00036X8W.BO,quant Income Plus Arbitrage Active FOF,10,,,,,0,,
0P00036X8Y.BO,quant Income Plus Arbitrage Active FOF,10,,,,,0,,
0P00036X8Z.BO,quant Income Plus Arbitrage Active FOF,10,,,,,0,,
0P00036X91.BO,Nippon India Income Plus Arbitrage Omni Fund of Fund,10,,,,,0,,
0P00036X92.BO,Nippon India Income Plus Arbitrage Omni Fund of Fund,10,,,,,0,,
0P00036X94.BO,Nippon India Income Plus Arbitrage Omni Fund of Fund,10,,,,,0,,
0P00036X95.BO,Nippon India Income Plus Arbitrage Omni Fund of Fund,10,,,,,0,,
0P00036YI2.BO,The Wealth Company Multi Cap Fund,10,,,,,0,,
0P00036YI3.BO,The Wealth Company Multi Cap Fund,10,,,,,0,,
0P00036YI5.BO,The Wealth Company Multi Cap Fund,10,,,,,0,,
0P00036YI6.BO,The Wealth Company Multi Cap Fund,10,,,,,0,,
0P00037G0C.BO,JioBlackRock Liquid Fund,10,,,,,0,,
0P0005MXOT.BO,Helios Balanced Advantage Fund,10,,,,,0,,
11AGG.BO,Nippon India Aggressive Hybrid Fund (Existing Number of Segregated Portfolios - 2),10,,,,,0,,
11AMD.BO,Nippon India Aggressive Hybrid Fund (Existing Number of Segregated Portfolios - 2),10,,,,,0,,
11DPD.BO,Nippon India Aggressive Hybrid Fund (Existing Number of Segregated Portfolios - 2),10,,,,,0,,
11GPG.BO,Nippon India Aggressive Hybrid Fund (Existing Number of Segregated Portfolios - 2),10,,,,,0,,
11MPD.BO,Nippon India Aggressive Hybrid Fund (Existing Number of Segregated Portfolios - 2),10,,,,,0,,
11QPD.BO,Nippon India Aggressive Hybrid Fund (Existing Number of Segregated Portfolios - 2),10,,,,,0,,
ALPHA.NS,Kotak Nifty Alpha 50 ETF,10,,,,,0,,0.0
ALPL30IETF.NS,ICICI Prudential Nifty Alpha Low- Volatility 30 ETF,10,,,,,0,,0.0
AONEGOLD.NS,ANGEL ONE GOLD ETF,10,,,,,0,,
AONELIQUID.NS,ANGEL ONE NIFTY 1D RATE LIQUID ETF - GROWTH,10,,,,,0,,
AONENIFTY.NS,ANGEL ONE NIFTY 50 ETF,10,,,,,0,,
AONESILVER.NS,ANGEL ONE SILVER ETF,10,,,,,0,,
AONETMMQ50.NS,ANGEL ONE NIFTY TOTAL MARKET MOMENTUM QUALITY 50 ETF,10,,,,,0,,
AONETOTAL.NS,ANGEL ONE NIFTY TOTAL MARKET ETF,10,,,,,0,,0.0
AUTOBEES.NS,Nippon India Nifty Auto ETF,10,,,,,0,,0.0
BANK10ADD.NS,DSP BSE Top 10 Banks ETF,10,,,,,0,,
BANKADD.NS,DSP Nifty Bank ETF,10,,,,,0,,0.0
BANKBETF.NS,Bajaj Finserv Nifty Bank ETF,10,,,,,0,,0.0
BANKNIFTY1.NS,Kotak Nifty Bank ETF,10,,0.0,,,0,,0.0
BBETF0432.NS,BHARAT Bond ETF - April 2032,10,,,,,0,,0.0
BBNPNBETF.NS,Baroda BNP Paribas Nifty Bank ETF,10,,,,,0,,0.0
CASHIETF.NS,ICICI Prudential BSE Liquid Rate ETF - Growth,10,,,,,0,,
CHEMICAL.NS,Kotak Nifty Chemicals ETF,10,,,,,0,,
CHOICEGOLD.NS,Choice Gold ETF,10,,,,,0,,
CONS.NS,Kotak Nifty India Consumption ETF,10,,,,,0,,0.0
CONSUMBEES.NS,Nippon India ETF Nifty India Consumption,10,,0.0,,,0,,0.0
DIVOPPBEES.NS,Nippon India ETF Nifty Dividend Opportunities 50,10,,,,,0,,0.0
EBANKNIFTY.NS,Edelweiss Nifty Bank ETF,10,,,,,0,,0.0
ECAPINSURE.BO,Edelweiss BSE Capital Markets & Insurance ETF,10,,,,,0,,
EGOLD.NS,Edelweiss Gold ETF,10,,,,,0,,0.0
ELIQUID.NS,Edelweiss Nifty 1D Rate Liquid ETF - Growth,10,,,,,0,,
ELM250.NS,Edelweiss Nifty LargeMidcap 250 ETF,10,,,,,0,,
EMULTIMQ.NS,Edelweiss Nifty500 Multicap Momentum Quality 50 ETF,10,,,,,0,,0.0
ENEXT50.NS,Edelweiss Nifty Next 50 ETF,10,,,,,0,,
ENIFTY.NS,Edelweiss Nifty 50 ETF,10,,,,,0,,
ESENSEX.NS,Edelweiss BSE Sensex ETF,10,,,,,0,,
ESILVER.NS,Edelweiss Silver ETF,10,,,,,0,,0.0
EVIETF.NS,ICICI Prudential Nifty EV & New Age Automotive ETF,10,,,,,0,,
FINIETF.NS,ICICI Prudential Nifty Financial Services Ex-Bank ETF,10,,,,,0,,0.0
FLEXIADD.NS,DSP Nifty500 Flexicap Quality 30 ETF,10,,,,,0,,
FMCGADD.NS,DSP Nifty FMCG ETF,10,,,,,0,,
FMCGIETF.NS,ICICI Prudential Nifty FMCG ETF,10,,,,,0,,0.0
GILT5YBEES.NS,Nippon India ETF Nifty 5 yr Benchmark G-Sec,10,,,,,0,,0.0
GOLDBND.NS,Bandhan Gold ETF,10,,,,,0,,
GOLDCASE.NS,Zerodha Gold ETF,10,,,,,0,,0.0
GSEC10ABSL.NS,Aditya Birla Sun Life Crisil 10 year Gilt ETF,10,,,,,0,,0.0
GSEC10IETF.NS,ICICI Prudential Nifty 10 yr Benchmark G-sec ETF,10,,,,,0,,0.0
GSEC5IETF.NS,ICICI Prudential Nifty 5 yr Benchmark G-SEC ETF,10,,,,,0,,0.0
HDFCBSE500.NS,HDFC BSE 500 ETF,10,,,,,0,,0.0
HDFCGROWTH.NS,HDFC NIFTY GROWTH SECTORS 15 ETF,10,,,,,0,,0.0
HDFCPVTBAN.NS,HDFC NIFTY Private Bank ETF,10,,,,,0,,0.0
HDFCQUAL.NS,HDFC NIFTY100 QUALITY 30 ETF,10,,,,,0,,0.0
HDFCSML250.NS,HDFC NIFTY Smallcap 250 ETF,10,,,,,0,,0.0
HDFCVALUE.NS,HDFC NIFTY50 VALUE 20 ETF,10,,,,,0,,0.0
HSBCGOLD.NS,HSBC Gold ETF,10,,,,,0,,
IDFNIFTYET.NS,BANDHAN Nifty 50 ETF,10,,0.0,,,0,,0.0
IDFSENSEXE.BO,BANDHAN BSE Sensex ETF,10,,,,,0,,0.0
INFRABEES.NS,Nippon India ETF Nifty Infrastructure BeES,10,,0.0,,,0,,0.0
IT.NS,Kotak Nifty IT ETF,10,,,,,0,,0.0
ITBEES.NS,Nippon India ETF Nifty IT,10,,,,,0,,0.0
LICNETFGSC.NS,LIC MF Nifty 8-13 yr G-Sec ETF,10,,0.0,,,0,,0.0
LIQGRWBEES.NS,Nippon India Nifty 1D Rate Liquid ETF- Growth,10,,,,,0,,
LIQUID1.NS,Kotak Nifty 1D Rate Liquid ETF,10,,,,,0,,0.0
LIQUIDADD.NS,DSP BSE Liquid Rate ETF,10,,,,,0,,0.0
LIQUIDCASE.NS,Zerodha Nifty 1D Rate Liquid ETF,10,,,,,0,,0.0
LOWVOL1.NS,Kotak Nifty 100 Low Volatility 30 ETF,10,,,,,0,,0.0
LTGILTBEES.NS,Nippon India ETF Nifty 8-13 yr G-Sec Long Term Gilt,10,,,,,0,,0.0
LTGILTCASE.NS,Zerodha Nifty 8-13 Yr G-Sec ETF,10,,,,,0,,
MANUFGBEES.NS,Nippon India Nifty India Manufacturing ETF,10,,,,,0,,
METALIETF.NS,ICICI Prudential Nifty Metal ETF,10,,,,,0,,0.0
MID150.NS,Kotak Nifty Midcap 150 ETF,10,,,,,0,,
MID150BEES.NS,Nippon India ETF Nifty Midcap 150,10,,,,,0,,
MID150CASE.NS,Zerodha Nifty Midcap 150 ETF,10,,,,,0,,0.0
MIDCAP.NS,Kotak Nifty Midcap 50 ETF,10,,,,,0,,0.0
MIDCAPADD.NS,DSP Nifty Midcap 150 ETF,10,,,,,0,,
MIDCAPIETF.NS,ICICI Prudential Nifty Midcap 150 ETF,10,,,,,0,,0.0
MIDSELIETF.NS,ICICI Prudential BSE Midcap Select ETF,10,,,,,0,,0.0
MNC.NS,Kotak Nifty MNC ETF,10,,,,,0,,0.0
MOALPHA50.NS,Motilal Oswal Nifty Alpha 50 ETF,10,,,,,0,,
MOBANK10.NS,Motilal Oswal BSE Top 10 Banks ETF,10,,,,,0,,
MOCAPITAL.NS,Motilal Oswal Nifty Capital Market ETF,10,,,,,0,,
MODEFENCE.NS,Motilal Oswal Nifty India Defence ETF,10,,,,,0,,0.0
MOENERGY.NS,Motilal Oswal Nifty Energy ETF,10,,,,,0,,
MOGOLD.NS,Motilal Oswal Gold ETF,10,,,,,0,,
MOINFRA.NS,Motilal Oswal BSE India Infrastructure ETF,10,,,,,0,,
MOIPO.NS,Motilal Oswal BSE Select IPO ETF,10,,,,,0,,
MOM100.NS,Motilal Oswal Nifty Midcap 100 ETF,10,,0.0,,,0,,0.0
MOM30IETF.NS,ICICI Prudential Nifty 200 Momentum 30 ETF,10,,,,,0,,0.0
MOMENTUM.NS,Aditya Birla Sun Life Nifty 200 Momentum 30 ETF,10,,,,,0,,0.0
MOMENTUM30.NS,Kotak Nifty 200 Momentum 30 ETF,10,,,,,0,,
MOMENTUM50.NS,Motilal Oswal Nifty 500 Momentum 50 ETF,10,,,,,0,,0.0
MOMGF.NS,Motilal Oswal Nifty India Manufacturing ETF,10,,,,,0,,
MOMIDMTM.NS,Motilal Oswal Nifty Midcap 150 Momentum 50 ETF,10,,,,,0,,
MOMNC.NS,Motilal Oswal Nifty MNC ETF,10,,,,,0,,
MOMOMENTUM.NS,Motilal Oswal Nifty 200 Momentum 30 ETF,10,,,,,0,,0.0
MON100.NS,Motilal Oswal Nasdaq 100 ETF,10,,0.0,,,0,,0.0
MON50EQUAL.NS,Motilal Oswal Nifty 50 Equal Weight ETF,10,,,,,0,,
MONEXT50.NS,Motilal Oswal Nifty Next 50 ETF,10,,,,,0,,
MONIFTY100.NS,Motilal Oswal Nifty 100 ETF,10,,,,,0,,
MONIFTY500.NS,Motilal Oswal Nifty 500 ETF,10,,,,,0,,0.0
MONQ50.NS,Motilal Oswal Nasdaq Q50 ETF,10,,,,,0,,0.0
MOPSE.NS,Motilal Oswal Nifty PSE ETF,10,,,,,0,,
MOREALTY.NS,Motilal Oswal Nifty Realty ETF,10,,,,,0,,0.0
MOSERVICE.NS,Motilal Oswal Nifty Services Sector ETF,10,,,,,0,,
MOSILVER.NS,Motilal Oswal Silver ETF,10,,,,,0,,
MOSMALL250.NS,Motilal Oswal Nifty Smallcap 250 ETF,10,,,,,0,,0.0
MOTOUR.NS,Motilal Oswal Nifty India Tourism ETF,10,,,,,0,,
MSCIADD.NS,DSP MSCI INDIA ETF,10,,,,,0,,
MSCIINDIA.NS,Kotak MSCI India ETF,10,,,,,0,,0.0
NETF.NS,Tata Nifty 50 Exchange Traded Fund,10,,,,,0,,0.0
NEXT30ADD.NS,DSP BSE SENSEX Next 30 ETF,10,,,,,0,,0.0
NEXT50ADD.NS,DSP Nifty Next 50 ETF,10,,,,,0,,
NEXT50ETF.NS,Kotak Nifty Next 50 ETF,10,,,,,0,,
NIF100BEES.NS,Nippon India ETF Nifty 100,10,,,,,0,,
NIF100IETF.NS,ICICI Prudential Nifty 100 ETF,10,,0.0,,,0,,0.0
NIFTY100EW.NS,Kotak Nifty 100 Equal Weight ETF,10,,,,,0,,
NIFTYBEES.NS,Nippon India ETF Nifty 50 BeES,10,,0.0,,,0,,0.0
NIFTYBETF.NS,Bajaj Finserv Nifty 50 ETF,10,,,,,0,,0.0
NIFTYCASE.NS,Zerodha Nifty 50 ETF,10,,,,,0,,
NIFTYIETF.NS,ICICI Prudential Nifty 50 ETF,10,,,,,0,,
NPBET.NS,Tata Nifty Private Bank Exchange Traded Fund,10,,,,,0,,0.0
NV20BEES.NS,Nippon India ETF Nifty 50 Value 20,10,,0.0,,,0,,0.0
OILIETF.NS,ICICI Prudential Nifty Oil & Gas ETF,10,,,,,0,,0.0
PHARMABEES.NS,Nippon India Nifty Pharma ETF,10,,,,,0,,0.0
PSUBANKADD.NS,DSP Nifty PSU Bank ETF,10,,,,,0,,0.0
PSUBNKBEES.NS,Nippon India ETF Nifty PSU Bank BeES,10,,0.0,,,0,,0.0
PVTBANKADD.NS,DSP Nifty Private Bank ETF,10,,,,,0,,0.0
QNIFTY.NS,Quantum Nifty 50 ETF,10,,0.0,,,0,,0.0
QUAL30IETF.NS,ICICI Prudential Nifty 200 Quality 30 ETF,10,,,,,0,,0.0
QUALITY30.NS,Kotak Nifty200 Quality 30 ETF,10,,,,,0,,
SBIBPB.NS,SBI BSE PSU BANK ETF,10,,,,,0,,
SBIETFCON.NS,SBI Nifty Consumption ETF,10,,,,,0,,0.0
SBIETFIT.NS,SBI Nifty IT ETF,10,,,,,0,,0.0
SBIETFPB.NS,SBI Nifty Private Bank ETF,10,,,,,0,,0.0
SBIETFQLTY.NS,SBI Nifty 200 Quality 30 ETF,10,,,,,0,,0.0
SBILIQETF.NS,SBI NIFTY 1D Rate Liquid ETF - Growth,10,,,,,0,,
SBIMIDMOM.NS,SBI Nifty Midcap 150 Momentum 50 ETF,10,,,,,0,,
SBINEQWETF.NS,SBI Nifty50 Equal Weight ETF,10,,,,,0,,0.0
SBINMID150.NS,SBI Nifty Midcap 150 ETF,10,,,,,0,,
SBISENSEX.BO,SBI BSE SENSEX ETF,10,,,,,0,,0.0
SBISILVER.NS,SBI Silver ETF,10,,,,,0,,0.0
SBISMLETF.NS,SBI Nifty Smallcap 250 ETF,10,,,,,0,,
SBIVALETF.NS,SBI Nifty200 Value 30 ETF,10,,,,,0,,
SENSEX1.BO,Kotak BSE Sensex ETF,10,,0.0,,,0,,0.0
SENSEXADD.NS,DSP BSE Sensex ETF,10,,,,,0,,0.0
SENSEXBEES.BO,Nippon India ETF BSE Sensex,10,,0.0,,,0,,0.0
SETF10GILT.NS,SBI Nifty 10 yr Benchmark G-Sec ETF,10,,0.0,,,0,,0.0
SETFBSE100.BO,SBI BSE 100 ETF,10,,,,,0,,0.0
SETFNIF50.NS,SBI Nifty 50 ETF,10,,-0.05945454545454546,0.030303030303030318,299.99999999999994,1,,0.0
SETFNIFBK.NS,SBI Nifty Bank ETF,10,,0.0,,,0,,0.0
SETFNN50.NS,SBI Nifty Next 50 ETF,10,,0.0,,,0,,0.0
SETFSN50.BO,SBI BSE Sensex Next 50 ETF,10,,,,,0,,0.0
SHARIABEES.NS,Nippon India ETF Nifty 50 Shariah BeES,10,,0.0,,,0,,0.0
SILVER1.NS,Kotak Silver ETF,10,,,,,0,,0.0
SILVERBEES.NS,Nippon India Silver ETF,10,,,,,0,,0.0
SILVERBND.NS,Bandhan Silver ETF,10,,,,,0,,
SILVERCASE.NS,Zerodha Silver ETF,10,,,,,0,,0.0
SILVERIETF.NS,ICICI PRUDENTIAL SILVER ETF,10,,,,,0,,0.0
SMALLADD.NS,DSP Nifty Smallcap 250 ETF,10,,,,,0,,
SMALLIETF.NS,ICICI Prudential Nifty Smallcap 250 ETF,10,,,,,0,,
SML100CASE.NS,Zerodha Nifty Smallcap 100 ETF,10,,,,,0,,
SNXT30BEES.NS,Nippon India BSE Sensex Next 30 ETF,10,,,,,0,,
SNXT50BEES.BO,Nippon India ETF BSE Sensex Next 50,10,,,,,0,,0.0
TATAGOLD.NS,Tata Gold Exchange Traded Fund,10,,,,,0,,0.0
TATSILV.NS,Tata Silver Exchange Traded Fund,10,,,,,0,,0.0
TNIDETF.NS,Tata Nifty India Digital Exchange Traded Fund,10,,,,,0,,0.0
TOP100CASE.NS,Zerodha Nifty 100 ETF,10,,,,,0,,0.0
TOP10ADD.NS,DSP Nifty Top 10 Equal Weight ETF,10,,,,,0,,0.0
TOP15IETF.NS,ICICI Prudential Nifty Top 15 Equal Weight ETF,10,,,,,0,,
TWCGOLDETF.NS,The Wealth Company Gold ETF,10,,,,,0,,
UNIONGOLD.NS,Union Gold ETF,10,,,,,0,,
VAL30IETF.NS,ICICI Prudential Nifty200 Value 30 ETF,10,,,,,0,,0.0
